Time,Policy,Phase,Phase_Elapsed,Queue_NS,Queue_EW,WaitTime_NS,WaitTime_EW,Allowed_Actions,Proposed_Action,Is_Fallback,Fallback_Reason,Final_Executed_Action,Supervisor_Feedback,LLM_Latency_ms,LLM_Explanation,LLM_ReasonCodes
1,fixed-time,0,0,0,0,0.0,0.0,NONE,NONE,False,NONE,FIXED_TIME,NONE,0.0,,
2,fixed-time,0,1,0,0,0.0,0.0,NONE,NONE,False,NONE,FIXED_TIME,NONE,0.0,,
3,fixed-time,0,2,0,0,0.0,0.0,NONE,NONE,False,NONE,FIXED_TIME,NONE,0.0,,
4,fixed-time,0,3,0,0,0.0,0.0,NONE,NONE,False,NONE,FIXED_TIME,NONE,0.0,,
5,fixed-time,0,4,0,0,0.0,0.0,NONE,NONE,False,NONE,FIXED_TIME,NONE,0.0,,
6,fixed-time,0,5,0,0,0.0,0.0,NONE,NONE,False,NONE,FIXED_TIME,NONE,0.0,,
7,fixed-time,0,6,0,0,0.0,0.0,NONE,NONE,False,NONE,FIXED_TIME,NONE,0.0,,
8,fixed-time,0,7,0,0,0.0,0.0,NONE,NONE,False,NONE,FIXED_TIME,NONE,0.0,,
9,fixed-time,0,8,0,0,0.0,0.0,NONE,NONE,False,NONE,FIXED_TIME,NONE,0.0,,
10,fixed-time,0,9,0,0,0.0,0.0,NONE,NONE,False,NONE,FIXED_TIME,NONE,0.0,,
11,fixed-time,0,10,0,1,0.0,1.0,NONE,NONE,False,NONE,FIXED_TIME,NONE,0.0,,
12,fixed-time,0,11,0,2,0.0,3.0,NONE,NONE,False,NONE,FIXED_TIME,NONE,0.0,,
13,fixed-time,0,12,0,2,0.0,5.0,NONE,NONE,False,NONE,FIXED_TIME,NONE,0.0,,
14,fixed-time,0,13,0,2,0.0,7.0,NONE,NONE,False,NONE,FIXED_TIME,NONE,0.0,,
15,fixed-time,0,14,0,2,0.0,9.0,NONE,NONE,False,NONE,FIXED_TIME,NONE,0.0,,
16,fixed-time,0,15,0,2,0.0,11.0,NONE,NONE,False,NONE,FIXED_TIME,NONE,0.0,,
17,fixed-time,0,16,0,2,0.0,13.0,NONE,NONE,False,NONE,FIXED_TIME,NONE,0.0,,
18,fixed-time,0,17,0,3,0.0,16.0,NONE,NONE,False,NONE,FIXED_TIME,NONE,0.0,,
19,fixed-time,0,18,0,4,0.0,20.0,NONE,NONE,False,NONE,FIXED_TIME,NONE,0.0,,
20,fixed-time,0,19,0,4,0.0,24.0,NONE,NONE,False,NONE,FIXED_TIME,NONE,0.0,,
21,fixed-time,0,20,0,4,0.0,28.0,NONE,NONE,False,NONE,FIXED_TIME,NONE,0.0,,
22,fixed-time,0,21,0,4,0.0,32.0,NONE,NONE,False,NONE,FIXED_TIME,NONE,0.0,,
23,fixed-time,0,22,0,4,0.0,36.0,NONE,NONE,False,NONE,FIXED_TIME,NONE,0.0,,
24,fixed-time,0,23,0,6,0.0,42.0,NONE,NONE,False,NONE,FIXED_TIME,NONE,0.0,,
25,fixed-time,0,24,0,6,0.0,48.0,NONE,NONE,False,NONE,FIXED_TIME,NONE,0.0,,
26,fixed-time,0,25,0,6,0.0,54.0,NONE,NONE,False,NONE,FIXED_TIME,NONE,0.0,,
27,fixed-time,0,26,0,6,0.0,60.0,NONE,NONE,False,NONE,FIXED_TIME,NONE,0.0,,
28,fixed-time,0,27,0,7,0.0,67.0,NONE,NONE,False,NONE,FIXED_TIME,NONE,0.0,,
29,fixed-time,0,28,0,8,0.0,75.0,NONE,NONE,False,NONE,FIXED_TIME,NONE,0.0,,
30,fixed-time,0,29,0,8,0.0,83.0,NONE,NONE,False,NONE,FIXED_TIME,NONE,0.0,,
31,fixed-time,1,0,0,8,0.0,91.0,NONE,NONE,False,NONE,FIXED_TIME,NONE,0.0,,
32,fixed-time,1,1,0,8,0.0,99.0,NONE,NONE,False,NONE,FIXED_TIME,NONE,0.0,,
33,fixed-time,1,2,0,8,0.0,107.0,NONE,NONE,False,NONE,FIXED_TIME,NONE,0.0,,
34,fixed-time,2,0,0,8,0.0,115.0,NONE,NONE,False,NONE,FIXED_TIME,NONE,0.0,,
35,fixed-time,2,1,2,9,2.0,124.0,NONE,NONE,False,NONE,FIXED_TIME,NONE,0.0,,
36,fixed-time,3,0,2,8,4.0,83.0,NONE,NONE,False,NONE,FIXED_TIME,NONE,0.0,,
37,fixed-time,3,1,2,6,6.0,52.0,NONE,NONE,False,NONE,FIXED_TIME,NONE,0.0,,
38,fixed-time,3,2,2,4,8.0,28.0,NONE,NONE,False,NONE,FIXED_TIME,NONE,0.0,,
39,fixed-time,3,3,2,2,10.0,9.0,NONE,NONE,False,NONE,FIXED_TIME,NONE,0.0,,
40,fixed-time,3,4,2,0,12.0,0.0,NONE,NONE,False,NONE,FIXED_TIME,NONE,0.0,,
41,fixed-time,3,5,4,0,16.0,0.0,NONE,NONE,False,NONE,FIXED_TIME,NONE,0.0,,
42,fixed-time,3,6,4,0,20.0,0.0,NONE,NONE,False,NONE,FIXED_TIME,NONE,0.0,,
43,fixed-time,3,7,4,0,24.0,0.0,NONE,NONE,False,NONE,FIXED_TIME,NONE,0.0,,
44,fixed-time,3,8,4,0,28.0,0.0,NONE,NONE,False,NONE,FIXED_TIME,NONE,0.0,,
45,fixed-time,3,9,5,0,33.0,0.0,NONE,NONE,False,NONE,FIXED_TIME,NONE,0.0,,
46,fixed-time,3,10,5,0,38.0,0.0,NONE,NONE,False,NONE,FIXED_TIME,NONE,0.0,,
47,fixed-time,3,11,6,0,44.0,0.0,NONE,NONE,False,NONE,FIXED_TIME,NONE,0.0,,
48,fixed-time,3,12,6,0,50.0,0.0,NONE,NONE,False,NONE,FIXED_TIME,NONE,0.0,,
49,fixed-time,3,13,6,0,56.0,0.0,NONE,NONE,False,NONE,FIXED_TIME,NONE,0.0,,
50,fixed-time,3,14,6,0,62.0,0.0,NONE,NONE,False,NONE,FIXED_TIME,NONE,0.0,,
51,fixed-time,3,15,6,0,68.0,0.0,NONE,NONE,False,NONE,FIXED_TIME,NONE,0.0,,
52,fixed-time,3,16,6,0,74.0,0.0,NONE,NONE,False,NONE,FIXED_TIME,NONE,0.0,,
53,fixed-time,3,17,8,0,82.0,0.0,NONE,NONE,False,NONE,FIXED_TIME,NONE,0.0,,
54,fixed-time,3,18,8,0,90.0,0.0,NONE,NONE,False,NONE,FIXED_TIME,NONE,0.0,,
55,fixed-time,3,19,8,0,98.0,0.0,NONE,NONE,False,NONE,FIXED_TIME,NONE,0.0,,
56,fixed-time,3,20,8,0,106.0,0.0,NONE,NONE,False,NONE,FIXED_TIME,NONE,0.0,,
57,fixed-time,3,21,9,0,115.0,0.0,NONE,NONE,False,NONE,FIXED_TIME,NONE,0.0,,
58,fixed-time,3,22,10,0,125.0,0.0,NONE,NONE,False,NONE,FIXED_TIME,NONE,0.0,,
59,fixed-time,3,23,10,0,135.0,0.0,NONE,NONE,False,NONE,FIXED_TIME,NONE,0.0,,
60,fixed-time,3,24,10,0,145.0,0.0,NONE,NONE,False,NONE,FIXED_TIME,NONE,0.0,,
61,fixed-time,3,25,10,0,155.0,0.0,NONE,NONE,False,NONE,FIXED_TIME,NONE,0.0,,
62,fixed-time,3,26,11,0,166.0,0.0,NONE,NONE,False,NONE,FIXED_TIME,NONE,0.0,,
63,fixed-time,3,27,12,0,178.0,0.0,NONE,NONE,False,NONE,FIXED_TIME,NONE,0.0,,
64,fixed-time,3,28,12,0,190.0,0.0,NONE,NONE,False,NONE,FIXED_TIME,NONE,0.0,,
65,fixed-time,3,29,12,0,202.0,0.0,NONE,NONE,False,NONE,FIXED_TIME,NONE,0.0,,
66,fixed-time,4,0,12,0,214.0,0.0,NONE,NONE,False,NONE,FIXED_TIME,NONE,0.0,,
67,fixed-time,4,1,12,0,226.0,0.0,NONE,NONE,False,NONE,FIXED_TIME,NONE,0.0,,
68,fixed-time,4,2,13,0,239.0,0.0,NONE,NONE,False,NONE,FIXED_TIME,NONE,0.0,,
69,fixed-time,5,0,14,0,253.0,0.0,NONE,NONE,False,NONE,FIXED_TIME,NONE,0.0,,
70,fixed-time,5,1,14,0,267.0,0.0,NONE,NONE,False,NONE,FIXED_TIME,NONE,0.0,,
71,fixed-time,0,0,12,0,207.0,0.0,NONE,NONE,False,NONE,FIXED_TIME,NONE,0.0,,
72,fixed-time,0,1,10,0,155.0,0.0,NONE,NONE,False,NONE,FIXED_TIME,NONE,0.0,,
73,fixed-time,0,2,9,0,110.0,0.0,NONE,NONE,False,NONE,FIXED_TIME,NONE,0.0,,
74,fixed-time,0,3,8,0,76.0,0.0,NONE,NONE,False,NONE,FIXED_TIME,NONE,0.0,,
75,fixed-time,0,4,6,2,47.0,2.0,NONE,NONE,False,NONE,FIXED_TIME,NONE,0.0,,
76,fixed-time,0,5,4,2,24.0,4.0,NONE,NONE,False,NONE,FIXED_TIME,NONE,0.0,,
77,fixed-time,0,6,2,2,9.0,6.0,NONE,NONE,False,NONE,FIXED_TIME,NONE,0.0,,
78,fixed-time,0,7,1,2,1.0,8.0,NONE,NONE,False,NONE,FIXED_TIME,NONE,0.0,,
79,fixed-time,0,8,0,2,0.0,10.0,NONE,NONE,False,NONE,FIXED_TIME,NONE,0.0,,
80,fixed-time,0,9,0,3,0.0,13.0,NONE,NONE,False,NONE,FIXED_TIME,NONE,0.0,,
81,fixed-time,0,10,0,3,0.0,16.0,NONE,NONE,False,NONE,FIXED_TIME,NONE,0.0,,
82,fixed-time,0,11,0,3,0.0,19.0,NONE,NONE,False,NONE,FIXED_TIME,NONE,0.0,,
83,fixed-time,0,12,0,4,0.0,23.0,NONE,NONE,False,NONE,FIXED_TIME,NONE,0.0,,
84,fixed-time,0,13,0,4,0.0,27.0,NONE,NONE,False,NONE,FIXED_TIME,NONE,0.0,,
85,fixed-time,0,14,0,4,0.0,31.0,NONE,NONE,False,NONE,FIXED_TIME,NONE,0.0,,
86,fixed-time,0,15,0,4,0.0,35.0,NONE,NONE,False,NONE,FIXED_TIME,NONE,0.0,,
87,fixed-time,0,16,0,5,0.0,40.0,NONE,NONE,False,NONE,FIXED_TIME,NONE,0.0,,
88,fixed-time,0,17,0,6,0.0,46.0,NONE,NONE,False,NONE,FIXED_TIME,NONE,0.0,,
89,fixed-time,0,18,0,6,0.0,52.0,NONE,NONE,False,NONE,FIXED_TIME,NONE,0.0,,
90,fixed-time,0,19,0,6,0.0,58.0,NONE,NONE,False,NONE,FIXED_TIME,NONE,0.0,,
91,fixed-time,0,20,0,6,0.0,64.0,NONE,NONE,False,NONE,FIXED_TIME,NONE,0.0,,
92,fixed-time,0,21,0,7,0.0,71.0,NONE,NONE,False,NONE,FIXED_TIME,NONE,0.0,,
93,fixed-time,0,22,0,7,0.0,78.0,NONE,NONE,False,NONE,FIXED_TIME,NONE,0.0,,
94,fixed-time,0,23,0,8,0.0,86.0,NONE,NONE,False,NONE,FIXED_TIME,NONE,0.0,,
95,fixed-time,0,24,0,8,0.0,94.0,NONE,NONE,False,NONE,FIXED_TIME,NONE,0.0,,
96,fixed-time,0,25,0,8,0.0,102.0,NONE,NONE,False,NONE,FIXED_TIME,NONE,0.0,,
97,fixed-time,0,26,0,8,0.0,110.0,NONE,NONE,False,NONE,FIXED_TIME,NONE,0.0,,
98,fixed-time,0,27,0,9,0.0,119.0,NONE,NONE,False,NONE,FIXED_TIME,NONE,0.0,,
99,fixed-time,0,28,0,10,0.0,129.0,NONE,NONE,False,NONE,FIXED_TIME,NONE,0.0,,
100,fixed-time,0,29,0,10,0.0,139.0,NONE,NONE,False,NONE,FIXED_TIME,NONE,0.0,,
101,fixed-time,1,0,0,10,0.0,149.0,NONE,NONE,False,NONE,FIXED_TIME,NONE,0.0,,
102,fixed-time,1,1,1,10,1.0,159.0,NONE,NONE,False,NONE,FIXED_TIME,NONE,0.0,,
103,fixed-time,1,2,1,10,2.0,169.0,NONE,NONE,False,NONE,FIXED_TIME,NONE,0.0,,
104,fixed-time,2,0,1,12,3.0,181.0,NONE,NONE,False,NONE,FIXED_TIME,NONE,0.0,,
105,fixed-time,2,1,1,12,4.0,193.0,NONE,NONE,False,NONE,FIXED_TIME,NONE,0.0,,
106,fixed-time,3,0,1,10,5.0,141.0,NONE,NONE,False,NONE,FIXED_TIME,NONE,0.0,,
107,fixed-time,3,1,2,8,7.0,98.0,NONE,NONE,False,NONE,FIXED_TIME,NONE,0.0,,
108,fixed-time,3,2,3,6,10.0,63.0,NONE,NONE,False,NONE,FIXED_TIME,NONE,0.0,,
109,fixed-time,3,3,3,4,13.0,35.0,NONE,NONE,False,NONE,FIXED_TIME,NONE,0.0,,
110,fixed-time,3,4,3,3,16.0,15.0,NONE,NONE,False,NONE,FIXED_TIME,NONE,0.0,,
111,fixed-time,3,5,3,2,19.0,3.0,NONE,NONE,False,NONE,FIXED_TIME,NONE,0.0,,
112,fixed-time,3,6,5,0,24.0,0.0,NONE,NONE,False,NONE,FIXED_TIME,NONE,0.0,,
113,fixed-time,3,7,5,0,29.0,0.0,NONE,NONE,False,NONE,FIXED_TIME,NONE,0.0,,
114,fixed-time,3,8,5,0,34.0,0.0,NONE,NONE,False,NONE,FIXED_TIME,NONE,0.0,,
115,fixed-time,3,9,5,0,39.0,0.0,NONE,NONE,False,NONE,FIXED_TIME,NONE,0.0,,
116,fixed-time,3,10,5,0,44.0,0.0,NONE,NONE,False,NONE,FIXED_TIME,NONE,0.0,,
117,fixed-time,3,11,6,0,50.0,0.0,NONE,NONE,False,NONE,FIXED_TIME,NONE,0.0,,
118,fixed-time,3,12,7,0,57.0,0.0,NONE,NONE,False,NONE,FIXED_TIME,NONE,0.0,,
119,fixed-time,3,13,7,0,64.0,0.0,NONE,NONE,False,NONE,FIXED_TIME,NONE,0.0,,
120,fixed-time,3,14,7,0,71.0,0.0,NONE,NONE,False,NONE,FIXED_TIME,NONE,0.0,,
121,fixed-time,3,15,7,0,78.0,0.0,NONE,NONE,False,NONE,FIXED_TIME,NONE,0.0,,
122,fixed-time,3,16,7,0,85.0,0.0,NONE,NONE,False,NONE,FIXED_TIME,NONE,0.0,,
123,fixed-time,3,17,7,0,92.0,0.0,NONE,NONE,False,NONE,FIXED_TIME,NONE,0.0,,
124,fixed-time,3,18,8,0,100.0,0.0,NONE,NONE,False,NONE,FIXED_TIME,NONE,0.0,,
125,fixed-time,3,19,9,0,109.0,0.0,NONE,NONE,False,NONE,FIXED_TIME,NONE,0.0,,
126,fixed-time,3,20,9,0,118.0,0.0,NONE,NONE,False,NONE,FIXED_TIME,NONE,0.0,,
127,fixed-time,3,21,9,0,127.0,0.0,NONE,NONE,False,NONE,FIXED_TIME,NONE,0.0,,
128,fixed-time,3,22,9,0,136.0,0.0,NONE,NONE,False,NONE,FIXED_TIME,NONE,0.0,,
129,fixed-time,3,23,11,0,147.0,0.0,NONE,NONE,False,NONE,FIXED_TIME,NONE,0.0,,
130,fixed-time,3,24,11,0,158.0,0.0,NONE,NONE,False,NONE,FIXED_TIME,NONE,0.0,,
131,fixed-time,3,25,11,0,169.0,0.0,NONE,NONE,False,NONE,FIXED_TIME,NONE,0.0,,
132,fixed-time,3,26,11,0,180.0,0.0,NONE,NONE,False,NONE,FIXED_TIME,NONE,0.0,,
133,fixed-time,3,27,11,0,191.0,0.0,NONE,NONE,False,NONE,FIXED_TIME,NONE,0.0,,
134,fixed-time,3,28,11,0,202.0,0.0,NONE,NONE,False,NONE,FIXED_TIME,NONE,0.0,,
135,fixed-time,3,29,13,0,215.0,0.0,NONE,NONE,False,NONE,FIXED_TIME,NONE,0.0,,
136,fixed-time,4,0,13,0,228.0,0.0,NONE,NONE,False,NONE,FIXED_TIME,NONE,0.0,,
137,fixed-time,4,1,13,0,241.0,0.0,NONE,NONE,False,NONE,FIXED_TIME,NONE,0.0,,
138,fixed-time,4,2,13,0,254.0,0.0,NONE,NONE,False,NONE,FIXED_TIME,NONE,0.0,,
139,fixed-time,5,0,13,0,267.0,0.0,NONE,NONE,False,NONE,FIXED_TIME,NONE,0.0,,
140,fixed-time,5,1,15,0,282.0,0.0,NONE,NONE,False,NONE,FIXED_TIME,NONE,0.0,,
141,fixed-time,0,0,13,0,223.0,0.0,NONE,NONE,False,NONE,FIXED_TIME,NONE,0.0,,
142,fixed-time,0,1,11,0,169.0,0.0,NONE,NONE,False,NONE,FIXED_TIME,NONE,0.0,,
143,fixed-time,0,2,9,0,122.0,0.0,NONE,NONE,False,NONE,FIXED_TIME,NONE,0.0,,
144,fixed-time,0,3,7,0,83.0,0.0,NONE,NONE,False,NONE,FIXED_TIME,NONE,0.0,,
145,fixed-time,0,4,6,2,52.0,2.0,NONE,NONE,False,NONE,FIXED_TIME,NONE,0.0,,
146,fixed-time,0,5,4,2,28.0,4.0,NONE,NONE,False,NONE,FIXED_TIME,NONE,0.0,,
147,fixed-time,0,6,3,2,12.0,6.0,NONE,NONE,False,NONE,FIXED_TIME,NONE,0.0,,
148,fixed-time,0,7,1,2,2.0,8.0,NONE,NONE,False,NONE,FIXED_TIME,NONE,0.0,,
149,fixed-time,0,8,0,2,0.0,10.0,NONE,NONE,False,NONE,FIXED_TIME,NONE,0.0,,
150,fixed-time,0,9,0,3,0.0,13.0,NONE,NONE,False,NONE,FIXED_TIME,NONE,0.0,,
151,fixed-time,0,10,0,4,0.0,17.0,NONE,NONE,False,NONE,FIXED_TIME,NONE,0.0,,
152,fixed-time,0,11,0,4,0.0,21.0,NONE,NONE,False,NONE,FIXED_TIME,NONE,0.0,,
153,fixed-time,0,12,0,4,0.0,25.0,NONE,NONE,False,NONE,FIXED_TIME,NONE,0.0,,
154,fixed-time,0,13,0,4,0.0,29.0,NONE,NONE,False,NONE,FIXED_TIME,NONE,0.0,,
155,fixed-time,0,14,0,4,0.0,33.0,NONE,NONE,False,NONE,FIXED_TIME,NONE,0.0,,
156,fixed-time,0,15,0,5,0.0,38.0,NONE,NONE,False,NONE,FIXED_TIME,NONE,0.0,,
157,fixed-time,0,16,0,6,0.0,44.0,NONE,NONE,False,NONE,FIXED_TIME,NONE,0.0,,
158,fixed-time,0,17,0,6,0.0,50.0,NONE,NONE,False,NONE,FIXED_TIME,NONE,0.0,,
159,fixed-time,0,18,0,6,0.0,56.0,NONE,NONE,False,NONE,FIXED_TIME,NONE,0.0,,
160,fixed-time,0,19,0,6,0.0,62.0,NONE,NONE,False,NONE,FIXED_TIME,NONE,0.0,,
161,fixed-time,0,20,0,7,0.0,69.0,NONE,NONE,False,NONE,FIXED_TIME,NONE,0.0,,
162,fixed-time,0,21,0,8,0.0,77.0,NONE,NONE,False,NONE,FIXED_TIME,NONE,0.0,,
163,fixed-time,0,22,0,8,0.0,85.0,NONE,NONE,False,NONE,FIXED_TIME,NONE,0.0,,
164,fixed-time,0,23,0,8,0.0,93.0,NONE,NONE,False,NONE,FIXED_TIME,NONE,0.0,,
165,fixed-time,0,24,0,8,0.0,101.0,NONE,NONE,False,NONE,FIXED_TIME,NONE,0.0,,
166,fixed-time,0,25,0,9,0.0,110.0,NONE,NONE,False,NONE,FIXED_TIME,NONE,0.0,,
167,fixed-time,0,26,0,9,0.0,119.0,NONE,NONE,False,NONE,FIXED_TIME,NONE,0.0,,
168,fixed-time,0,27,0,10,0.0,129.0,NONE,NONE,False,NONE,FIXED_TIME,NONE,0.0,,
169,fixed-time,0,28,0,10,0.0,139.0,NONE,NONE,False,NONE,FIXED_TIME,NONE,0.0,,
170,fixed-time,0,29,0,10,0.0,149.0,NONE,NONE,False,NONE,FIXED_TIME,NONE,0.0,,
171,fixed-time,1,0,0,10,0.0,159.0,NONE,NONE,False,NONE,FIXED_TIME,NONE,0.0,,
172,fixed-time,1,1,0,10,0.0,169.0,NONE,NONE,False,NONE,FIXED_TIME,NONE,0.0,,
173,fixed-time,1,2,0,10,0.0,179.0,NONE,NONE,False,NONE,FIXED_TIME,NONE,0.0,,
174,fixed-time,2,0,0,11,0.0,190.0,NONE,NONE,False,NONE,FIXED_TIME,NONE,0.0,,
175,fixed-time,2,1,0,12,0.0,202.0,NONE,NONE,False,NONE,FIXED_TIME,NONE,0.0,,
176,fixed-time,3,0,0,10,0.0,150.0,NONE,NONE,False,NONE,FIXED_TIME,NONE,0.0,,
177,fixed-time,3,1,0,8,0.0,105.0,NONE,NONE,False,NONE,FIXED_TIME,NONE,0.0,,
178,fixed-time,3,2,1,6,1.0,68.0,NONE,NONE,False,NONE,FIXED_TIME,NONE,0.0,,
179,fixed-time,3,3,1,5,2.0,38.0,NONE,NONE,False,NONE,FIXED_TIME,NONE,0.0,,
180,fixed-time,3,4,2,4,4.0,16.0,NONE,NONE,False,NONE,FIXED_TIME,NONE,0.0,,
181,fixed-time,3,5,2,2,6.0,5.0,NONE,NONE,False,NONE,FIXED_TIME,NONE,0.0,,
182,fixed-time,3,6,2,0,8.0,0.0,NONE,NONE,False,NONE,FIXED_TIME,NONE,0.0,,
183,fixed-time,3,7,2,0,10.0,0.0,NONE,NONE,False,NONE,FIXED_TIME,NONE,0.0,,
184,fixed-time,3,8,2,0,12.0,0.0,NONE,NONE,False,NONE,FIXED_TIME,NONE,0.0,,
185,fixed-time,3,9,4,0,16.0,0.0,NONE,NONE,False,NONE,FIXED_TIME,NONE,0.0,,
186,fixed-time,3,10,4,0,20.0,0.0,NONE,NONE,False,NONE,FIXED_TIME,NONE,0.0,,
187,fixed-time,3,11,4,0,24.0,0.0,NONE,NONE,False,NONE,FIXED_TIME,NONE,0.0,,
188,fixed-time,3,12,4,0,28.0,0.0,NONE,NONE,False,NONE,FIXED_TIME,NONE,0.0,,
189,fixed-time,3,13,4,0,32.0,0.0,NONE,NONE,False,NONE,FIXED_TIME,NONE,0.0,,
190,fixed-time,3,14,5,0,37.0,0.0,NONE,NONE,False,NONE,FIXED_TIME,NONE,0.0,,
191,fixed-time,3,15,6,0,43.0,0.0,NONE,NONE,False,NONE,FIXED_TIME,NONE,0.0,,
192,fixed-time,3,16,6,0,49.0,0.0,NONE,NONE,False,NONE,FIXED_TIME,NONE,0.0,,
193,fixed-time,3,17,6,0,55.0,0.0,NONE,NONE,False,NONE,FIXED_TIME,NONE,0.0,,
194,fixed-time,3,18,6,0,61.0,0.0,NONE,NONE,False,NONE,FIXED_TIME,NONE,0.0,,
195,fixed-time,3,19,6,0,67.0,0.0,NONE,NONE,False,NONE,FIXED_TIME,NONE,0.0,,
196,fixed-time,3,20,7,0,74.0,0.0,NONE,NONE,False,NONE,FIXED_TIME,NONE,0.0,,
197,fixed-time,3,21,8,0,82.0,0.0,NONE,NONE,False,NONE,FIXED_TIME,NONE,0.0,,
198,fixed-time,3,22,8,0,90.0,0.0,NONE,NONE,False,NONE,FIXED_TIME,NONE,0.0,,
199,fixed-time,3,23,8,0,98.0,0.0,NONE,NONE,False,NONE,FIXED_TIME,NONE,0.0,,
200,fixed-time,3,24,8,0,106.0,0.0,NONE,NONE,False,NONE,FIXED_TIME,NONE,0.0,,
201,fixed-time,3,25,10,0,116.0,0.0,NONE,NONE,False,NONE,FIXED_TIME,NONE,0.0,,
202,fixed-time,3,26,10,0,126.0,0.0,NONE,NONE,False,NONE,FIXED_TIME,NONE,0.0,,
203,fixed-time,3,27,10,0,136.0,0.0,NONE,NONE,False,NONE,FIXED_TIME,NONE,0.0,,
204,fixed-time,3,28,10,0,146.0,0.0,NONE,NONE,False,NONE,FIXED_TIME,NONE,0.0,,
205,fixed-time,3,29,10,0,156.0,0.0,NONE,NONE,False,NONE,FIXED_TIME,NONE,0.0,,
206,fixed-time,4,0,11,0,167.0,0.0,NONE,NONE,False,NONE,FIXED_TIME,NONE,0.0,,
207,fixed-time,4,1,12,0,179.0,0.0,NONE,NONE,False,NONE,FIXED_TIME,NONE,0.0,,
208,fixed-time,4,2,12,0,191.0,0.0,NONE,NONE,False,NONE,FIXED_TIME,NONE,0.0,,
209,fixed-time,5,0,12,0,203.0,0.0,NONE,NONE,False,NONE,FIXED_TIME,NONE,0.0,,
210,fixed-time,5,1,12,0,215.0,0.0,NONE,NONE,False,NONE,FIXED_TIME,NONE,0.0,,
211,fixed-time,0,0,10,0,161.0,0.0,NONE,NONE,False,NONE,FIXED_TIME,NONE,0.0,,
212,fixed-time,0,1,9,0,116.0,0.0,NONE,NONE,False,NONE,FIXED_TIME,NONE,0.0,,
213,fixed-time,0,2,7,0,78.0,0.0,NONE,NONE,False,NONE,FIXED_TIME,NONE,0.0,,
214,fixed-time,0,3,6,1,49.0,1.0,NONE,NONE,False,NONE,FIXED_TIME,NONE,0.0,,
215,fixed-time,0,4,4,2,25.0,3.0,NONE,NONE,False,NONE,FIXED_TIME,NONE,0.0,,
216,fixed-time,0,5,3,2,9.0,5.0,NONE,NONE,False,NONE,FIXED_TIME,NONE,0.0,,
217,fixed-time,0,6,2,2,3.0,7.0,NONE,NONE,False,NONE,FIXED_TIME,NONE,0.0,,
218,fixed-time,0,7,0,2,0.0,9.0,NONE,NONE,False,NONE,FIXED_TIME,NONE,0.0,,
219,fixed-time,0,8,0,4,0.0,13.0,NONE,NONE,False,NONE,FIXED_TIME,NONE,0.0,,
220,fixed-time,0,9,0,4,0.0,17.0,NONE,NONE,False,NONE,FIXED_TIME,NONE,0.0,,
221,fixed-time,0,10,0,4,0.0,21.0,NONE,NONE,False,NONE,FIXED_TIME,NONE,0.0,,
222,fixed-time,0,11,0,4,0.0,25.0,NONE,NONE,False,NONE,FIXED_TIME,NONE,0.0,,
223,fixed-time,0,12,0,4,0.0,29.0,NONE,NONE,False,NONE,FIXED_TIME,NONE,0.0,,
224,fixed-time,0,13,0,4,0.0,33.0,NONE,NONE,False,NONE,FIXED_TIME,NONE,0.0,,
225,fixed-time,0,14,0,4,0.0,37.0,NONE,NONE,False,NONE,FIXED_TIME,NONE,0.0,,
226,fixed-time,0,15,0,6,0.0,43.0,NONE,NONE,False,NONE,FIXED_TIME,NONE,0.0,,
227,fixed-time,0,16,0,6,0.0,49.0,NONE,NONE,False,NONE,FIXED_TIME,NONE,0.0,,
228,fixed-time,0,17,0,6,0.0,55.0,NONE,NONE,False,NONE,FIXED_TIME,NONE,0.0,,
229,fixed-time,0,18,0,6,0.0,61.0,NONE,NONE,False,NONE,FIXED_TIME,NONE,0.0,,
230,fixed-time,0,19,0,6,0.0,67.0,NONE,NONE,False,NONE,FIXED_TIME,NONE,0.0,,
231,fixed-time,0,20,0,6,0.0,73.0,NONE,NONE,False,NONE,FIXED_TIME,NONE,0.0,,
232,fixed-time,0,21,0,8,0.0,81.0,NONE,NONE,False,NONE,FIXED_TIME,NONE,0.0,,
233,fixed-time,0,22,0,8,0.0,89.0,NONE,NONE,False,NONE,FIXED_TIME,NONE,0.0,,
234,fixed-time,0,23,0,8,0.0,97.0,NONE,NONE,False,NONE,FIXED_TIME,NONE,0.0,,
235,fixed-time,0,24,0,8,0.0,105.0,NONE,NONE,False,NONE,FIXED_TIME,NONE,0.0,,
236,fixed-time,0,25,0,8,0.0,113.0,NONE,NONE,False,NONE,FIXED_TIME,NONE,0.0,,
237,fixed-time,0,26,0,9,0.0,122.0,NONE,NONE,False,NONE,FIXED_TIME,NONE,0.0,,
238,fixed-time,0,27,0,10,0.0,132.0,NONE,NONE,False,NONE,FIXED_TIME,NONE,0.0,,
239,fixed-time,0,28,0,10,0.0,142.0,NONE,NONE,False,NONE,FIXED_TIME,NONE,0.0,,
240,fixed-time,0,29,0,10,0.0,152.0,NONE,NONE,False,NONE,FIXED_TIME,NONE,0.0,,
241,fixed-time,1,0,0,10,0.0,162.0,NONE,NONE,False,NONE,FIXED_TIME,NONE,0.0,,
242,fixed-time,1,1,0,10,0.0,172.0,NONE,NONE,False,NONE,FIXED_TIME,NONE,0.0,,
243,fixed-time,1,2,0,12,0.0,184.0,NONE,NONE,False,NONE,FIXED_TIME,NONE,0.0,,
244,fixed-time,2,0,0,12,0.0,196.0,NONE,NONE,False,NONE,FIXED_TIME,NONE,0.0,,
245,fixed-time,2,1,0,12,0.0,208.0,NONE,NONE,False,NONE,FIXED_TIME,NONE,0.0,,
246,fixed-time,3,0,2,10,2.0,155.0,NONE,NONE,False,NONE,FIXED_TIME,NONE,0.0,,
247,fixed-time,3,1,2,8,4.0,107.0,NONE,NONE,False,NONE,FIXED_TIME,NONE,0.0,,
248,fixed-time,3,2,2,6,6.0,69.0,NONE,NONE,False,NONE,FIXED_TIME,NONE,0.0,,
249,fixed-time,3,3,2,6,8.0,41.0,NONE,NONE,False,NONE,FIXED_TIME,NONE,0.0,,
250,fixed-time,3,4,3,4,11.0,20.0,NONE,NONE,False,NONE,FIXED_TIME,NONE,0.0,,
251,fixed-time,3,5,4,2,15.0,6.0,NONE,NONE,False,NONE,FIXED_TIME,NONE,0.0,,
252,fixed-time,3,6,4,0,19.0,0.0,NONE,NONE,False,NONE,FIXED_TIME,NONE,0.0,,
253,fixed-time,3,7,4,0,23.0,0.0,NONE,NONE,False,NONE,FIXED_TIME,NONE,0.0,,
254,fixed-time,3,8,4,0,27.0,0.0,NONE,NONE,False,NONE,FIXED_TIME,NONE,0.0,,
255,fixed-time,3,9,5,0,32.0,0.0,NONE,NONE,False,NONE,FIXED_TIME,NONE,0.0,,
256,fixed-time,3,10,6,0,38.0,0.0,NONE,NONE,False,NONE,FIXED_TIME,NONE,0.0,,
257,fixed-time,3,11,6,0,44.0,0.0,NONE,NONE,False,NONE,FIXED_TIME,NONE,0.0,,
258,fixed-time,3,12,6,0,50.0,0.0,NONE,NONE,False,NONE,FIXED_TIME,NONE,0.0,,
259,fixed-time,3,13,6,0,56.0,0.0,NONE,NONE,False,NONE,FIXED_TIME,NONE,0.0,,
260,fixed-time,3,14,6,0,62.0,0.0,NONE,NONE,False,NONE,FIXED_TIME,NONE,0.0,,
261,fixed-time,3,15,7,0,69.0,0.0,NONE,NONE,False,NONE,FIXED_TIME,NONE,0.0,,
262,fixed-time,3,16,8,0,77.0,0.0,NONE,NONE,False,NONE,FIXED_TIME,NONE,0.0,,
263,fixed-time,3,17,8,0,85.0,0.0,NONE,NONE,False,NONE,FIXED_TIME,NONE,0.0,,
264,fixed-time,3,18,8,0,93.0,0.0,NONE,NONE,False,NONE,FIXED_TIME,NONE,0.0,,
265,fixed-time,3,19,8,0,101.0,0.0,NONE,NONE,False,NONE,FIXED_TIME,NONE,0.0,,
266,fixed-time,3,20,8,0,109.0,0.0,NONE,NONE,False,NONE,FIXED_TIME,NONE,0.0,,
267,fixed-time,3,21,9,0,118.0,0.0,NONE,NONE,False,NONE,FIXED_TIME,NONE,0.0,,
268,fixed-time,3,22,10,0,128.0,0.0,NONE,NONE,False,NONE,FIXED_TIME,NONE,0.0,,
269,fixed-time,3,23,10,0,138.0,0.0,NONE,NONE,False,NONE,FIXED_TIME,NONE,0.0,,
270,fixed-time,3,24,10,0,148.0,0.0,NONE,NONE,False,NONE,FIXED_TIME,NONE,0.0,,
271,fixed-time,3,25,10,0,158.0,0.0,NONE,NONE,False,NONE,FIXED_TIME,NONE,0.0,,
272,fixed-time,3,26,11,0,169.0,0.0,NONE,NONE,False,NONE,FIXED_TIME,NONE,0.0,,
273,fixed-time,3,27,12,0,181.0,0.0,NONE,NONE,False,NONE,FIXED_TIME,NONE,0.0,,
274,fixed-time,3,28,12,0,193.0,0.0,NONE,NONE,False,NONE,FIXED_TIME,NONE,0.0,,
275,fixed-time,3,29,12,0,205.0,0.0,NONE,NONE,False,NONE,FIXED_TIME,NONE,0.0,,
276,fixed-time,4,0,12,0,217.0,0.0,NONE,NONE,False,NONE,FIXED_TIME,NONE,0.0,,
277,fixed-time,4,1,12,0,229.0,0.0,NONE,NONE,False,NONE,FIXED_TIME,NONE,0.0,,
278,fixed-time,4,2,13,0,242.0,0.0,NONE,NONE,False,NONE,FIXED_TIME,NONE,0.0,,
279,fixed-time,5,0,14,0,256.0,0.0,NONE,NONE,False,NONE,FIXED_TIME,NONE,0.0,,
280,fixed-time,5,1,14,0,270.0,0.0,NONE,NONE,False,NONE,FIXED_TIME,NONE,0.0,,
281,fixed-time,0,0,12,0,212.0,0.0,NONE,NONE,False,NONE,FIXED_TIME,NONE,0.0,,
282,fixed-time,0,1,10,0,159.0,0.0,NONE,NONE,False,NONE,FIXED_TIME,NONE,0.0,,
283,fixed-time,0,2,10,1,114.0,1.0,NONE,NONE,False,NONE,FIXED_TIME,NONE,0.0,,
284,fixed-time,0,3,8,2,77.0,3.0,NONE,NONE,False,NONE,FIXED_TIME,NONE,0.0,,
285,fixed-time,0,4,6,2,48.0,5.0,NONE,NONE,False,NONE,FIXED_TIME,NONE,0.0,,
286,fixed-time,0,5,4,2,25.0,7.0,NONE,NONE,False,NONE,FIXED_TIME,NONE,0.0,,
287,fixed-time,0,6,3,2,20.0,9.0,NONE,NONE,False,NONE,FIXED_TIME,NONE,0.0,,
288,fixed-time,0,7,2,2,7.0,11.0,NONE,NONE,False,NONE,FIXED_TIME,NONE,0.0,,
289,fixed-time,0,8,1,3,2.0,14.0,NONE,NONE,False,NONE,FIXED_TIME,NONE,0.0,,
290,fixed-time,0,9,0,4,0.0,18.0,NONE,NONE,False,NONE,FIXED_TIME,NONE,0.0,,
291,fixed-time,0,10,0,4,0.0,22.0,NONE,NONE,False,NONE,FIXED_TIME,NONE,0.0,,
292,fixed-time,0,11,0,4,0.0,26.0,NONE,NONE,False,NONE,FIXED_TIME,NONE,0.0,,
293,fixed-time,0,12,0,4,0.0,30.0,NONE,NONE,False,NONE,FIXED_TIME,NONE,0.0,,
294,fixed-time,0,13,0,4,0.0,34.0,NONE,NONE,False,NONE,FIXED_TIME,NONE,0.0,,
295,fixed-time,0,14,0,6,0.0,40.0,NONE,NONE,False,NONE,FIXED_TIME,NONE,0.0,,
296,fixed-time,0,15,0,6,0.0,46.0,NONE,NONE,False,NONE,FIXED_TIME,NONE,0.0,,
297,fixed-time,0,16,0,6,0.0,52.0,NONE,NONE,False,NONE,FIXED_TIME,NONE,0.0,,
298,fixed-time,0,17,0,6,0.0,58.0,NONE,NONE,False,NONE,FIXED_TIME,NONE,0.0,,
299,fixed-time,0,18,0,6,0.0,64.0,NONE,NONE,False,NONE,FIXED_TIME,NONE,0.0,,
300,fixed-time,0,19,0,7,0.0,71.0,NONE,NONE,False,NONE,FIXED_TIME,NONE,0.0,,
301,fixed-time,0,20,0,7,0.0,78.0,NONE,NONE,False,NONE,FIXED_TIME,NONE,0.0,,
302,fixed-time,0,21,0,8,0.0,86.0,NONE,NONE,False,NONE,FIXED_TIME,NONE,0.0,,
303,fixed-time,0,22,0,8,0.0,94.0,NONE,NONE,False,NONE,FIXED_TIME,NONE,0.0,,
304,fixed-time,0,23,0,8,0.0,102.0,NONE,NONE,False,NONE,FIXED_TIME,NONE,0.0,,
305,fixed-time,0,24,0,8,0.0,110.0,NONE,NONE,False,NONE,FIXED_TIME,NONE,0.0,,
306,fixed-time,0,25,0,10,0.0,120.0,NONE,NONE,False,NONE,FIXED_TIME,NONE,0.0,,
307,fixed-time,0,26,0,10,0.0,130.0,NONE,NONE,False,NONE,FIXED_TIME,NONE,0.0,,
308,fixed-time,0,27,0,10,0.0,140.0,NONE,NONE,False,NONE,FIXED_TIME,NONE,0.0,,
309,fixed-time,0,28,0,10,0.0,150.0,NONE,NONE,False,NONE,FIXED_TIME,NONE,0.0,,
310,fixed-time,0,29,0,10,0.0,160.0,NONE,NONE,False,NONE,FIXED_TIME,NONE,0.0,,
311,fixed-time,1,0,0,10,0.0,170.0,NONE,NONE,False,NONE,FIXED_TIME,NONE,0.0,,
312,fixed-time,1,1,0,11,0.0,181.0,NONE,NONE,False,NONE,FIXED_TIME,NONE,0.0,,
313,fixed-time,1,2,0,12,0.0,193.0,NONE,NONE,False,NONE,FIXED_TIME,NONE,0.0,,
314,fixed-time,2,0,0,12,0.0,205.0,NONE,NONE,False,NONE,FIXED_TIME,NONE,0.0,,
315,fixed-time,2,1,0,12,0.0,217.0,NONE,NONE,False,NONE,FIXED_TIME,NONE,0.0,,
316,fixed-time,3,0,0,10,0.0,162.0,NONE,NONE,False,NONE,FIXED_TIME,NONE,0.0,,
317,fixed-time,3,1,2,9,2.0,116.0,NONE,NONE,False,NONE,FIXED_TIME,NONE,0.0,,
318,fixed-time,3,2,2,8,4.0,78.0,NONE,NONE,False,NONE,FIXED_TIME,NONE,0.0,,
319,fixed-time,3,3,2,6,6.0,48.0,NONE,NONE,False,NONE,FIXED_TIME,NONE,0.0,,
320,fixed-time,3,4,2,4,8.0,24.0,NONE,NONE,False,NONE,FIXED_TIME,NONE,0.0,,
321,fixed-time,3,5,2,2,10.0,9.0,NONE,NONE,False,NONE,FIXED_TIME,NONE,0.0,,
322,fixed-time,3,6,2,0,12.0,0.0,NONE,NONE,False,NONE,FIXED_TIME,NONE,0.0,,
323,fixed-time,3,7,3,0,15.0,0.0,NONE,NONE,False,NONE,FIXED_TIME,NONE,0.0,,
324,fixed-time,3,8,4,0,19.0,0.0,NONE,NONE,False,NONE,FIXED_TIME,NONE,0.0,,
325,fixed-time,3,9,4,0,23.0,0.0,NONE,NONE,False,NONE,FIXED_TIME,NONE,0.0,,
326,fixed-time,3,10,4,0,27.0,0.0,NONE,NONE,False,NONE,FIXED_TIME,NONE,0.0,,
327,fixed-time,3,11,5,0,32.0,0.0,NONE,NONE,False,NONE,FIXED_TIME,NONE,0.0,,
328,fixed-time,3,12,5,0,37.0,0.0,NONE,NONE,False,NONE,FIXED_TIME,NONE,0.0,,
329,fixed-time,3,13,6,0,43.0,0.0,NONE,NONE,False,NONE,FIXED_TIME,NONE,0.0,,
330,fixed-time,3,14,6,0,49.0,0.0,NONE,NONE,False,NONE,FIXED_TIME,NONE,0.0,,
331,fixed-time,3,15,6,0,55.0,0.0,NONE,NONE,False,NONE,FIXED_TIME,NONE,0.0,,
332,fixed-time,3,16,6,0,61.0,0.0,NONE,NONE,False,NONE,FIXED_TIME,NONE,0.0,,
333,fixed-time,3,17,6,0,67.0,0.0,NONE,NONE,False,NONE,FIXED_TIME,NONE,0.0,,
334,fixed-time,3,18,7,0,74.0,0.0,NONE,NONE,False,NONE,FIXED_TIME,NONE,0.0,,
335,fixed-time,3,19,8,0,82.0,0.0,NONE,NONE,False,NONE,FIXED_TIME,NONE,0.0,,
336,fixed-time,3,20,8,0,90.0,0.0,NONE,NONE,False,NONE,FIXED_TIME,NONE,0.0,,
337,fixed-time,3,21,8,0,98.0,0.0,NONE,NONE,False,NONE,FIXED_TIME,NONE,0.0,,
338,fixed-time,3,22,8,0,106.0,0.0,NONE,NONE,False,NONE,FIXED_TIME,NONE,0.0,,
339,fixed-time,3,23,8,0,114.0,0.0,NONE,NONE,False,NONE,FIXED_TIME,NONE,0.0,,
340,fixed-time,3,24,9,0,123.0,0.0,NONE,NONE,False,NONE,FIXED_TIME,NONE,0.0,,
341,fixed-time,3,25,10,0,133.0,0.0,NONE,NONE,False,NONE,FIXED_TIME,NONE,0.0,,
342,fixed-time,3,26,10,0,143.0,0.0,NONE,NONE,False,NONE,FIXED_TIME,NONE,0.0,,
343,fixed-time,3,27,10,0,153.0,0.0,NONE,NONE,False,NONE,FIXED_TIME,NONE,0.0,,
344,fixed-time,3,28,10,0,163.0,0.0,NONE,NONE,False,NONE,FIXED_TIME,NONE,0.0,,
345,fixed-time,3,29,11,0,174.0,0.0,NONE,NONE,False,NONE,FIXED_TIME,NONE,0.0,,
346,fixed-time,4,0,12,0,186.0,0.0,NONE,NONE,False,NONE,FIXED_TIME,NONE,0.0,,
347,fixed-time,4,1,12,0,198.0,0.0,NONE,NONE,False,NONE,FIXED_TIME,NONE,0.0,,
348,fixed-time,4,2,12,0,210.0,0.0,NONE,NONE,False,NONE,FIXED_TIME,NONE,0.0,,
349,fixed-time,5,0,13,0,223.0,0.0,NONE,NONE,False,NONE,FIXED_TIME,NONE,0.0,,
350,fixed-time,5,1,13,0,236.0,0.0,NONE,NONE,False,NONE,FIXED_TIME,NONE,0.0,,
351,fixed-time,0,0,12,0,180.0,0.0,NONE,NONE,False,NONE,FIXED_TIME,NONE,0.0,,
352,fixed-time,0,1,10,0,133.0,0.0,NONE,NONE,False,NONE,FIXED_TIME,NONE,0.0,,
353,fixed-time,0,2,8,1,91.0,1.0,NONE,NONE,False,NONE,FIXED_TIME,NONE,0.0,,
354,fixed-time,0,3,7,2,59.0,3.0,NONE,NONE,False,NONE,FIXED_TIME,NONE,0.0,,
355,fixed-time,0,4,5,2,35.0,5.0,NONE,NONE,False,NONE,FIXED_TIME,NONE,0.0,,
356,fixed-time,0,5,4,2,18.0,7.0,NONE,NONE,False,NONE,FIXED_TIME,NONE,0.0,,
357,fixed-time,0,6,2,2,6.0,9.0,NONE,NONE,False,NONE,FIXED_TIME,NONE,0.0,,
358,fixed-time,0,7,0,3,0.0,12.0,NONE,NONE,False,NONE,FIXED_TIME,NONE,0.0,,
359,fixed-time,0,8,0,4,0.0,16.0,NONE,NONE,False,NONE,FIXED_TIME,NONE,0.0,,
360,fixed-time,0,9,0,4,0.0,20.0,NONE,NONE,False,NONE,FIXED_TIME,NONE,0.0,,
361,fixed-time,0,10,0,4,0.0,24.0,NONE,NONE,False,NONE,FIXED_TIME,NONE,0.0,,
362,fixed-time,0,11,0,4,0.0,28.0,NONE,NONE,False,NONE,FIXED_TIME,NONE,0.0,,
363,fixed-time,0,12,0,5,0.0,33.0,NONE,NONE,False,NONE,FIXED_TIME,NONE,0.0,,
364,fixed-time,0,13,0,5,0.0,38.0,NONE,NONE,False,NONE,FIXED_TIME,NONE,0.0,,
365,fixed-time,0,14,0,6,0.0,44.0,NONE,NONE,False,NONE,FIXED_TIME,NONE,0.0,,
366,fixed-time,0,15,0,6,0.0,50.0,NONE,NONE,False,NONE,FIXED_TIME,NONE,0.0,,
367,fixed-time,0,16,0,6,0.0,56.0,NONE,NONE,False,NONE,FIXED_TIME,NONE,0.0,,
368,fixed-time,0,17,0,6,0.0,62.0,NONE,NONE,False,NONE,FIXED_TIME,NONE,0.0,,
369,fixed-time,0,18,0,6,0.0,68.0,NONE,NONE,False,NONE,FIXED_TIME,NONE,0.0,,
370,fixed-time,0,19,0,7,0.0,75.0,NONE,NONE,False,NONE,FIXED_TIME,NONE,0.0,,
371,fixed-time,0,20,0,8,0.0,83.0,NONE,NONE,False,NONE,FIXED_TIME,NONE,0.0,,
372,fixed-time,0,21,0,8,0.0,91.0,NONE,NONE,False,NONE,FIXED_TIME,NONE,0.0,,
373,fixed-time,0,22,0,8,0.0,99.0,NONE,NONE,False,NONE,FIXED_TIME,NONE,0.0,,
374,fixed-time,0,23,0,8,0.0,107.0,NONE,NONE,False,NONE,FIXED_TIME,NONE,0.0,,
375,fixed-time,0,24,0,8,0.0,115.0,NONE,NONE,False,NONE,FIXED_TIME,NONE,0.0,,
376,fixed-time,0,25,0,9,0.0,124.0,NONE,NONE,False,NONE,FIXED_TIME,NONE,0.0,,
377,fixed-time,0,26,0,10,0.0,134.0,NONE,NONE,False,NONE,FIXED_TIME,NONE,0.0,,
378,fixed-time,0,27,0,10,0.0,144.0,NONE,NONE,False,NONE,FIXED_TIME,NONE,0.0,,
379,fixed-time,0,28,0,10,0.0,154.0,NONE,NONE,False,NONE,FIXED_TIME,NONE,0.0,,
380,fixed-time,0,29,0,10,0.0,164.0,NONE,NONE,False,NONE,FIXED_TIME,NONE,0.0,,
381,fixed-time,1,0,0,11,0.0,175.0,NONE,NONE,False,NONE,FIXED_TIME,NONE,0.0,,
382,fixed-time,1,1,0,12,0.0,187.0,NONE,NONE,False,NONE,FIXED_TIME,NONE,0.0,,
383,fixed-time,1,2,0,12,0.0,199.0,NONE,NONE,False,NONE,FIXED_TIME,NONE,0.0,,
384,fixed-time,2,0,0,12,0.0,211.0,NONE,NONE,False,NONE,FIXED_TIME,NONE,0.0,,
385,fixed-time,2,1,0,12,0.0,223.0,NONE,NONE,False,NONE,FIXED_TIME,NONE,0.0,,
386,fixed-time,3,0,0,11,0.0,169.0,NONE,NONE,False,NONE,FIXED_TIME,NONE,0.0,,
387,fixed-time,3,1,0,10,0.0,122.0,NONE,NONE,False,NONE,FIXED_TIME,NONE,0.0,,
388,fixed-time,3,2,0,8,0.0,82.0,NONE,NONE,False,NONE,FIXED_TIME,NONE,0.0,,
389,fixed-time,3,3,0,6,0.0,51.0,NONE,NONE,False,NONE,FIXED_TIME,NONE,0.0,,
390,fixed-time,3,4,1,4,1.0,28.0,NONE,NONE,False,NONE,FIXED_TIME,NONE,0.0,,
391,fixed-time,3,5,1,2,2.0,11.0,NONE,NONE,False,NONE,FIXED_TIME,NONE,0.0,,
392,fixed-time,3,6,2,1,4.0,1.0,NONE,NONE,False,NONE,FIXED_TIME,NONE,0.0,,
393,fixed-time,3,7,2,0,6.0,0.0,NONE,NONE,False,NONE,FIXED_TIME,NONE,0.0,,
394,fixed-time,3,8,2,0,8.0,0.0,NONE,NONE,False,NONE,FIXED_TIME,NONE,0.0,,
395,fixed-time,3,9,3,0,11.0,0.0,NONE,NONE,False,NONE,FIXED_TIME,NONE,0.0,,
396,fixed-time,3,10,4,0,15.0,0.0,NONE,NONE,False,NONE,FIXED_TIME,NONE,0.0,,
397,fixed-time,3,11,4,0,19.0,0.0,NONE,NONE,False,NONE,FIXED_TIME,NONE,0.0,,
398,fixed-time,3,12,4,0,23.0,0.0,NONE,NONE,False,NONE,FIXED_TIME,NONE,0.0,,
399,fixed-time,3,13,4,0,27.0,0.0,NONE,NONE,False,NONE,FIXED_TIME,NONE,0.0,,
400,fixed-time,3,14,4,0,31.0,0.0,NONE,NONE,False,NONE,FIXED_TIME,NONE,0.0,,
401,fixed-time,3,15,5,0,36.0,0.0,NONE,NONE,False,NONE,FIXED_TIME,NONE,0.0,,
402,fixed-time,3,16,6,0,42.0,0.0,NONE,NONE,False,NONE,FIXED_TIME,NONE,0.0,,
403,fixed-time,3,17,6,0,48.0,0.0,NONE,NONE,False,NONE,FIXED_TIME,NONE,0.0,,
404,fixed-time,3,18,6,0,54.0,0.0,NONE,NONE,False,NONE,FIXED_TIME,NONE,0.0,,
405,fixed-time,3,19,6,0,60.0,0.0,NONE,NONE,False,NONE,FIXED_TIME,NONE,0.0,,
406,fixed-time,3,20,7,0,67.0,0.0,NONE,NONE,False,NONE,FIXED_TIME,NONE,0.0,,
407,fixed-time,3,21,7,0,74.0,0.0,NONE,NONE,False,NONE,FIXED_TIME,NONE,0.0,,
408,fixed-time,3,22,8,0,82.0,0.0,NONE,NONE,False,NONE,FIXED_TIME,NONE,0.0,,
409,fixed-time,3,23,8,0,90.0,0.0,NONE,NONE,False,NONE,FIXED_TIME,NONE,0.0,,
410,fixed-time,3,24,8,0,98.0,0.0,NONE,NONE,False,NONE,FIXED_TIME,NONE,0.0,,
411,fixed-time,3,25,10,0,108.0,0.0,NONE,NONE,False,NONE,FIXED_TIME,NONE,0.0,,
412,fixed-time,3,26,10,0,118.0,0.0,NONE,NONE,False,NONE,FIXED_TIME,NONE,0.0,,
413,fixed-time,3,27,10,0,128.0,0.0,NONE,NONE,False,NONE,FIXED_TIME,NONE,0.0,,
414,fixed-time,3,28,10,0,138.0,0.0,NONE,NONE,False,NONE,FIXED_TIME,NONE,0.0,,
415,fixed-time,3,29,10,0,148.0,0.0,NONE,NONE,False,NONE,FIXED_TIME,NONE,0.0,,
416,fixed-time,4,0,10,0,158.0,0.0,NONE,NONE,False,NONE,FIXED_TIME,NONE,0.0,,
417,fixed-time,4,1,12,0,170.0,0.0,NONE,NONE,False,NONE,FIXED_TIME,NONE,0.0,,
418,fixed-time,4,2,12,0,182.0,0.0,NONE,NONE,False,NONE,FIXED_TIME,NONE,0.0,,
419,fixed-time,5,0,12,0,194.0,0.0,NONE,NONE,False,NONE,FIXED_TIME,NONE,0.0,,
420,fixed-time,5,1,12,0,206.0,0.0,NONE,NONE,False,NONE,FIXED_TIME,NONE,0.0,,
421,fixed-time,0,0,10,0,156.0,0.0,NONE,NONE,False,NONE,FIXED_TIME,NONE,0.0,,
422,fixed-time,0,1,9,1,112.0,1.0,NONE,NONE,False,NONE,FIXED_TIME,NONE,0.0,,
423,fixed-time,0,2,8,2,77.0,3.0,NONE,NONE,False,NONE,FIXED_TIME,NONE,0.0,,
424,fixed-time,0,3,6,2,49.0,5.0,NONE,NONE,False,NONE,FIXED_TIME,NONE,0.0,,
425,fixed-time,0,4,4,2,25.0,7.0,NONE,NONE,False,NONE,FIXED_TIME,NONE,0.0,,
426,fixed-time,0,5,3,2,10.0,9.0,NONE,NONE,False,NONE,FIXED_TIME,NONE,0.0,,
427,fixed-time,0,6,1,2,2.0,11.0,NONE,NONE,False,NONE,FIXED_TIME,NONE,0.0,,
428,fixed-time,0,7,0,2,0.0,13.0,NONE,NONE,False,NONE,FIXED_TIME,NONE,0.0,,
429,fixed-time,0,8,0,4,0.0,17.0,NONE,NONE,False,NONE,FIXED_TIME,NONE,0.0,,
430,fixed-time,0,9,0,4,0.0,21.0,NONE,NONE,False,NONE,FIXED_TIME,NONE,0.0,,
431,fixed-time,0,10,0,4,0.0,25.0,NONE,NONE,False,NONE,FIXED_TIME,NONE,0.0,,
432,fixed-time,0,11,0,4,0.0,29.0,NONE,NONE,False,NONE,FIXED_TIME,NONE,0.0,,
433,fixed-time,0,12,0,4,0.0,33.0,NONE,NONE,False,NONE,FIXED_TIME,NONE,0.0,,
434,fixed-time,0,13,0,5,0.0,38.0,NONE,NONE,False,NONE,FIXED_TIME,NONE,0.0,,
435,fixed-time,0,14,0,5,0.0,43.0,NONE,NONE,False,NONE,FIXED_TIME,NONE,0.0,,
436,fixed-time,0,15,0,6,0.0,49.0,NONE,NONE,False,NONE,FIXED_TIME,NONE,0.0,,
437,fixed-time,0,16,0,6,0.0,55.0,NONE,NONE,False,NONE,FIXED_TIME,NONE,0.0,,
438,fixed-time,0,17,0,6,0.0,61.0,NONE,NONE,False,NONE,FIXED_TIME,NONE,0.0,,
439,fixed-time,0,18,0,7,0.0,68.0,NONE,NONE,False,NONE,FIXED_TIME,NONE,0.0,,
440,fixed-time,0,19,0,7,0.0,75.0,NONE,NONE,False,NONE,FIXED_TIME,NONE,0.0,,
441,fixed-time,0,20,0,8,0.0,83.0,NONE,NONE,False,NONE,FIXED_TIME,NONE,0.0,,
442,fixed-time,0,21,0,8,0.0,91.0,NONE,NONE,False,NONE,FIXED_TIME,NONE,0.0,,
443,fixed-time,0,22,0,8,0.0,99.0,NONE,NONE,False,NONE,FIXED_TIME,NONE,0.0,,
444,fixed-time,0,23,0,9,0.0,108.0,NONE,NONE,False,NONE,FIXED_TIME,NONE,0.0,,
445,fixed-time,0,24,0,10,0.0,118.0,NONE,NONE,False,NONE,FIXED_TIME,NONE,0.0,,
446,fixed-time,0,25,0,10,0.0,128.0,NONE,NONE,False,NONE,FIXED_TIME,NONE,0.0,,
447,fixed-time,0,26,0,10,0.0,138.0,NONE,NONE,False,NONE,FIXED_TIME,NONE,0.0,,
448,fixed-time,0,27,0,10,0.0,148.0,NONE,NONE,False,NONE,FIXED_TIME,NONE,0.0,,
449,fixed-time,0,28,0,10,0.0,158.0,NONE,NONE,False,NONE,FIXED_TIME,NONE,0.0,,
450,fixed-time,0,29,0,10,0.0,168.0,NONE,NONE,False,NONE,FIXED_TIME,NONE,0.0,,
451,fixed-time,1,0,0,11,0.0,179.0,NONE,NONE,False,NONE,FIXED_TIME,NONE,0.0,,
452,fixed-time,1,1,0,12,0.0,191.0,NONE,NONE,False,NONE,FIXED_TIME,NONE,0.0,,
453,fixed-time,1,2,0,12,0.0,203.0,NONE,NONE,False,NONE,FIXED_TIME,NONE,0.0,,
454,fixed-time,2,0,0,12,0.0,215.0,NONE,NONE,False,NONE,FIXED_TIME,NONE,0.0,,
455,fixed-time,2,1,0,12,0.0,227.0,NONE,NONE,False,NONE,FIXED_TIME,NONE,0.0,,
456,fixed-time,3,0,2,10,2.0,170.0,NONE,NONE,False,NONE,FIXED_TIME,NONE,0.0,,
457,fixed-time,3,1,2,10,4.0,124.0,NONE,NONE,False,NONE,FIXED_TIME,NONE,0.0,,
458,fixed-time,3,2,2,8,6.0,86.0,NONE,NONE,False,NONE,FIXED_TIME,NONE,0.0,,
459,fixed-time,3,3,2,6,8.0,54.0,NONE,NONE,False,NONE,FIXED_TIME,NONE,0.0,,
460,fixed-time,3,4,2,4,10.0,27.0,NONE,NONE,False,NONE,FIXED_TIME,NONE,0.0,,
461,fixed-time,3,5,4,3,14.0,11.0,NONE,NONE,False,NONE,FIXED_TIME,NONE,0.0,,
462,fixed-time,3,6,4,1,18.0,2.0,NONE,NONE,False,NONE,FIXED_TIME,NONE,0.0,,
463,fixed-time,3,7,4,0,22.0,0.0,NONE,NONE,False,NONE,FIXED_TIME,NONE,0.0,,
464,fixed-time,3,8,4,0,26.0,0.0,NONE,NONE,False,NONE,FIXED_TIME,NONE,0.0,,
465,fixed-time,3,9,4,0,30.0,0.0,NONE,NONE,False,NONE,FIXED_TIME,NONE,0.0,,
466,fixed-time,3,10,6,0,36.0,0.0,NONE,NONE,False,NONE,FIXED_TIME,NONE,0.0,,
467,fixed-time,3,11,6,0,42.0,0.0,NONE,NONE,False,NONE,FIXED_TIME,NONE,0.0,,
468,fixed-time,3,12,6,0,48.0,0.0,NONE,NONE,False,NONE,FIXED_TIME,NONE,0.0,,
469,fixed-time,3,13,6,0,54.0,0.0,NONE,NONE,False,NONE,FIXED_TIME,NONE,0.0,,
470,fixed-time,3,14,6,0,60.0,0.0,NONE,NONE,False,NONE,FIXED_TIME,NONE,0.0,,
471,fixed-time,3,15,6,0,66.0,0.0,NONE,NONE,False,NONE,FIXED_TIME,NONE,0.0,,
472,fixed-time,3,16,7,0,73.0,0.0,NONE,NONE,False,NONE,FIXED_TIME,NONE,0.0,,
473,fixed-time,3,17,7,0,80.0,0.0,NONE,NONE,False,NONE,FIXED_TIME,NONE,0.0,,
474,fixed-time,3,18,8,0,88.0,0.0,NONE,NONE,False,NONE,FIXED_TIME,NONE,0.0,,
475,fixed-time,3,19,8,0,96.0,0.0,NONE,NONE,False,NONE,FIXED_TIME,NONE,0.0,,
476,fixed-time,3,20,8,0,104.0,0.0,NONE,NONE,False,NONE,FIXED_TIME,NONE,0.0,,
477,fixed-time,3,21,8,0,112.0,0.0,NONE,NONE,False,NONE,FIXED_TIME,NONE,0.0,,
478,fixed-time,3,22,10,0,122.0,0.0,NONE,NONE,False,NONE,FIXED_TIME,NONE,0.0,,
479,fixed-time,3,23,10,0,132.0,0.0,NONE,NONE,False,NONE,FIXED_TIME,NONE,0.0,,
480,fixed-time,3,24,10,0,142.0,0.0,NONE,NONE,False,NONE,FIXED_TIME,NONE,0.0,,
481,fixed-time,3,25,10,0,152.0,0.0,NONE,NONE,False,NONE,FIXED_TIME,NONE,0.0,,
482,fixed-time,3,26,11,0,163.0,0.0,NONE,NONE,False,NONE,FIXED_TIME,NONE,0.0,,
483,fixed-time,3,27,11,0,174.0,0.0,NONE,NONE,False,NONE,FIXED_TIME,NONE,0.0,,
484,fixed-time,3,28,12,0,186.0,0.0,NONE,NONE,False,NONE,FIXED_TIME,NONE,0.0,,
485,fixed-time,3,29,12,0,198.0,0.0,NONE,NONE,False,NONE,FIXED_TIME,NONE,0.0,,
486,fixed-time,4,0,12,0,210.0,0.0,NONE,NONE,False,NONE,FIXED_TIME,NONE,0.0,,
487,fixed-time,4,1,13,0,223.0,0.0,NONE,NONE,False,NONE,FIXED_TIME,NONE,0.0,,
488,fixed-time,4,2,14,0,237.0,0.0,NONE,NONE,False,NONE,FIXED_TIME,NONE,0.0,,
489,fixed-time,5,0,14,0,251.0,0.0,NONE,NONE,False,NONE,FIXED_TIME,NONE,0.0,,
490,fixed-time,5,1,14,0,265.0,0.0,NONE,NONE,False,NONE,FIXED_TIME,NONE,0.0,,
491,fixed-time,0,0,12,0,207.0,0.0,NONE,NONE,False,NONE,FIXED_TIME,NONE,0.0,,
492,fixed-time,0,1,10,1,155.0,1.0,NONE,NONE,False,NONE,FIXED_TIME,NONE,0.0,,
493,fixed-time,0,2,8,2,109.0,3.0,NONE,NONE,False,NONE,FIXED_TIME,NONE,0.0,,
494,fixed-time,0,3,7,2,74.0,5.0,NONE,NONE,False,NONE,FIXED_TIME,NONE,0.0,,
495,fixed-time,0,4,6,2,46.0,7.0,NONE,NONE,False,NONE,FIXED_TIME,NONE,0.0,,
496,fixed-time,0,5,4,2,24.0,9.0,NONE,NONE,False,NONE,FIXED_TIME,NONE,0.0,,
497,fixed-time,0,6,2,2,7.0,11.0,NONE,NONE,False,NONE,FIXED_TIME,NONE,0.0,,
498,fixed-time,0,7,0,3,0.0,14.0,NONE,NONE,False,NONE,FIXED_TIME,NONE,0.0,,
499,fixed-time,0,8,0,4,0.0,18.0,NONE,NONE,False,NONE,FIXED_TIME,NONE,0.0,,
500,fixed-time,0,9,0,4,0.0,22.0,NONE,NONE,False,NONE,FIXED_TIME,NONE,0.0,,
501,fixed-time,0,10,0,4,0.0,26.0,NONE,NONE,False,NONE,FIXED_TIME,NONE,0.0,,
502,fixed-time,0,11,0,4,0.0,30.0,NONE,NONE,False,NONE,FIXED_TIME,NONE,0.0,,
503,fixed-time,0,12,0,4,0.0,34.0,NONE,NONE,False,NONE,FIXED_TIME,NONE,0.0,,
504,fixed-time,0,13,0,6,0.0,40.0,NONE,NONE,False,NONE,FIXED_TIME,NONE,0.0,,
505,fixed-time,0,14,0,6,0.0,46.0,NONE,NONE,False,NONE,FIXED_TIME,NONE,0.0,,
506,fixed-time,0,15,0,6,0.0,52.0,NONE,NONE,False,NONE,FIXED_TIME,NONE,0.0,,
507,fixed-time,0,16,0,6,0.0,58.0,NONE,NONE,False,NONE,FIXED_TIME,NONE,0.0,,
508,fixed-time,0,17,0,7,0.0,65.0,NONE,NONE,False,NONE,FIXED_TIME,NONE,0.0,,
509,fixed-time,0,18,0,8,0.0,73.0,NONE,NONE,False,NONE,FIXED_TIME,NONE,0.0,,
510,fixed-time,0,19,0,8,0.0,81.0,NONE,NONE,False,NONE,FIXED_TIME,NONE,0.0,,
511,fixed-time,0,20,0,8,0.0,89.0,NONE,NONE,False,NONE,FIXED_TIME,NONE,0.0,,
512,fixed-time,0,21,0,8,0.0,97.0,NONE,NONE,False,NONE,FIXED_TIME,NONE,0.0,,
513,fixed-time,0,22,0,8,0.0,105.0,NONE,NONE,False,NONE,FIXED_TIME,NONE,0.0,,
514,fixed-time,0,23,0,8,0.0,113.0,NONE,NONE,False,NONE,FIXED_TIME,NONE,0.0,,
515,fixed-time,0,24,0,8,0.0,121.0,NONE,NONE,False,NONE,FIXED_TIME,NONE,0.0,,
516,fixed-time,0,25,0,10,0.0,131.0,NONE,NONE,False,NONE,FIXED_TIME,NONE,0.0,,
517,fixed-time,0,26,0,10,0.0,141.0,NONE,NONE,False,NONE,FIXED_TIME,NONE,0.0,,
518,fixed-time,0,27,0,10,0.0,151.0,NONE,NONE,False,NONE,FIXED_TIME,NONE,0.0,,
519,fixed-time,0,28,0,10,0.0,161.0,NONE,NONE,False,NONE,FIXED_TIME,NONE,0.0,,
520,fixed-time,0,29,0,10,0.0,171.0,NONE,NONE,False,NONE,FIXED_TIME,NONE,0.0,,
521,fixed-time,1,0,0,12,0.0,183.0,NONE,NONE,False,NONE,FIXED_TIME,NONE,0.0,,
522,fixed-time,1,1,0,12,0.0,195.0,NONE,NONE,False,NONE,FIXED_TIME,NONE,0.0,,
523,fixed-time,1,2,0,12,0.0,207.0,NONE,NONE,False,NONE,FIXED_TIME,NONE,0.0,,
524,fixed-time,2,0,0,12,0.0,219.0,NONE,NONE,False,NONE,FIXED_TIME,NONE,0.0,,
525,fixed-time,2,1,0,12,0.0,231.0,NONE,NONE,False,NONE,FIXED_TIME,NONE,0.0,,
526,fixed-time,3,0,0,12,0.0,176.0,NONE,NONE,False,NONE,FIXED_TIME,NONE,0.0,,
527,fixed-time,3,1,1,10,1.0,129.0,NONE,NONE,False,NONE,FIXED_TIME,NONE,0.0,,
528,fixed-time,3,2,1,8,2.0,89.0,NONE,NONE,False,NONE,FIXED_TIME,NONE,0.0,,
529,fixed-time,3,3,2,6,4.0,54.0,NONE,NONE,False,NONE,FIXED_TIME,NONE,0.0,,
530,fixed-time,3,4,2,4,6.0,30.0,NONE,NONE,False,NONE,FIXED_TIME,NONE,0.0,,
531,fixed-time,3,5,2,2,8.0,12.0,NONE,NONE,False,NONE,FIXED_TIME,NONE,0.0,,
532,fixed-time,3,6,2,1,10.0,1.0,NONE,NONE,False,NONE,FIXED_TIME,NONE,0.0,,
533,fixed-time,3,7,3,0,13.0,0.0,NONE,NONE,False,NONE,FIXED_TIME,NONE,0.0,,
534,fixed-time,3,8,4,0,17.0,0.0,NONE,NONE,False,NONE,FIXED_TIME,NONE,0.0,,
535,fixed-time,3,9,4,0,21.0,0.0,NONE,NONE,False,NONE,FIXED_TIME,NONE,0.0,,
536,fixed-time,3,10,4,0,25.0,0.0,NONE,NONE,False,NONE,FIXED_TIME,NONE,0.0,,
537,fixed-time,3,11,4,0,29.0,0.0,NONE,NONE,False,NONE,FIXED_TIME,NONE,0.0,,
538,fixed-time,3,12,5,0,34.0,0.0,NONE,NONE,False,NONE,FIXED_TIME,NONE,0.0,,
539,fixed-time,3,13,6,0,40.0,0.0,NONE,NONE,False,NONE,FIXED_TIME,NONE,0.0,,
540,fixed-time,3,14,6,0,46.0,0.0,NONE,NONE,False,NONE,FIXED_TIME,NONE,0.0,,
541,fixed-time,3,15,6,0,52.0,0.0,NONE,NONE,False,NONE,FIXED_TIME,NONE,0.0,,
542,fixed-time,3,16,6,0,58.0,0.0,NONE,NONE,False,NONE,FIXED_TIME,NONE,0.0,,
543,fixed-time,3,17,6,0,64.0,0.0,NONE,NONE,False,NONE,FIXED_TIME,NONE,0.0,,
544,fixed-time,3,18,7,0,71.0,0.0,NONE,NONE,False,NONE,FIXED_TIME,NONE,0.0,,
545,fixed-time,3,19,8,0,79.0,0.0,NONE,NONE,False,NONE,FIXED_TIME,NONE,0.0,,
546,fixed-time,3,20,8,0,87.0,0.0,NONE,NONE,False,NONE,FIXED_TIME,NONE,0.0,,
547,fixed-time,3,21,8,0,95.0,0.0,NONE,NONE,False,NONE,FIXED_TIME,NONE,0.0,,
548,fixed-time,3,22,8,0,103.0,0.0,NONE,NONE,False,NONE,FIXED_TIME,NONE,0.0,,
549,fixed-time,3,23,9,0,112.0,0.0,NONE,NONE,False,NONE,FIXED_TIME,NONE,0.0,,
550,fixed-time,3,24,10,0,122.0,0.0,NONE,NONE,False,NONE,FIXED_TIME,NONE,0.0,,
551,fixed-time,3,25,10,0,132.0,0.0,NONE,NONE,False,NONE,FIXED_TIME,NONE,0.0,,
552,fixed-time,3,26,10,0,142.0,0.0,NONE,NONE,False,NONE,FIXED_TIME,NONE,0.0,,
553,fixed-time,3,27,10,0,152.0,0.0,NONE,NONE,False,NONE,FIXED_TIME,NONE,0.0,,
554,fixed-time,3,28,11,0,163.0,0.0,NONE,NONE,False,NONE,FIXED_TIME,NONE,0.0,,
555,fixed-time,3,29,12,0,175.0,0.0,NONE,NONE,False,NONE,FIXED_TIME,NONE,0.0,,
556,fixed-time,4,0,12,0,187.0,0.0,NONE,NONE,False,NONE,FIXED_TIME,NONE,0.0,,
557,fixed-time,4,1,12,0,199.0,0.0,NONE,NONE,False,NONE,FIXED_TIME,NONE,0.0,,
558,fixed-time,4,2,12,0,211.0,0.0,NONE,NONE,False,NONE,FIXED_TIME,NONE,0.0,,
559,fixed-time,5,0,13,0,224.0,0.0,NONE,NONE,False,NONE,FIXED_TIME,NONE,0.0,,
560,fixed-time,5,1,14,1,238.0,1.0,NONE,NONE,False,NONE,FIXED_TIME,NONE,0.0,,
561,fixed-time,0,0,12,2,184.0,3.0,NONE,NONE,False,NONE,FIXED_TIME,NONE,0.0,,
562,fixed-time,0,1,10,2,137.0,5.0,NONE,NONE,False,NONE,FIXED_TIME,NONE,0.0,,
563,fixed-time,0,2,8,2,96.0,7.0,NONE,NONE,False,NONE,FIXED_TIME,NONE,0.0,,
564,fixed-time,0,3,6,2,63.0,9.0,NONE,NONE,False,NONE,FIXED_TIME,NONE,0.0,,
565,fixed-time,0,4,4,2,36.0,11.0,NONE,NONE,False,NONE,FIXED_TIME,NONE,0.0,,
566,fixed-time,0,5,4,3,17.0,14.0,NONE,NONE,False,NONE,FIXED_TIME,NONE,0.0,,
567,fixed-time,0,6,2,3,4.0,17.0,NONE,NONE,False,NONE,FIXED_TIME,NONE,0.0,,
568,fixed-time,0,7,0,4,0.0,21.0,NONE,NONE,False,NONE,FIXED_TIME,NONE,0.0,,
569,fixed-time,0,8,0,4,0.0,25.0,NONE,NONE,False,NONE,FIXED_TIME,NONE,0.0,,
570,fixed-time,0,9,0,4,0.0,29.0,NONE,NONE,False,NONE,FIXED_TIME,NONE,0.0,,
571,fixed-time,0,10,0,4,0.0,33.0,NONE,NONE,False,NONE,FIXED_TIME,NONE,0.0,,
572,fixed-time,0,11,0,5,0.0,38.0,NONE,NONE,False,NONE,FIXED_TIME,NONE,0.0,,
573,fixed-time,0,12,0,6,0.0,44.0,NONE,NONE,False,NONE,FIXED_TIME,NONE,0.0,,
574,fixed-time,0,13,0,6,0.0,50.0,NONE,NONE,False,NONE,FIXED_TIME,NONE,0.0,,
575,fixed-time,0,14,0,6,0.0,56.0,NONE,NONE,False,NONE,FIXED_TIME,NONE,0.0,,
576,fixed-time,0,15,0,6,0.0,62.0,NONE,NONE,False,NONE,FIXED_TIME,NONE,0.0,,
577,fixed-time,0,16,0,6,0.0,68.0,NONE,NONE,False,NONE,FIXED_TIME,NONE,0.0,,
578,fixed-time,0,17,0,6,0.0,74.0,NONE,NONE,False,NONE,FIXED_TIME,NONE,0.0,,
579,fixed-time,0,18,0,8,0.0,82.0,NONE,NONE,False,NONE,FIXED_TIME,NONE,0.0,,
580,fixed-time,0,19,0,8,0.0,90.0,NONE,NONE,False,NONE,FIXED_TIME,NONE,0.0,,
581,fixed-time,0,20,0,8,0.0,98.0,NONE,NONE,False,NONE,FIXED_TIME,NONE,0.0,,
582,fixed-time,0,21,0,8,0.0,106.0,NONE,NONE,False,NONE,FIXED_TIME,NONE,0.0,,
583,fixed-time,0,22,0,9,0.0,115.0,NONE,NONE,False,NONE,FIXED_TIME,NONE,0.0,,
584,fixed-time,0,23,0,10,0.0,125.0,NONE,NONE,False,NONE,FIXED_TIME,NONE,0.0,,
585,fixed-time,0,24,0,10,0.0,135.0,NONE,NONE,False,NONE,FIXED_TIME,NONE,0.0,,
586,fixed-time,0,25,0,10,0.0,145.0,NONE,NONE,False,NONE,FIXED_TIME,NONE,0.0,,
587,fixed-time,0,26,0,10,0.0,155.0,NONE,NONE,False,NONE,FIXED_TIME,NONE,0.0,,
588,fixed-time,0,27,0,10,0.0,165.0,NONE,NONE,False,NONE,FIXED_TIME,NONE,0.0,,
589,fixed-time,0,28,0,10,0.0,175.0,NONE,NONE,False,NONE,FIXED_TIME,NONE,0.0,,
590,fixed-time,0,29,0,10,0.0,185.0,NONE,NONE,False,NONE,FIXED_TIME,NONE,0.0,,
591,fixed-time,1,0,0,12,0.0,197.0,NONE,NONE,False,NONE,FIXED_TIME,NONE,0.0,,
592,fixed-time,1,1,0,12,0.0,209.0,NONE,NONE,False,NONE,FIXED_TIME,NONE,0.0,,
593,fixed-time,1,2,0,12,0.0,221.0,NONE,NONE,False,NONE,FIXED_TIME,NONE,0.0,,
594,fixed-time,2,0,0,12,0.0,233.0,NONE,NONE,False,NONE,FIXED_TIME,NONE,0.0,,
595,fixed-time,2,1,0,12,0.0,245.0,NONE,NONE,False,NONE,FIXED_TIME,NONE,0.0,,
596,fixed-time,3,0,0,11,0.0,185.0,NONE,NONE,False,NONE,FIXED_TIME,NONE,0.0,,
597,fixed-time,3,1,0,10,0.0,135.0,NONE,NONE,False,NONE,FIXED_TIME,NONE,0.0,,
598,fixed-time,3,2,1,8,1.0,92.0,NONE,NONE,False,NONE,FIXED_TIME,NONE,0.0,,
599,fixed-time,3,3,1,6,2.0,58.0,NONE,NONE,False,NONE,FIXED_TIME,NONE,0.0,,
600,fixed-time,3,4,2,4,4.0,29.0,NONE,NONE,False,NONE,FIXED_TIME,NONE,0.0,,
601,fixed-time,3,5,2,2,6.0,11.0,NONE,NONE,False,NONE,FIXED_TIME,NONE,0.0,,
602,fixed-time,3,6,2,2,8.0,2.0,NONE,NONE,False,NONE,FIXED_TIME,NONE,0.0,,
603,fixed-time,3,7,2,0,10.0,0.0,NONE,NONE,False,NONE,FIXED_TIME,NONE,0.0,,
604,fixed-time,3,8,2,0,12.0,0.0,NONE,NONE,False,NONE,FIXED_TIME,NONE,0.0,,
605,fixed-time,3,9,3,0,15.0,0.0,NONE,NONE,False,NONE,FIXED_TIME,NONE,0.0,,
606,fixed-time,3,10,4,0,19.0,0.0,NONE,NONE,False,NONE,FIXED_TIME,NONE,0.0,,
607,fixed-time,3,11,4,0,23.0,0.0,NONE,NONE,False,NONE,FIXED_TIME,NONE,0.0,,
608,fixed-time,3,12,4,0,27.0,0.0,NONE,NONE,False,NONE,FIXED_TIME,NONE,0.0,,
609,fixed-time,3,13,4,0,31.0,0.0,NONE,NONE,False,NONE,FIXED_TIME,NONE,0.0,,
610,fixed-time,3,14,4,0,35.0,0.0,NONE,NONE,False,NONE,FIXED_TIME,NONE,0.0,,
611,fixed-time,3,15,6,0,41.0,0.0,NONE,NONE,False,NONE,FIXED_TIME,NONE,0.0,,
612,fixed-time,3,16,6,0,47.0,0.0,NONE,NONE,False,NONE,FIXED_TIME,NONE,0.0,,
613,fixed-time,3,17,6,0,53.0,0.0,NONE,NONE,False,NONE,FIXED_TIME,NONE,0.0,,
614,fixed-time,3,18,6,0,59.0,0.0,NONE,NONE,False,NONE,FIXED_TIME,NONE,0.0,,
615,fixed-time,3,19,6,0,65.0,0.0,NONE,NONE,False,NONE,FIXED_TIME,NONE,0.0,,
616,fixed-time,3,20,8,0,73.0,0.0,NONE,NONE,False,NONE,FIXED_TIME,NONE,0.0,,
617,fixed-time,3,21,8,0,81.0,0.0,NONE,NONE,False,NONE,FIXED_TIME,NONE,0.0,,
618,fixed-time,3,22,8,0,89.0,0.0,NONE,NONE,False,NONE,FIXED_TIME,NONE,0.0,,
619,fixed-time,3,23,8,0,97.0,0.0,NONE,NONE,False,NONE,FIXED_TIME,NONE,0.0,,
620,fixed-time,3,24,9,0,106.0,0.0,NONE,NONE,False,NONE,FIXED_TIME,NONE,0.0,,
621,fixed-time,3,25,10,0,116.0,0.0,NONE,NONE,False,NONE,FIXED_TIME,NONE,0.0,,
622,fixed-time,3,26,10,0,126.0,0.0,NONE,NONE,False,NONE,FIXED_TIME,NONE,0.0,,
623,fixed-time,3,27,10,0,136.0,0.0,NONE,NONE,False,NONE,FIXED_TIME,NONE,0.0,,
624,fixed-time,3,28,10,0,146.0,0.0,NONE,NONE,False,NONE,FIXED_TIME,NONE,0.0,,
625,fixed-time,3,29,10,0,156.0,0.0,NONE,NONE,False,NONE,FIXED_TIME,NONE,0.0,,
626,fixed-time,4,0,12,0,168.0,0.0,NONE,NONE,False,NONE,FIXED_TIME,NONE,0.0,,
627,fixed-time,4,1,12,0,180.0,0.0,NONE,NONE,False,NONE,FIXED_TIME,NONE,0.0,,
628,fixed-time,4,2,12,0,192.0,0.0,NONE,NONE,False,NONE,FIXED_TIME,NONE,0.0,,
629,fixed-time,5,0,12,0,204.0,0.0,NONE,NONE,False,NONE,FIXED_TIME,NONE,0.0,,
630,fixed-time,5,1,12,1,216.0,1.0,NONE,NONE,False,NONE,FIXED_TIME,NONE,0.0,,
631,fixed-time,0,0,11,1,163.0,2.0,NONE,NONE,False,NONE,FIXED_TIME,NONE,0.0,,
632,fixed-time,0,1,9,2,119.0,4.0,NONE,NONE,False,NONE,FIXED_TIME,NONE,0.0,,
633,fixed-time,0,2,8,2,83.0,6.0,NONE,NONE,False,NONE,FIXED_TIME,NONE,0.0,,
634,fixed-time,0,3,6,2,53.0,8.0,NONE,NONE,False,NONE,FIXED_TIME,NONE,0.0,,
635,fixed-time,0,4,4,2,28.0,10.0,NONE,NONE,False,NONE,FIXED_TIME,NONE,0.0,,
636,fixed-time,0,5,2,3,10.0,13.0,NONE,NONE,False,NONE,FIXED_TIME,NONE,0.0,,
637,fixed-time,0,6,0,4,0.0,17.0,NONE,NONE,False,NONE,FIXED_TIME,NONE,0.0,,
638,fixed-time,0,7,0,4,0.0,21.0,NONE,NONE,False,NONE,FIXED_TIME,NONE,0.0,,
639,fixed-time,0,8,0,4,0.0,25.0,NONE,NONE,False,NONE,FIXED_TIME,NONE,0.0,,
640,fixed-time,0,9,0,4,0.0,29.0,NONE,NONE,False,NONE,FIXED_TIME,NONE,0.0,,
641,fixed-time,0,10,0,4,0.0,33.0,NONE,NONE,False,NONE,FIXED_TIME,NONE,0.0,,
642,fixed-time,0,11,0,5,0.0,38.0,NONE,NONE,False,NONE,FIXED_TIME,NONE,0.0,,
643,fixed-time,0,12,0,6,0.0,44.0,NONE,NONE,False,NONE,FIXED_TIME,NONE,0.0,,
644,fixed-time,0,13,0,6,0.0,50.0,NONE,NONE,False,NONE,FIXED_TIME,NONE,0.0,,
645,fixed-time,0,14,0,6,0.0,56.0,NONE,NONE,False,NONE,FIXED_TIME,NONE,0.0,,
646,fixed-time,0,15,0,6,0.0,62.0,NONE,NONE,False,NONE,FIXED_TIME,NONE,0.0,,
647,fixed-time,0,16,0,6,0.0,68.0,NONE,NONE,False,NONE,FIXED_TIME,NONE,0.0,,
648,fixed-time,0,17,0,7,0.0,75.0,NONE,NONE,False,NONE,FIXED_TIME,NONE,0.0,,
649,fixed-time,0,18,0,8,0.0,83.0,NONE,NONE,False,NONE,FIXED_TIME,NONE,0.0,,
650,fixed-time,0,19,0,8,0.0,91.0,NONE,NONE,False,NONE,FIXED_TIME,NONE,0.0,,
651,fixed-time,0,20,0,8,0.0,99.0,NONE,NONE,False,NONE,FIXED_TIME,NONE,0.0,,
652,fixed-time,0,21,0,8,0.0,107.0,NONE,NONE,False,NONE,FIXED_TIME,NONE,0.0,,
653,fixed-time,0,22,0,8,0.0,115.0,NONE,NONE,False,NONE,FIXED_TIME,NONE,0.0,,
654,fixed-time,0,23,0,8,0.0,123.0,NONE,NONE,False,NONE,FIXED_TIME,NONE,0.0,,
655,fixed-time,0,24,0,10,0.0,133.0,NONE,NONE,False,NONE,FIXED_TIME,NONE,0.0,,
656,fixed-time,0,25,0,10,0.0,143.0,NONE,NONE,False,NONE,FIXED_TIME,NONE,0.0,,
657,fixed-time,0,26,0,10,0.0,153.0,NONE,NONE,False,NONE,FIXED_TIME,NONE,0.0,,
658,fixed-time,0,27,0,10,0.0,163.0,NONE,NONE,False,NONE,FIXED_TIME,NONE,0.0,,
659,fixed-time,0,28,0,11,0.0,174.0,NONE,NONE,False,NONE,FIXED_TIME,NONE,0.0,,
660,fixed-time,0,29,0,12,0.0,186.0,NONE,NONE,False,NONE,FIXED_TIME,NONE,0.0,,
661,fixed-time,1,0,0,12,0.0,198.0,NONE,NONE,False,NONE,FIXED_TIME,NONE,0.0,,
662,fixed-time,1,1,0,12,0.0,210.0,NONE,NONE,False,NONE,FIXED_TIME,NONE,0.0,,
663,fixed-time,1,2,0,12,0.0,222.0,NONE,NONE,False,NONE,FIXED_TIME,NONE,0.0,,
664,fixed-time,2,0,0,12,0.0,234.0,NONE,NONE,False,NONE,FIXED_TIME,NONE,0.0,,
665,fixed-time,2,1,1,13,1.0,247.0,NONE,NONE,False,NONE,FIXED_TIME,NONE,0.0,,
666,fixed-time,3,0,2,12,3.0,189.0,NONE,NONE,False,NONE,FIXED_TIME,NONE,0.0,,
667,fixed-time,3,1,2,10,5.0,138.0,NONE,NONE,False,NONE,FIXED_TIME,NONE,0.0,,
668,fixed-time,3,2,2,8,7.0,95.0,NONE,NONE,False,NONE,FIXED_TIME,NONE,0.0,,
669,fixed-time,3,3,2,6,9.0,60.0,NONE,NONE,False,NONE,FIXED_TIME,NONE,0.0,,
670,fixed-time,3,4,2,5,11.0,35.0,NONE,NONE,False,NONE,FIXED_TIME,NONE,0.0,,
671,fixed-time,3,5,4,3,15.0,15.0,NONE,NONE,False,NONE,FIXED_TIME,NONE,0.0,,
672,fixed-time,3,6,4,2,19.0,4.0,NONE,NONE,False,NONE,FIXED_TIME,NONE,0.0,,
673,fixed-time,3,7,4,0,23.0,0.0,NONE,NONE,False,NONE,FIXED_TIME,NONE,0.0,,
674,fixed-time,3,8,4,0,27.0,0.0,NONE,NONE,False,NONE,FIXED_TIME,NONE,0.0,,
675,fixed-time,3,9,5,0,32.0,0.0,NONE,NONE,False,NONE,FIXED_TIME,NONE,0.0,,
676,fixed-time,3,10,5,0,37.0,0.0,NONE,NONE,False,NONE,FIXED_TIME,NONE,0.0,,
677,fixed-time,3,11,6,0,43.0,0.0,NONE,NONE,False,NONE,FIXED_TIME,NONE,0.0,,
678,fixed-time,3,12,6,0,49.0,0.0,NONE,NONE,False,NONE,FIXED_TIME,NONE,0.0,,
679,fixed-time,3,13,6,0,55.0,0.0,NONE,NONE,False,NONE,FIXED_TIME,NONE,0.0,,
680,fixed-time,3,14,6,0,61.0,0.0,NONE,NONE,False,NONE,FIXED_TIME,NONE,0.0,,
681,fixed-time,3,15,7,0,68.0,0.0,NONE,NONE,False,NONE,FIXED_TIME,NONE,0.0,,
682,fixed-time,3,16,8,0,76.0,0.0,NONE,NONE,False,NONE,FIXED_TIME,NONE,0.0,,
683,fixed-time,3,17,8,0,84.0,0.0,NONE,NONE,False,NONE,FIXED_TIME,NONE,0.0,,
684,fixed-time,3,18,8,0,92.0,0.0,NONE,NONE,False,NONE,FIXED_TIME,NONE,0.0,,
685,fixed-time,3,19,8,0,100.0,0.0,NONE,NONE,False,NONE,FIXED_TIME,NONE,0.0,,
686,fixed-time,3,20,8,0,108.0,0.0,NONE,NONE,False,NONE,FIXED_TIME,NONE,0.0,,
687,fixed-time,3,21,10,0,118.0,0.0,NONE,NONE,False,NONE,FIXED_TIME,NONE,0.0,,
688,fixed-time,3,22,10,0,128.0,0.0,NONE,NONE,False,NONE,FIXED_TIME,NONE,0.0,,
689,fixed-time,3,23,10,0,138.0,0.0,NONE,NONE,False,NONE,FIXED_TIME,NONE,0.0,,
690,fixed-time,3,24,10,0,148.0,0.0,NONE,NONE,False,NONE,FIXED_TIME,NONE,0.0,,
691,fixed-time,3,25,10,0,158.0,0.0,NONE,NONE,False,NONE,FIXED_TIME,NONE,0.0,,
692,fixed-time,3,26,12,0,170.0,0.0,NONE,NONE,False,NONE,FIXED_TIME,NONE,0.0,,
693,fixed-time,3,27,12,0,182.0,0.0,NONE,NONE,False,NONE,FIXED_TIME,NONE,0.0,,
694,fixed-time,3,28,12,0,194.0,0.0,NONE,NONE,False,NONE,FIXED_TIME,NONE,0.0,,
695,fixed-time,3,29,12,0,206.0,0.0,NONE,NONE,False,NONE,FIXED_TIME,NONE,0.0,,
696,fixed-time,4,0,12,0,218.0,0.0,NONE,NONE,False,NONE,FIXED_TIME,NONE,0.0,,
697,fixed-time,4,1,12,0,230.0,0.0,NONE,NONE,False,NONE,FIXED_TIME,NONE,0.0,,
698,fixed-time,4,2,13,0,243.0,0.0,NONE,NONE,False,NONE,FIXED_TIME,NONE,0.0,,
699,fixed-time,5,0,14,1,257.0,1.0,NONE,NONE,False,NONE,FIXED_TIME,NONE,0.0,,
700,fixed-time,5,1,14,1,271.0,2.0,NONE,NONE,False,NONE,FIXED_TIME,NONE,0.0,,
701,fixed-time,0,0,12,2,212.0,4.0,NONE,NONE,False,NONE,FIXED_TIME,NONE,0.0,,
702,fixed-time,0,1,10,2,160.0,6.0,NONE,NONE,False,NONE,FIXED_TIME,NONE,0.0,,
703,fixed-time,0,2,10,2,116.0,8.0,NONE,NONE,False,NONE,FIXED_TIME,NONE,0.0,,
704,fixed-time,0,3,8,2,79.0,10.0,NONE,NONE,False,NONE,FIXED_TIME,NONE,0.0,,
705,fixed-time,0,4,6,2,49.0,12.0,NONE,NONE,False,NONE,FIXED_TIME,NONE,0.0,,
706,fixed-time,0,5,4,4,25.0,16.0,NONE,NONE,False,NONE,FIXED_TIME,NONE,0.0,,
707,fixed-time,0,6,2,4,10.0,20.0,NONE,NONE,False,NONE,FIXED_TIME,NONE,0.0,,
708,fixed-time,0,7,0,4,0.0,24.0,NONE,NONE,False,NONE,FIXED_TIME,NONE,0.0,,
709,fixed-time,0,8,0,4,0.0,28.0,NONE,NONE,False,NONE,FIXED_TIME,NONE,0.0,,
710,fixed-time,0,9,0,4,0.0,32.0,NONE,NONE,False,NONE,FIXED_TIME,NONE,0.0,,
711,fixed-time,0,10,0,4,0.0,36.0,NONE,NONE,False,NONE,FIXED_TIME,NONE,0.0,,
712,fixed-time,0,11,0,4,0.0,40.0,NONE,NONE,False,NONE,FIXED_TIME,NONE,0.0,,
713,fixed-time,0,12,0,6,0.0,46.0,NONE,NONE,False,NONE,FIXED_TIME,NONE,0.0,,
714,fixed-time,0,13,0,6,0.0,52.0,NONE,NONE,False,NONE,FIXED_TIME,NONE,0.0,,
715,fixed-time,0,14,0,6,0.0,58.0,NONE,NONE,False,NONE,FIXED_TIME,NONE,0.0,,
716,fixed-time,0,15,0,6,0.0,64.0,NONE,NONE,False,NONE,FIXED_TIME,NONE,0.0,,
717,fixed-time,0,16,0,6,0.0,70.0,NONE,NONE,False,NONE,FIXED_TIME,NONE,0.0,,
718,fixed-time,0,17,0,7,0.0,77.0,NONE,NONE,False,NONE,FIXED_TIME,NONE,0.0,,
719,fixed-time,0,18,0,8,0.0,85.0,NONE,NONE,False,NONE,FIXED_TIME,NONE,0.0,,
720,fixed-time,0,19,0,8,0.0,93.0,NONE,NONE,False,NONE,FIXED_TIME,NONE,0.0,,
721,fixed-time,0,20,0,8,0.0,101.0,NONE,NONE,False,NONE,FIXED_TIME,NONE,0.0,,
722,fixed-time,0,21,0,8,0.0,109.0,NONE,NONE,False,NONE,FIXED_TIME,NONE,0.0,,
723,fixed-time,0,22,0,9,0.0,118.0,NONE,NONE,False,NONE,FIXED_TIME,NONE,0.0,,
724,fixed-time,0,23,0,10,0.0,128.0,NONE,NONE,False,NONE,FIXED_TIME,NONE,0.0,,
725,fixed-time,0,24,0,10,0.0,138.0,NONE,NONE,False,NONE,FIXED_TIME,NONE,0.0,,
726,fixed-time,0,25,0,10,0.0,148.0,NONE,NONE,False,NONE,FIXED_TIME,NONE,0.0,,
727,fixed-time,0,26,0,10,0.0,158.0,NONE,NONE,False,NONE,FIXED_TIME,NONE,0.0,,
728,fixed-time,0,27,0,10,0.0,168.0,NONE,NONE,False,NONE,FIXED_TIME,NONE,0.0,,
729,fixed-time,0,28,0,10,0.0,178.0,NONE,NONE,False,NONE,FIXED_TIME,NONE,0.0,,
730,fixed-time,0,29,0,11,0.0,189.0,NONE,NONE,False,NONE,FIXED_TIME,NONE,0.0,,
731,fixed-time,1,0,0,12,0.0,201.0,NONE,NONE,False,NONE,FIXED_TIME,NONE,0.0,,
732,fixed-time,1,1,0,12,0.0,213.0,NONE,NONE,False,NONE,FIXED_TIME,NONE,0.0,,
733,fixed-time,1,2,0,12,0.0,225.0,NONE,NONE,False,NONE,FIXED_TIME,NONE,0.0,,
734,fixed-time,2,0,0,12,0.0,237.0,NONE,NONE,False,NONE,FIXED_TIME,NONE,0.0,,
735,fixed-time,2,1,0,13,0.0,250.0,NONE,NONE,False,NONE,FIXED_TIME,NONE,0.0,,
736,fixed-time,3,0,0,12,0.0,190.0,NONE,NONE,False,NONE,FIXED_TIME,NONE,0.0,,
737,fixed-time,3,1,1,10,1.0,138.0,NONE,NONE,False,NONE,FIXED_TIME,NONE,0.0,,
738,fixed-time,3,2,2,8,3.0,96.0,NONE,NONE,False,NONE,FIXED_TIME,NONE,0.0,,
739,fixed-time,3,3,2,6,5.0,61.0,NONE,NONE,False,NONE,FIXED_TIME,NONE,0.0,,
740,fixed-time,3,4,2,5,7.0,33.0,NONE,NONE,False,NONE,FIXED_TIME,NONE,0.0,,
741,fixed-time,3,5,2,4,9.0,16.0,NONE,NONE,False,NONE,FIXED_TIME,NONE,0.0,,
742,fixed-time,3,6,3,2,12.0,5.0,NONE,NONE,False,NONE,FIXED_TIME,NONE,0.0,,
743,fixed-time,3,7,3,0,15.0,0.0,NONE,NONE,False,NONE,FIXED_TIME,NONE,0.0,,
744,fixed-time,3,8,4,0,19.0,0.0,NONE,NONE,False,NONE,FIXED_TIME,NONE,0.0,,
745,fixed-time,3,9,4,0,23.0,0.0,NONE,NONE,False,NONE,FIXED_TIME,NONE,0.0,,
746,fixed-time,3,10,4,0,27.0,0.0,NONE,NONE,False,NONE,FIXED_TIME,NONE,0.0,,
747,fixed-time,3,11,5,0,32.0,0.0,NONE,NONE,False,NONE,FIXED_TIME,NONE,0.0,,
748,fixed-time,3,12,5,0,37.0,0.0,NONE,NONE,False,NONE,FIXED_TIME,NONE,0.0,,
749,fixed-time,3,13,6,0,43.0,0.0,NONE,NONE,False,NONE,FIXED_TIME,NONE,0.0,,
750,fixed-time,3,14,6,0,49.0,0.0,NONE,NONE,False,NONE,FIXED_TIME,NONE,0.0,,
751,fixed-time,3,15,6,0,55.0,0.0,NONE,NONE,False,NONE,FIXED_TIME,NONE,0.0,,
752,fixed-time,3,16,6,0,61.0,0.0,NONE,NONE,False,NONE,FIXED_TIME,NONE,0.0,,
753,fixed-time,3,17,7,0,68.0,0.0,NONE,NONE,False,NONE,FIXED_TIME,NONE,0.0,,
754,fixed-time,3,18,8,0,76.0,0.0,NONE,NONE,False,NONE,FIXED_TIME,NONE,0.0,,
755,fixed-time,3,19,8,0,84.0,0.0,NONE,NONE,False,NONE,FIXED_TIME,NONE,0.0,,
756,fixed-time,3,20,8,0,92.0,0.0,NONE,NONE,False,NONE,FIXED_TIME,NONE,0.0,,
757,fixed-time,3,21,8,0,100.0,0.0,NONE,NONE,False,NONE,FIXED_TIME,NONE,0.0,,
758,fixed-time,3,22,8,0,108.0,0.0,NONE,NONE,False,NONE,FIXED_TIME,NONE,0.0,,
759,fixed-time,3,23,10,0,118.0,0.0,NONE,NONE,False,NONE,FIXED_TIME,NONE,0.0,,
760,fixed-time,3,24,10,0,128.0,0.0,NONE,NONE,False,NONE,FIXED_TIME,NONE,0.0,,
761,fixed-time,3,25,10,0,138.0,0.0,NONE,NONE,False,NONE,FIXED_TIME,NONE,0.0,,
762,fixed-time,3,26,10,0,148.0,0.0,NONE,NONE,False,NONE,FIXED_TIME,NONE,0.0,,
763,fixed-time,3,27,10,0,158.0,0.0,NONE,NONE,False,NONE,FIXED_TIME,NONE,0.0,,
764,fixed-time,3,28,11,0,169.0,0.0,NONE,NONE,False,NONE,FIXED_TIME,NONE,0.0,,
765,fixed-time,3,29,12,0,181.0,0.0,NONE,NONE,False,NONE,FIXED_TIME,NONE,0.0,,
766,fixed-time,4,0,12,0,193.0,0.0,NONE,NONE,False,NONE,FIXED_TIME,NONE,0.0,,
767,fixed-time,4,1,12,0,205.0,0.0,NONE,NONE,False,NONE,FIXED_TIME,NONE,0.0,,
768,fixed-time,4,2,12,0,217.0,0.0,NONE,NONE,False,NONE,FIXED_TIME,NONE,0.0,,
769,fixed-time,5,0,12,0,229.0,0.0,NONE,NONE,False,NONE,FIXED_TIME,NONE,0.0,,
770,fixed-time,5,1,13,1,242.0,1.0,NONE,NONE,False,NONE,FIXED_TIME,NONE,0.0,,
771,fixed-time,0,0,12,1,187.0,2.0,NONE,NONE,False,NONE,FIXED_TIME,NONE,0.0,,
772,fixed-time,0,1,10,1,139.0,3.0,NONE,NONE,False,NONE,FIXED_TIME,NONE,0.0,,
773,fixed-time,0,2,8,1,97.0,4.0,NONE,NONE,False,NONE,FIXED_TIME,NONE,0.0,,
774,fixed-time,0,3,6,1,62.0,5.0,NONE,NONE,False,NONE,FIXED_TIME,NONE,0.0,,
775,fixed-time,0,4,4,1,34.0,6.0,NONE,NONE,False,NONE,FIXED_TIME,NONE,0.0,,
776,fixed-time,0,5,4,2,15.0,8.0,NONE,NONE,False,NONE,FIXED_TIME,NONE,0.0,,
777,fixed-time,0,6,2,3,4.0,11.0,NONE,NONE,False,NONE,FIXED_TIME,NONE,0.0,,
778,fixed-time,0,7,0,3,0.0,14.0,NONE,NONE,False,NONE,FIXED_TIME,NONE,0.0,,
779,fixed-time,0,8,0,3,0.0,17.0,NONE,NONE,False,NONE,FIXED_TIME,NONE,0.0,,
780,fixed-time,0,9,0,3,0.0,20.0,NONE,NONE,False,NONE,FIXED_TIME,NONE,0.0,,
781,fixed-time,0,10,0,4,0.0,24.0,NONE,NONE,False,NONE,FIXED_TIME,NONE,0.0,,
782,fixed-time,0,11,0,4,0.0,28.0,NONE,NONE,False,NONE,FIXED_TIME,NONE,0.0,,
783,fixed-time,0,12,0,5,0.0,33.0,NONE,NONE,False,NONE,FIXED_TIME,NONE,0.0,,
784,fixed-time,0,13,0,5,0.0,38.0,NONE,NONE,False,NONE,FIXED_TIME,NONE,0.0,,
785,fixed-time,0,14,0,5,0.0,43.0,NONE,NONE,False,NONE,FIXED_TIME,NONE,0.0,,
786,fixed-time,0,15,0,5,0.0,48.0,NONE,NONE,False,NONE,FIXED_TIME,NONE,0.0,,
787,fixed-time,0,16,0,7,0.0,55.0,NONE,NONE,False,NONE,FIXED_TIME,NONE,0.0,,
788,fixed-time,0,17,0,7,0.0,62.0,NONE,NONE,False,NONE,FIXED_TIME,NONE,0.0,,
789,fixed-time,0,18,0,7,0.0,69.0,NONE,NONE,False,NONE,FIXED_TIME,NONE,0.0,,
790,fixed-time,0,19,0,7,0.0,76.0,NONE,NONE,False,NONE,FIXED_TIME,NONE,0.0,,
791,fixed-time,0,20,0,7,0.0,83.0,NONE,NONE,False,NONE,FIXED_TIME,NONE,0.0,,
792,fixed-time,0,21,0,7,0.0,90.0,NONE,NONE,False,NONE,FIXED_TIME,NONE,0.0,,
793,fixed-time,0,22,0,8,0.0,98.0,NONE,NONE,False,NONE,FIXED_TIME,NONE,0.0,,
794,fixed-time,0,23,0,8,0.0,106.0,NONE,NONE,False,NONE,FIXED_TIME,NONE,0.0,,
795,fixed-time,0,24,0,9,0.0,115.0,NONE,NONE,False,NONE,FIXED_TIME,NONE,0.0,,
796,fixed-time,0,25,0,9,0.0,124.0,NONE,NONE,False,NONE,FIXED_TIME,NONE,0.0,,
797,fixed-time,0,26,0,9,0.0,133.0,NONE,NONE,False,NONE,FIXED_TIME,NONE,0.0,,
798,fixed-time,0,27,0,9,0.0,142.0,NONE,NONE,False,NONE,FIXED_TIME,NONE,0.0,,
799,fixed-time,0,28,0,10,0.0,152.0,NONE,NONE,False,NONE,FIXED_TIME,NONE,0.0,,
800,fixed-time,0,29,0,11,0.0,163.0,NONE,NONE,False,NONE,FIXED_TIME,NONE,0.0,,
801,fixed-time,1,0,0,11,0.0,174.0,NONE,NONE,False,NONE,FIXED_TIME,NONE,0.0,,
802,fixed-time,1,1,0,11,0.0,185.0,NONE,NONE,False,NONE,FIXED_TIME,NONE,0.0,,
803,fixed-time,1,2,0,12,0.0,197.0,NONE,NONE,False,NONE,FIXED_TIME,NONE,0.0,,
804,fixed-time,2,0,0,13,0.0,210.0,NONE,NONE,False,NONE,FIXED_TIME,NONE,0.0,,
805,fixed-time,2,1,0,13,0.0,223.0,NONE,NONE,False,NONE,FIXED_TIME,NONE,0.0,,
806,fixed-time,3,0,0,11,0.0,169.0,NONE,NONE,False,NONE,FIXED_TIME,NONE,0.0,,
807,fixed-time,3,1,0,9,0.0,123.0,NONE,NONE,False,NONE,FIXED_TIME,NONE,0.0,,
808,fixed-time,3,2,0,7,0.0,82.0,NONE,NONE,False,NONE,FIXED_TIME,NONE,0.0,,
809,fixed-time,3,3,2,5,2.0,51.0,NONE,NONE,False,NONE,FIXED_TIME,NONE,0.0,,
810,fixed-time,3,4,2,3,4.0,27.0,NONE,NONE,False,NONE,FIXED_TIME,NONE,0.0,,
811,fixed-time,3,5,2,1,6.0,9.0,NONE,NONE,False,NONE,FIXED_TIME,NONE,0.0,,
812,fixed-time,3,6,2,1,8.0,1.0,NONE,NONE,False,NONE,FIXED_TIME,NONE,0.0,,
813,fixed-time,3,7,2,0,10.0,0.0,NONE,NONE,False,NONE,FIXED_TIME,NONE,0.0,,
814,fixed-time,3,8,3,0,13.0,0.0,NONE,NONE,False,NONE,FIXED_TIME,NONE,0.0,,
815,fixed-time,3,9,4,0,17.0,0.0,NONE,NONE,False,NONE,FIXED_TIME,NONE,0.0,,
816,fixed-time,3,10,4,0,21.0,0.0,NONE,NONE,False,NONE,FIXED_TIME,NONE,0.0,,
817,fixed-time,3,11,4,0,25.0,0.0,NONE,NONE,False,NONE,FIXED_TIME,NONE,0.0,,
818,fixed-time,3,12,4,0,29.0,0.0,NONE,NONE,False,NONE,FIXED_TIME,NONE,0.0,,
819,fixed-time,3,13,4,0,33.0,0.0,NONE,NONE,False,NONE,FIXED_TIME,NONE,0.0,,
820,fixed-time,3,14,4,0,37.0,0.0,NONE,NONE,False,NONE,FIXED_TIME,NONE,0.0,,
821,fixed-time,3,15,5,0,42.0,0.0,NONE,NONE,False,NONE,FIXED_TIME,NONE,0.0,,
822,fixed-time,3,16,6,0,48.0,0.0,NONE,NONE,False,NONE,FIXED_TIME,NONE,0.0,,
823,fixed-time,3,17,6,0,54.0,0.0,NONE,NONE,False,NONE,FIXED_TIME,NONE,0.0,,
824,fixed-time,3,18,6,0,60.0,0.0,NONE,NONE,False,NONE,FIXED_TIME,NONE,0.0,,
825,fixed-time,3,19,6,0,66.0,0.0,NONE,NONE,False,NONE,FIXED_TIME,NONE,0.0,,
826,fixed-time,3,20,7,0,73.0,0.0,NONE,NONE,False,NONE,FIXED_TIME,NONE,0.0,,
827,fixed-time,3,21,8,0,81.0,0.0,NONE,NONE,False,NONE,FIXED_TIME,NONE,0.0,,
828,fixed-time,3,22,8,0,89.0,0.0,NONE,NONE,False,NONE,FIXED_TIME,NONE,0.0,,
829,fixed-time,3,23,8,0,97.0,0.0,NONE,NONE,False,NONE,FIXED_TIME,NONE,0.0,,
830,fixed-time,3,24,8,0,105.0,0.0,NONE,NONE,False,NONE,FIXED_TIME,NONE,0.0,,
831,fixed-time,3,25,8,0,113.0,0.0,NONE,NONE,False,NONE,FIXED_TIME,NONE,0.0,,
832,fixed-time,3,26,10,0,123.0,0.0,NONE,NONE,False,NONE,FIXED_TIME,NONE,0.0,,
833,fixed-time,3,27,10,0,133.0,0.0,NONE,NONE,False,NONE,FIXED_TIME,NONE,0.0,,
834,fixed-time,3,28,10,0,143.0,0.0,NONE,NONE,False,NONE,FIXED_TIME,NONE,0.0,,
835,fixed-time,3,29,10,0,153.0,0.0,NONE,NONE,False,NONE,FIXED_TIME,NONE,0.0,,
836,fixed-time,4,0,10,0,163.0,0.0,NONE,NONE,False,NONE,FIXED_TIME,NONE,0.0,,
837,fixed-time,4,1,10,0,173.0,0.0,NONE,NONE,False,NONE,FIXED_TIME,NONE,0.0,,
838,fixed-time,4,2,11,0,184.0,0.0,NONE,NONE,False,NONE,FIXED_TIME,NONE,0.0,,
839,fixed-time,5,0,12,0,196.0,0.0,NONE,NONE,False,NONE,FIXED_TIME,NONE,0.0,,
840,fixed-time,5,1,12,0,208.0,0.0,NONE,NONE,False,NONE,FIXED_TIME,NONE,0.0,,
841,fixed-time,0,0,10,0,154.0,0.0,NONE,NONE,False,NONE,FIXED_TIME,NONE,0.0,,
842,fixed-time,0,1,10,0,109.0,0.0,NONE,NONE,False,NONE,FIXED_TIME,NONE,0.0,,
843,fixed-time,0,2,8,0,74.0,0.0,NONE,NONE,False,NONE,FIXED_TIME,NONE,0.0,,
844,fixed-time,0,3,6,0,45.0,0.0,NONE,NONE,False,NONE,FIXED_TIME,NONE,0.0,,
845,fixed-time,0,4,4,1,23.0,1.0,NONE,NONE,False,NONE,FIXED_TIME,NONE,0.0,,
846,fixed-time,0,5,2,2,10.0,3.0,NONE,NONE,False,NONE,FIXED_TIME,NONE,0.0,,
847,fixed-time,0,6,1,2,1.0,5.0,NONE,NONE,False,NONE,FIXED_TIME,NONE,0.0,,
848,fixed-time,0,7,1,2,2.0,7.0,NONE,NONE,False,NONE,FIXED_TIME,NONE,0.0,,
849,fixed-time,0,8,0,2,0.0,9.0,NONE,NONE,False,NONE,FIXED_TIME,NONE,0.0,,
850,fixed-time,0,9,0,2,0.0,11.0,NONE,NONE,False,NONE,FIXED_TIME,NONE,0.0,,
851,fixed-time,0,10,0,2,0.0,13.0,NONE,NONE,False,NONE,FIXED_TIME,NONE,0.0,,
852,fixed-time,0,11,0,3,0.0,16.0,NONE,NONE,False,NONE,FIXED_TIME,NONE,0.0,,
853,fixed-time,0,12,0,4,0.0,20.0,NONE,NONE,False,NONE,FIXED_TIME,NONE,0.0,,
854,fixed-time,0,13,0,4,0.0,24.0,NONE,NONE,False,NONE,FIXED_TIME,NONE,0.0,,
855,fixed-time,0,14,0,4,0.0,28.0,NONE,NONE,False,NONE,FIXED_TIME,NONE,0.0,,
856,fixed-time,0,15,0,4,0.0,32.0,NONE,NONE,False,NONE,FIXED_TIME,NONE,0.0,,
857,fixed-time,0,16,0,6,0.0,38.0,NONE,NONE,False,NONE,FIXED_TIME,NONE,0.0,,
858,fixed-time,0,17,0,6,0.0,44.0,NONE,NONE,False,NONE,FIXED_TIME,NONE,0.0,,
859,fixed-time,0,18,0,6,0.0,50.0,NONE,NONE,False,NONE,FIXED_TIME,NONE,0.0,,
860,fixed-time,0,19,0,6,0.0,56.0,NONE,NONE,False,NONE,FIXED_TIME,NONE,0.0,,
861,fixed-time,0,20,0,6,0.0,62.0,NONE,NONE,False,NONE,FIXED_TIME,NONE,0.0,,
862,fixed-time,0,21,0,7,0.0,69.0,NONE,NONE,False,NONE,FIXED_TIME,NONE,0.0,,
863,fixed-time,0,22,0,7,0.0,76.0,NONE,NONE,False,NONE,FIXED_TIME,NONE,0.0,,
864,fixed-time,0,23,0,8,0.0,84.0,NONE,NONE,False,NONE,FIXED_TIME,NONE,0.0,,
865,fixed-time,0,24,0,8,0.0,92.0,NONE,NONE,False,NONE,FIXED_TIME,NONE,0.0,,
866,fixed-time,0,25,0,8,0.0,100.0,NONE,NONE,False,NONE,FIXED_TIME,NONE,0.0,,
867,fixed-time,0,26,0,8,0.0,108.0,NONE,NONE,False,NONE,FIXED_TIME,NONE,0.0,,
868,fixed-time,0,27,0,10,0.0,118.0,NONE,NONE,False,NONE,FIXED_TIME,NONE,0.0,,
869,fixed-time,0,28,0,10,0.0,128.0,NONE,NONE,False,NONE,FIXED_TIME,NONE,0.0,,
870,fixed-time,0,29,0,10,0.0,138.0,NONE,NONE,False,NONE,FIXED_TIME,NONE,0.0,,
871,fixed-time,1,0,0,10,0.0,148.0,NONE,NONE,False,NONE,FIXED_TIME,NONE,0.0,,
872,fixed-time,1,1,0,10,0.0,158.0,NONE,NONE,False,NONE,FIXED_TIME,NONE,0.0,,
873,fixed-time,1,2,0,10,0.0,168.0,NONE,NONE,False,NONE,FIXED_TIME,NONE,0.0,,
874,fixed-time,2,0,0,10,0.0,178.0,NONE,NONE,False,NONE,FIXED_TIME,NONE,0.0,,
875,fixed-time,2,1,2,12,2.0,190.0,NONE,NONE,False,NONE,FIXED_TIME,NONE,0.0,,
876,fixed-time,3,0,2,10,4.0,139.0,NONE,NONE,False,NONE,FIXED_TIME,NONE,0.0,,
877,fixed-time,3,1,2,8,6.0,98.0,NONE,NONE,False,NONE,FIXED_TIME,NONE,0.0,,
878,fixed-time,3,2,2,6,8.0,62.0,NONE,NONE,False,NONE,FIXED_TIME,NONE,0.0,,
879,fixed-time,3,3,2,4,10.0,34.0,NONE,NONE,False,NONE,FIXED_TIME,NONE,0.0,,
880,fixed-time,3,4,2,4,12.0,14.0,NONE,NONE,False,NONE,FIXED_TIME,NONE,0.0,,
881,fixed-time,3,5,4,2,16.0,4.0,NONE,NONE,False,NONE,FIXED_TIME,NONE,0.0,,
882,fixed-time,3,6,4,0,20.0,0.0,NONE,NONE,False,NONE,FIXED_TIME,NONE,0.0,,
883,fixed-time,3,7,4,0,24.0,0.0,NONE,NONE,False,NONE,FIXED_TIME,NONE,0.0,,
884,fixed-time,3,8,4,0,28.0,0.0,NONE,NONE,False,NONE,FIXED_TIME,NONE,0.0,,
885,fixed-time,3,9,5,0,33.0,0.0,NONE,NONE,False,NONE,FIXED_TIME,NONE,0.0,,
886,fixed-time,3,10,6,0,39.0,0.0,NONE,NONE,False,NONE,FIXED_TIME,NONE,0.0,,
887,fixed-time,3,11,6,0,45.0,0.0,NONE,NONE,False,NONE,FIXED_TIME,NONE,0.0,,
888,fixed-time,3,12,6,0,51.0,0.0,NONE,NONE,False,NONE,FIXED_TIME,NONE,0.0,,
889,fixed-time,3,13,6,0,57.0,0.0,NONE,NONE,False,NONE,FIXED_TIME,NONE,0.0,,
890,fixed-time,3,14,6,0,63.0,0.0,NONE,NONE,False,NONE,FIXED_TIME,NONE,0.0,,
891,fixed-time,3,15,6,0,69.0,0.0,NONE,NONE,False,NONE,FIXED_TIME,NONE,0.0,,
892,fixed-time,3,16,8,0,77.0,0.0,NONE,NONE,False,NONE,FIXED_TIME,NONE,0.0,,
893,fixed-time,3,17,8,0,85.0,0.0,NONE,NONE,False,NONE,FIXED_TIME,NONE,0.0,,
894,fixed-time,3,18,8,0,93.0,0.0,NONE,NONE,False,NONE,FIXED_TIME,NONE,0.0,,
895,fixed-time,3,19,8,0,101.0,0.0,NONE,NONE,False,NONE,FIXED_TIME,NONE,0.0,,
896,fixed-time,3,20,9,0,110.0,0.0,NONE,NONE,False,NONE,FIXED_TIME,NONE,0.0,,
897,fixed-time,3,21,10,0,120.0,0.0,NONE,NONE,False,NONE,FIXED_TIME,NONE,0.0,,
898,fixed-time,3,22,10,0,130.0,0.0,NONE,NONE,False,NONE,FIXED_TIME,NONE,0.0,,
899,fixed-time,3,23,10,0,140.0,0.0,NONE,NONE,False,NONE,FIXED_TIME,NONE,0.0,,
900,fixed-time,3,24,10,0,150.0,0.0,NONE,NONE,False,NONE,FIXED_TIME,NONE,0.0,,
901,fixed-time,3,25,10,0,160.0,0.0,NONE,NONE,False,NONE,FIXED_TIME,NONE,0.0,,
902,fixed-time,3,26,11,0,171.0,0.0,NONE,NONE,False,NONE,FIXED_TIME,NONE,0.0,,
903,fixed-time,3,27,12,0,183.0,0.0,NONE,NONE,False,NONE,FIXED_TIME,NONE,0.0,,
904,fixed-time,3,28,12,0,195.0,0.0,NONE,NONE,False,NONE,FIXED_TIME,NONE,0.0,,
905,fixed-time,3,29,12,0,207.0,0.0,NONE,NONE,False,NONE,FIXED_TIME,NONE,0.0,,
906,fixed-time,4,0,12,0,219.0,0.0,NONE,NONE,False,NONE,FIXED_TIME,NONE,0.0,,
907,fixed-time,4,1,12,0,231.0,0.0,NONE,NONE,False,NONE,FIXED_TIME,NONE,0.0,,
908,fixed-time,4,2,13,0,244.0,0.0,NONE,NONE,False,NONE,FIXED_TIME,NONE,0.0,,
909,fixed-time,5,0,13,0,257.0,0.0,NONE,NONE,False,NONE,FIXED_TIME,NONE,0.0,,
910,fixed-time,5,1,14,0,271.0,0.0,NONE,NONE,False,NONE,FIXED_TIME,NONE,0.0,,
911,fixed-time,0,0,12,0,211.0,0.0,NONE,NONE,False,NONE,FIXED_TIME,NONE,0.0,,
912,fixed-time,0,1,10,0,159.0,0.0,NONE,NONE,False,NONE,FIXED_TIME,NONE,0.0,,
913,fixed-time,0,2,8,0,112.0,0.0,NONE,NONE,False,NONE,FIXED_TIME,NONE,0.0,,
914,fixed-time,0,3,7,0,75.0,0.0,NONE,NONE,False,NONE,FIXED_TIME,NONE,0.0,,
915,fixed-time,0,4,6,1,44.0,1.0,NONE,NONE,False,NONE,FIXED_TIME,NONE,0.0,,
916,fixed-time,0,5,4,2,21.0,3.0,NONE,NONE,False,NONE,FIXED_TIME,NONE,0.0,,
917,fixed-time,0,6,2,2,7.0,5.0,NONE,NONE,False,NONE,FIXED_TIME,NONE,0.0,,
918,fixed-time,0,7,1,2,5.0,7.0,NONE,NONE,False,NONE,FIXED_TIME,NONE,0.0,,
919,fixed-time,0,8,1,2,1.0,9.0,NONE,NONE,False,NONE,FIXED_TIME,NONE,0.0,,
920,fixed-time,0,9,0,2,0.0,11.0,NONE,NONE,False,NONE,FIXED_TIME,NONE,0.0,,
921,fixed-time,0,10,0,4,0.0,15.0,NONE,NONE,False,NONE,FIXED_TIME,NONE,0.0,,
922,fixed-time,0,11,0,4,0.0,19.0,NONE,NONE,False,NONE,FIXED_TIME,NONE,0.0,,
923,fixed-time,0,12,0,4,0.0,23.0,NONE,NONE,False,NONE,FIXED_TIME,NONE,0.0,,
924,fixed-time,0,13,0,4,0.0,27.0,NONE,NONE,False,NONE,FIXED_TIME,NONE,0.0,,
925,fixed-time,0,14,0,4,0.0,31.0,NONE,NONE,False,NONE,FIXED_TIME,NONE,0.0,,
926,fixed-time,0,15,0,6,0.0,37.0,NONE,NONE,False,NONE,FIXED_TIME,NONE,0.0,,
927,fixed-time,0,16,0,6,0.0,43.0,NONE,NONE,False,NONE,FIXED_TIME,NONE,0.0,,
928,fixed-time,0,17,0,6,0.0,49.0,NONE,NONE,False,NONE,FIXED_TIME,NONE,0.0,,
929,fixed-time,0,18,0,6,0.0,55.0,NONE,NONE,False,NONE,FIXED_TIME,NONE,0.0,,
930,fixed-time,0,19,0,6,0.0,61.0,NONE,NONE,False,NONE,FIXED_TIME,NONE,0.0,,
931,fixed-time,0,20,0,6,0.0,67.0,NONE,NONE,False,NONE,FIXED_TIME,NONE,0.0,,
932,fixed-time,0,21,0,7,0.0,74.0,NONE,NONE,False,NONE,FIXED_TIME,NONE,0.0,,
933,fixed-time,0,22,0,8,0.0,82.0,NONE,NONE,False,NONE,FIXED_TIME,NONE,0.0,,
934,fixed-time,0,23,0,8,0.0,90.0,NONE,NONE,False,NONE,FIXED_TIME,NONE,0.0,,
935,fixed-time,0,24,0,8,0.0,98.0,NONE,NONE,False,NONE,FIXED_TIME,NONE,0.0,,
936,fixed-time,0,25,0,8,0.0,106.0,NONE,NONE,False,NONE,FIXED_TIME,NONE,0.0,,
937,fixed-time,0,26,0,8,0.0,114.0,NONE,NONE,False,NONE,FIXED_TIME,NONE,0.0,,
938,fixed-time,0,27,0,9,0.0,123.0,NONE,NONE,False,NONE,FIXED_TIME,NONE,0.0,,
939,fixed-time,0,28,0,10,0.0,133.0,NONE,NONE,False,NONE,FIXED_TIME,NONE,0.0,,
940,fixed-time,0,29,0,10,0.0,143.0,NONE,NONE,False,NONE,FIXED_TIME,NONE,0.0,,
941,fixed-time,1,0,0,10,0.0,153.0,NONE,NONE,False,NONE,FIXED_TIME,NONE,0.0,,
942,fixed-time,1,1,0,10,0.0,163.0,NONE,NONE,False,NONE,FIXED_TIME,NONE,0.0,,
943,fixed-time,1,2,0,10,0.0,173.0,NONE,NONE,False,NONE,FIXED_TIME,NONE,0.0,,
944,fixed-time,2,0,0,12,0.0,185.0,NONE,NONE,False,NONE,FIXED_TIME,NONE,0.0,,
945,fixed-time,2,1,0,12,0.0,197.0,NONE,NONE,False,NONE,FIXED_TIME,NONE,0.0,,
946,fixed-time,3,0,0,10,0.0,146.0,NONE,NONE,False,NONE,FIXED_TIME,NONE,0.0,,
947,fixed-time,3,1,0,8,0.0,102.0,NONE,NONE,False,NONE,FIXED_TIME,NONE,0.0,,
948,fixed-time,3,2,2,6,2.0,64.0,NONE,NONE,False,NONE,FIXED_TIME,NONE,0.0,,
949,fixed-time,3,3,2,4,4.0,35.0,NONE,NONE,False,NONE,FIXED_TIME,NONE,0.0,,
950,fixed-time,3,4,2,2,6.0,14.0,NONE,NONE,False,NONE,FIXED_TIME,NONE,0.0,,
951,fixed-time,3,5,2,2,8.0,2.0,NONE,NONE,False,NONE,FIXED_TIME,NONE,0.0,,
952,fixed-time,3,6,2,0,10.0,0.0,NONE,NONE,False,NONE,FIXED_TIME,NONE,0.0,,
953,fixed-time,3,7,4,0,14.0,0.0,NONE,NONE,False,NONE,FIXED_TIME,NONE,0.0,,
954,fixed-time,3,8,4,0,18.0,0.0,NONE,NONE,False,NONE,FIXED_TIME,NONE,0.0,,
955,fixed-time,3,9,4,0,22.0,0.0,NONE,NONE,False,NONE,FIXED_TIME,NONE,0.0,,
956,fixed-time,3,10,4,0,26.0,0.0,NONE,NONE,False,NONE,FIXED_TIME,NONE,0.0,,
957,fixed-time,3,11,4,0,30.0,0.0,NONE,NONE,False,NONE,FIXED_TIME,NONE,0.0,,
958,fixed-time,3,12,4,0,34.0,0.0,NONE,NONE,False,NONE,FIXED_TIME,NONE,0.0,,
959,fixed-time,3,13,6,0,40.0,0.0,NONE,NONE,False,NONE,FIXED_TIME,NONE,0.0,,
960,fixed-time,3,14,6,0,46.0,0.0,NONE,NONE,False,NONE,FIXED_TIME,NONE,0.0,,
961,fixed-time,3,15,6,0,52.0,0.0,NONE,NONE,False,NONE,FIXED_TIME,NONE,0.0,,
962,fixed-time,3,16,6,0,58.0,0.0,NONE,NONE,False,NONE,FIXED_TIME,NONE,0.0,,
963,fixed-time,3,17,6,0,64.0,0.0,NONE,NONE,False,NONE,FIXED_TIME,NONE,0.0,,
964,fixed-time,3,18,8,0,72.0,0.0,NONE,NONE,False,NONE,FIXED_TIME,NONE,0.0,,
965,fixed-time,3,19,8,0,80.0,0.0,NONE,NONE,False,NONE,FIXED_TIME,NONE,0.0,,
966,fixed-time,3,20,8,0,88.0,0.0,NONE,NONE,False,NONE,FIXED_TIME,NONE,0.0,,
967,fixed-time,3,21,8,0,96.0,0.0,NONE,NONE,False,NONE,FIXED_TIME,NONE,0.0,,
968,fixed-time,3,22,8,0,104.0,0.0,NONE,NONE,False,NONE,FIXED_TIME,NONE,0.0,,
969,fixed-time,3,23,9,0,113.0,0.0,NONE,NONE,False,NONE,FIXED_TIME,NONE,0.0,,
970,fixed-time,3,24,10,0,123.0,0.0,NONE,NONE,False,NONE,FIXED_TIME,NONE,0.0,,
971,fixed-time,3,25,10,0,133.0,0.0,NONE,NONE,False,NONE,FIXED_TIME,NONE,0.0,,
972,fixed-time,3,26,10,0,143.0,0.0,NONE,NONE,False,NONE,FIXED_TIME,NONE,0.0,,
973,fixed-time,3,27,11,0,154.0,0.0,NONE,NONE,False,NONE,FIXED_TIME,NONE,0.0,,
974,fixed-time,3,28,12,0,166.0,0.0,NONE,NONE,False,NONE,FIXED_TIME,NONE,0.0,,
975,fixed-time,3,29,12,0,178.0,0.0,NONE,NONE,False,NONE,FIXED_TIME,NONE,0.0,,
976,fixed-time,4,0,12,0,190.0,0.0,NONE,NONE,False,NONE,FIXED_TIME,NONE,0.0,,
977,fixed-time,4,1,12,0,202.0,0.0,NONE,NONE,False,NONE,FIXED_TIME,NONE,0.0,,
978,fixed-time,4,2,12,0,214.0,0.0,NONE,NONE,False,NONE,FIXED_TIME,NONE,0.0,,
979,fixed-time,5,0,13,0,227.0,0.0,NONE,NONE,False,NONE,FIXED_TIME,NONE,0.0,,
980,fixed-time,5,1,13,0,240.0,0.0,NONE,NONE,False,NONE,FIXED_TIME,NONE,0.0,,
981,fixed-time,0,0,12,0,186.0,0.0,NONE,NONE,False,NONE,FIXED_TIME,NONE,0.0,,
982,fixed-time,0,1,10,0,138.0,0.0,NONE,NONE,False,NONE,FIXED_TIME,NONE,0.0,,
983,fixed-time,0,2,8,0,98.0,0.0,NONE,NONE,False,NONE,FIXED_TIME,NONE,0.0,,
984,fixed-time,0,3,6,0,64.0,0.0,NONE,NONE,False,NONE,FIXED_TIME,NONE,0.0,,
985,fixed-time,0,4,4,2,37.0,2.0,NONE,NONE,False,NONE,FIXED_TIME,NONE,0.0,,
986,fixed-time,0,5,3,2,15.0,4.0,NONE,NONE,False,NONE,FIXED_TIME,NONE,0.0,,
987,fixed-time,0,6,1,2,2.0,6.0,NONE,NONE,False,NONE,FIXED_TIME,NONE,0.0,,
988,fixed-time,0,7,0,2,0.0,8.0,NONE,NONE,False,NONE,FIXED_TIME,NONE,0.0,,
989,fixed-time,0,8,0,2,0.0,10.0,NONE,NONE,False,NONE,FIXED_TIME,NONE,0.0,,
990,fixed-time,0,9,0,4,0.0,14.0,NONE,NONE,False,NONE,FIXED_TIME,NONE,0.0,,
991,fixed-time,0,10,0,4,0.0,18.0,NONE,NONE,False,NONE,FIXED_TIME,NONE,0.0,,
992,fixed-time,0,11,0,4,0.0,22.0,NONE,NONE,False,NONE,FIXED_TIME,NONE,0.0,,
993,fixed-time,0,12,0,4,0.0,26.0,NONE,NONE,False,NONE,FIXED_TIME,NONE,0.0,,
994,fixed-time,0,13,0,4,0.0,30.0,NONE,NONE,False,NONE,FIXED_TIME,NONE,0.0,,
995,fixed-time,0,14,0,4,0.0,34.0,NONE,NONE,False,NONE,FIXED_TIME,NONE,0.0,,
996,fixed-time,0,15,0,5,0.0,39.0,NONE,NONE,False,NONE,FIXED_TIME,NONE,0.0,,
997,fixed-time,0,16,0,6,0.0,45.0,NONE,NONE,False,NONE,FIXED_TIME,NONE,0.0,,
998,fixed-time,0,17,0,6,0.0,51.0,NONE,NONE,False,NONE,FIXED_TIME,NONE,0.0,,
999,fixed-time,0,18,0,6,0.0,57.0,NONE,NONE,False,NONE,FIXED_TIME,NONE,0.0,,
1000,fixed-time,0,19,0,6,0.0,63.0,NONE,NONE,False,NONE,FIXED_TIME,NONE,0.0,,
1001,fixed-time,0,20,0,7,0.0,70.0,NONE,NONE,False,NONE,FIXED_TIME,NONE,0.0,,
1002,fixed-time,0,21,0,8,0.0,78.0,NONE,NONE,False,NONE,FIXED_TIME,NONE,0.0,,
1003,fixed-time,0,22,0,8,0.0,86.0,NONE,NONE,False,NONE,FIXED_TIME,NONE,0.0,,
1004,fixed-time,0,23,0,8,0.0,94.0,NONE,NONE,False,NONE,FIXED_TIME,NONE,0.0,,
1005,fixed-time,0,24,0,8,0.0,102.0,NONE,NONE,False,NONE,FIXED_TIME,NONE,0.0,,
1006,fixed-time,0,25,0,8,0.0,110.0,NONE,NONE,False,NONE,FIXED_TIME,NONE,0.0,,
1007,fixed-time,0,26,0,9,0.0,119.0,NONE,NONE,False,NONE,FIXED_TIME,NONE,0.0,,
1008,fixed-time,0,27,0,10,0.0,129.0,NONE,NONE,False,NONE,FIXED_TIME,NONE,0.0,,
1009,fixed-time,0,28,0,10,0.0,139.0,NONE,NONE,False,NONE,FIXED_TIME,NONE,0.0,,
1010,fixed-time,0,29,0,10,0.0,149.0,NONE,NONE,False,NONE,FIXED_TIME,NONE,0.0,,
1011,fixed-time,1,0,0,10,0.0,159.0,NONE,NONE,False,NONE,FIXED_TIME,NONE,0.0,,
1012,fixed-time,1,1,0,10,0.0,169.0,NONE,NONE,False,NONE,FIXED_TIME,NONE,0.0,,
1013,fixed-time,1,2,0,12,0.0,181.0,NONE,NONE,False,NONE,FIXED_TIME,NONE,0.0,,
1014,fixed-time,2,0,0,12,0.0,193.0,NONE,NONE,False,NONE,FIXED_TIME,NONE,0.0,,
1015,fixed-time,2,1,0,12,0.0,205.0,NONE,NONE,False,NONE,FIXED_TIME,NONE,0.0,,
1016,fixed-time,3,0,0,10,0.0,153.0,NONE,NONE,False,NONE,FIXED_TIME,NONE,0.0,,
1017,fixed-time,3,1,0,8,0.0,107.0,NONE,NONE,False,NONE,FIXED_TIME,NONE,0.0,,
1018,fixed-time,3,2,0,6,0.0,70.0,NONE,NONE,False,NONE,FIXED_TIME,NONE,0.0,,
1019,fixed-time,3,3,2,5,2.0,40.0,NONE,NONE,False,NONE,FIXED_TIME,NONE,0.0,,
1020,fixed-time,3,4,2,4,4.0,19.0,NONE,NONE,False,NONE,FIXED_TIME,NONE,0.0,,
1021,fixed-time,3,5,2,2,6.0,5.0,NONE,NONE,False,NONE,FIXED_TIME,NONE,0.0,,
1022,fixed-time,3,6,2,0,8.0,0.0,NONE,NONE,False,NONE,FIXED_TIME,NONE,0.0,,
1023,fixed-time,3,7,2,0,10.0,0.0,NONE,NONE,False,NONE,FIXED_TIME,NONE,0.0,,
1024,fixed-time,3,8,2,0,12.0,0.0,NONE,NONE,False,NONE,FIXED_TIME,NONE,0.0,,
1025,fixed-time,3,9,4,0,16.0,0.0,NONE,NONE,False,NONE,FIXED_TIME,NONE,0.0,,
1026,fixed-time,3,10,4,0,20.0,0.0,NONE,NONE,False,NONE,FIXED_TIME,NONE,0.0,,
1027,fixed-time,3,11,4,0,24.0,0.0,NONE,NONE,False,NONE,FIXED_TIME,NONE,0.0,,
1028,fixed-time,3,12,4,0,28.0,0.0,NONE,NONE,False,NONE,FIXED_TIME,NONE,0.0,,
1029,fixed-time,3,13,4,0,32.0,0.0,NONE,NONE,False,NONE,FIXED_TIME,NONE,0.0,,
1030,fixed-time,3,14,6,0,38.0,0.0,NONE,NONE,False,NONE,FIXED_TIME,NONE,0.0,,
1031,fixed-time,3,15,6,0,44.0,0.0,NONE,NONE,False,NONE,FIXED_TIME,NONE,0.0,,
1032,fixed-time,3,16,6,0,50.0,0.0,NONE,NONE,False,NONE,FIXED_TIME,NONE,0.0,,
1033,fixed-time,3,17,6,0,56.0,0.0,NONE,NONE,False,NONE,FIXED_TIME,NONE,0.0,,
1034,fixed-time,3,18,6,0,62.0,0.0,NONE,NONE,False,NONE,FIXED_TIME,NONE,0.0,,
1035,fixed-time,3,19,6,0,68.0,0.0,NONE,NONE,False,NONE,FIXED_TIME,NONE,0.0,,
1036,fixed-time,3,20,7,0,75.0,0.0,NONE,NONE,False,NONE,FIXED_TIME,NONE,0.0,,
1037,fixed-time,3,21,8,0,83.0,0.0,NONE,NONE,False,NONE,FIXED_TIME,NONE,0.0,,
1038,fixed-time,3,22,8,0,91.0,0.0,NONE,NONE,False,NONE,FIXED_TIME,NONE,0.0,,
1039,fixed-time,3,23,8,0,99.0,0.0,NONE,NONE,False,NONE,FIXED_TIME,NONE,0.0,,
1040,fixed-time,3,24,9,0,108.0,0.0,NONE,NONE,False,NONE,FIXED_TIME,NONE,0.0,,
1041,fixed-time,3,25,9,0,117.0,0.0,NONE,NONE,False,NONE,FIXED_TIME,NONE,0.0,,
1042,fixed-time,3,26,10,0,127.0,0.0,NONE,NONE,False,NONE,FIXED_TIME,NONE,0.0,,
1043,fixed-time,3,27,10,0,137.0,0.0,NONE,NONE,False,NONE,FIXED_TIME,NONE,0.0,,
1044,fixed-time,3,28,10,0,147.0,0.0,NONE,NONE,False,NONE,FIXED_TIME,NONE,0.0,,
1045,fixed-time,3,29,10,0,157.0,0.0,NONE,NONE,False,NONE,FIXED_TIME,NONE,0.0,,
1046,fixed-time,4,0,10,0,167.0,0.0,NONE,NONE,False,NONE,FIXED_TIME,NONE,0.0,,
1047,fixed-time,4,1,11,0,178.0,0.0,NONE,NONE,False,NONE,FIXED_TIME,NONE,0.0,,
1048,fixed-time,4,2,12,0,190.0,0.0,NONE,NONE,False,NONE,FIXED_TIME,NONE,0.0,,
1049,fixed-time,5,0,12,0,202.0,0.0,NONE,NONE,False,NONE,FIXED_TIME,NONE,0.0,,
1050,fixed-time,5,1,12,0,214.0,0.0,NONE,NONE,False,NONE,FIXED_TIME,NONE,0.0,,
1051,fixed-time,0,0,10,1,160.0,1.0,NONE,NONE,False,NONE,FIXED_TIME,NONE,0.0,,
1052,fixed-time,0,1,9,1,115.0,2.0,NONE,NONE,False,NONE,FIXED_TIME,NONE,0.0,,
1053,fixed-time,0,2,7,1,76.0,3.0,NONE,NONE,False,NONE,FIXED_TIME,NONE,0.0,,
1054,fixed-time,0,3,6,2,47.0,5.0,NONE,NONE,False,NONE,FIXED_TIME,NONE,0.0,,
1055,fixed-time,0,4,4,3,23.0,8.0,NONE,NONE,False,NONE,FIXED_TIME,NONE,0.0,,
1056,fixed-time,0,5,2,3,8.0,11.0,NONE,NONE,False,NONE,FIXED_TIME,NONE,0.0,,
1057,fixed-time,0,6,2,3,2.0,14.0,NONE,NONE,False,NONE,FIXED_TIME,NONE,0.0,,
1058,fixed-time,0,7,1,3,2.0,17.0,NONE,NONE,False,NONE,FIXED_TIME,NONE,0.0,,
1059,fixed-time,0,8,0,3,0.0,20.0,NONE,NONE,False,NONE,FIXED_TIME,NONE,0.0,,
1060,fixed-time,0,9,0,5,0.0,25.0,NONE,NONE,False,NONE,FIXED_TIME,NONE,0.0,,
1061,fixed-time,0,10,0,5,0.0,30.0,NONE,NONE,False,NONE,FIXED_TIME,NONE,0.0,,
1062,fixed-time,0,11,0,5,0.0,35.0,NONE,NONE,False,NONE,FIXED_TIME,NONE,0.0,,
1063,fixed-time,0,12,0,5,0.0,40.0,NONE,NONE,False,NONE,FIXED_TIME,NONE,0.0,,
1064,fixed-time,0,13,0,5,0.0,45.0,NONE,NONE,False,NONE,FIXED_TIME,NONE,0.0,,
1065,fixed-time,0,14,0,6,0.0,51.0,NONE,NONE,False,NONE,FIXED_TIME,NONE,0.0,,
1066,fixed-time,0,15,0,7,0.0,58.0,NONE,NONE,False,NONE,FIXED_TIME,NONE,0.0,,
1067,fixed-time,0,16,0,7,0.0,65.0,NONE,NONE,False,NONE,FIXED_TIME,NONE,0.0,,
1068,fixed-time,0,17,0,7,0.0,72.0,NONE,NONE,False,NONE,FIXED_TIME,NONE,0.0,,
1069,fixed-time,0,18,0,7,0.0,79.0,NONE,NONE,False,NONE,FIXED_TIME,NONE,0.0,,
1070,fixed-time,0,19,0,7,0.0,86.0,NONE,NONE,False,NONE,FIXED_TIME,NONE,0.0,,
1071,fixed-time,0,20,0,7,0.0,93.0,NONE,NONE,False,NONE,FIXED_TIME,NONE,0.0,,
1072,fixed-time,0,21,0,9,0.0,102.0,NONE,NONE,False,NONE,FIXED_TIME,NONE,0.0,,
1073,fixed-time,0,22,0,9,0.0,111.0,NONE,NONE,False,NONE,FIXED_TIME,NONE,0.0,,
1074,fixed-time,0,23,0,9,0.0,120.0,NONE,NONE,False,NONE,FIXED_TIME,NONE,0.0,,
1075,fixed-time,0,24,0,9,0.0,129.0,NONE,NONE,False,NONE,FIXED_TIME,NONE,0.0,,
1076,fixed-time,0,25,0,10,0.0,139.0,NONE,NONE,False,NONE,FIXED_TIME,NONE,0.0,,
1077,fixed-time,0,26,0,10,0.0,149.0,NONE,NONE,False,NONE,FIXED_TIME,NONE,0.0,,
1078,fixed-time,0,27,0,11,0.0,160.0,NONE,NONE,False,NONE,FIXED_TIME,NONE,0.0,,
1079,fixed-time,0,28,0,11,0.0,171.0,NONE,NONE,False,NONE,FIXED_TIME,NONE,0.0,,
1080,fixed-time,0,29,0,11,0.0,182.0,NONE,NONE,False,NONE,FIXED_TIME,NONE,0.0,,
1081,fixed-time,1,0,0,11,0.0,193.0,NONE,NONE,False,NONE,FIXED_TIME,NONE,0.0,,
1082,fixed-time,1,1,0,12,0.0,205.0,NONE,NONE,False,NONE,FIXED_TIME,NONE,0.0,,
1083,fixed-time,1,2,0,13,0.0,218.0,NONE,NONE,False,NONE,FIXED_TIME,NONE,0.0,,
1084,fixed-time,2,0,0,13,0.0,231.0,NONE,NONE,False,NONE,FIXED_TIME,NONE,0.0,,
1085,fixed-time,2,1,0,13,0.0,244.0,NONE,NONE,False,NONE,FIXED_TIME,NONE,0.0,,
1086,fixed-time,3,0,1,11,1.0,188.0,NONE,NONE,False,NONE,FIXED_TIME,NONE,0.0,,
1087,fixed-time,3,1,2,9,3.0,138.0,NONE,NONE,False,NONE,FIXED_TIME,NONE,0.0,,
1088,fixed-time,3,2,2,8,5.0,96.0,NONE,NONE,False,NONE,FIXED_TIME,NONE,0.0,,
1089,fixed-time,3,3,2,7,7.0,62.0,NONE,NONE,False,NONE,FIXED_TIME,NONE,0.0,,
1090,fixed-time,3,4,3,5,10.0,37.0,NONE,NONE,False,NONE,FIXED_TIME,NONE,0.0,,
1091,fixed-time,3,5,4,3,14.0,17.0,NONE,NONE,False,NONE,FIXED_TIME,NONE,0.0,,
1092,fixed-time,3,6,4,1,18.0,5.0,NONE,NONE,False,NONE,FIXED_TIME,NONE,0.0,,
1093,fixed-time,3,7,4,1,22.0,1.0,NONE,NONE,False,NONE,FIXED_TIME,NONE,0.0,,
1094,fixed-time,3,8,4,0,26.0,0.0,NONE,NONE,False,NONE,FIXED_TIME,NONE,0.0,,
1095,fixed-time,3,9,4,0,30.0,0.0,NONE,NONE,False,NONE,FIXED_TIME,NONE,0.0,,
1096,fixed-time,3,10,4,0,34.0,0.0,NONE,NONE,False,NONE,FIXED_TIME,NONE,0.0,,
1097,fixed-time,3,11,5,0,39.0,0.0,NONE,NONE,False,NONE,FIXED_TIME,NONE,0.0,,
1098,fixed-time,3,12,6,0,45.0,0.0,NONE,NONE,False,NONE,FIXED_TIME,NONE,0.0,,
1099,fixed-time,3,13,6,0,51.0,0.0,NONE,NONE,False,NONE,FIXED_TIME,NONE,0.0,,
1100,fixed-time,3,14,6,0,57.0,0.0,NONE,NONE,False,NONE,FIXED_TIME,NONE,0.0,,
1101,fixed-time,3,15,7,0,64.0,0.0,NONE,NONE,False,NONE,FIXED_TIME,NONE,0.0,,
1102,fixed-time,3,16,7,0,71.0,0.0,NONE,NONE,False,NONE,FIXED_TIME,NONE,0.0,,
1103,fixed-time,3,17,8,0,79.0,0.0,NONE,NONE,False,NONE,FIXED_TIME,NONE,0.0,,
1104,fixed-time,3,18,8,0,87.0,0.0,NONE,NONE,False,NONE,FIXED_TIME,NONE,0.0,,
1105,fixed-time,3,19,8,0,95.0,0.0,NONE,NONE,False,NONE,FIXED_TIME,NONE,0.0,,
1106,fixed-time,3,20,8,0,103.0,0.0,NONE,NONE,False,NONE,FIXED_TIME,NONE,0.0,,
1107,fixed-time,3,21,10,0,113.0,0.0,NONE,NONE,False,NONE,FIXED_TIME,NONE,0.0,,
1108,fixed-time,3,22,10,0,123.0,0.0,NONE,NONE,False,NONE,FIXED_TIME,NONE,0.0,,
1109,fixed-time,3,23,10,0,133.0,0.0,NONE,NONE,False,NONE,FIXED_TIME,NONE,0.0,,
1110,fixed-time,3,24,10,0,143.0,0.0,NONE,NONE,False,NONE,FIXED_TIME,NONE,0.0,,
1111,fixed-time,3,25,10,0,153.0,0.0,NONE,NONE,False,NONE,FIXED_TIME,NONE,0.0,,
1112,fixed-time,3,26,10,0,163.0,0.0,NONE,NONE,False,NONE,FIXED_TIME,NONE,0.0,,
1113,fixed-time,3,27,12,0,175.0,0.0,NONE,NONE,False,NONE,FIXED_TIME,NONE,0.0,,
1114,fixed-time,3,28,12,0,187.0,0.0,NONE,NONE,False,NONE,FIXED_TIME,NONE,0.0,,
1115,fixed-time,3,29,12,0,199.0,0.0,NONE,NONE,False,NONE,FIXED_TIME,NONE,0.0,,
1116,fixed-time,4,0,12,0,211.0,0.0,NONE,NONE,False,NONE,FIXED_TIME,NONE,0.0,,
1117,fixed-time,4,1,13,0,224.0,0.0,NONE,NONE,False,NONE,FIXED_TIME,NONE,0.0,,
1118,fixed-time,4,2,13,0,237.0,0.0,NONE,NONE,False,NONE,FIXED_TIME,NONE,0.0,,
1119,fixed-time,5,0,14,0,251.0,0.0,NONE,NONE,False,NONE,FIXED_TIME,NONE,0.0,,
1120,fixed-time,5,1,14,0,265.0,0.0,NONE,NONE,False,NONE,FIXED_TIME,NONE,0.0,,
1121,fixed-time,0,0,12,0,208.0,0.0,NONE,NONE,False,NONE,FIXED_TIME,NONE,0.0,,
1122,fixed-time,0,1,10,1,155.0,1.0,NONE,NONE,False,NONE,FIXED_TIME,NONE,0.0,,
1123,fixed-time,0,2,9,2,113.0,3.0,NONE,NONE,False,NONE,FIXED_TIME,NONE,0.0,,
1124,fixed-time,0,3,8,2,77.0,5.0,NONE,NONE,False,NONE,FIXED_TIME,NONE,0.0,,
1125,fixed-time,0,4,6,2,47.0,7.0,NONE,NONE,False,NONE,FIXED_TIME,NONE,0.0,,
1126,fixed-time,0,5,4,2,25.0,9.0,NONE,NONE,False,NONE,FIXED_TIME,NONE,0.0,,
1127,fixed-time,0,6,2,2,9.0,11.0,NONE,NONE,False,NONE,FIXED_TIME,NONE,0.0,,
1128,fixed-time,0,7,0,2,0.0,13.0,NONE,NONE,False,NONE,FIXED_TIME,NONE,0.0,,
1129,fixed-time,0,8,0,3,0.0,16.0,NONE,NONE,False,NONE,FIXED_TIME,NONE,0.0,,
1130,fixed-time,0,9,0,4,0.0,20.0,NONE,NONE,False,NONE,FIXED_TIME,NONE,0.0,,
1131,fixed-time,0,10,0,4,0.0,24.0,NONE,NONE,False,NONE,FIXED_TIME,NONE,0.0,,
1132,fixed-time,0,11,0,4,0.0,28.0,NONE,NONE,False,NONE,FIXED_TIME,NONE,0.0,,
1133,fixed-time,0,12,0,4,0.0,32.0,NONE,NONE,False,NONE,FIXED_TIME,NONE,0.0,,
1134,fixed-time,0,13,0,5,0.0,37.0,NONE,NONE,False,NONE,FIXED_TIME,NONE,0.0,,
1135,fixed-time,0,14,0,5,0.0,42.0,NONE,NONE,False,NONE,FIXED_TIME,NONE,0.0,,
1136,fixed-time,0,15,0,6,0.0,48.0,NONE,NONE,False,NONE,FIXED_TIME,NONE,0.0,,
1137,fixed-time,0,16,0,6,0.0,54.0,NONE,NONE,False,NONE,FIXED_TIME,NONE,0.0,,
1138,fixed-time,0,17,0,6,0.0,60.0,NONE,NONE,False,NONE,FIXED_TIME,NONE,0.0,,
1139,fixed-time,0,18,0,6,0.0,66.0,NONE,NONE,False,NONE,FIXED_TIME,NONE,0.0,,
1140,fixed-time,0,19,0,7,0.0,73.0,NONE,NONE,False,NONE,FIXED_TIME,NONE,0.0,,
1141,fixed-time,0,20,0,7,0.0,80.0,NONE,NONE,False,NONE,FIXED_TIME,NONE,0.0,,
1142,fixed-time,0,21,0,8,0.0,88.0,NONE,NONE,False,NONE,FIXED_TIME,NONE,0.0,,
1143,fixed-time,0,22,0,8,0.0,96.0,NONE,NONE,False,NONE,FIXED_TIME,NONE,0.0,,
1144,fixed-time,0,23,0,8,0.0,104.0,NONE,NONE,False,NONE,FIXED_TIME,NONE,0.0,,
1145,fixed-time,0,24,0,8,0.0,112.0,NONE,NONE,False,NONE,FIXED_TIME,NONE,0.0,,
1146,fixed-time,0,25,0,8,0.0,120.0,NONE,NONE,False,NONE,FIXED_TIME,NONE,0.0,,
1147,fixed-time,0,26,0,10,0.0,130.0,NONE,NONE,False,NONE,FIXED_TIME,NONE,0.0,,
1148,fixed-time,0,27,0,10,0.0,140.0,NONE,NONE,False,NONE,FIXED_TIME,NONE,0.0,,
1149,fixed-time,0,28,0,10,0.0,150.0,NONE,NONE,False,NONE,FIXED_TIME,NONE,0.0,,
1150,fixed-time,0,29,0,10,0.0,160.0,NONE,NONE,False,NONE,FIXED_TIME,NONE,0.0,,
1151,fixed-time,1,0,0,10,0.0,170.0,NONE,NONE,False,NONE,FIXED_TIME,NONE,0.0,,
1152,fixed-time,1,1,0,10,0.0,180.0,NONE,NONE,False,NONE,FIXED_TIME,NONE,0.0,,
1153,fixed-time,1,2,0,12,0.0,192.0,NONE,NONE,False,NONE,FIXED_TIME,NONE,0.0,,
1154,fixed-time,2,0,0,12,0.0,204.0,NONE,NONE,False,NONE,FIXED_TIME,NONE,0.0,,
1155,fixed-time,2,1,0,12,0.0,216.0,NONE,NONE,False,NONE,FIXED_TIME,NONE,0.0,,
1156,fixed-time,3,0,1,10,1.0,159.0,NONE,NONE,False,NONE,FIXED_TIME,NONE,0.0,,
1157,fixed-time,3,1,2,8,3.0,112.0,NONE,NONE,False,NONE,FIXED_TIME,NONE,0.0,,
1158,fixed-time,3,2,2,8,5.0,74.0,NONE,NONE,False,NONE,FIXED_TIME,NONE,0.0,,
1159,fixed-time,3,3,2,6,7.0,44.0,NONE,NONE,False,NONE,FIXED_TIME,NONE,0.0,,
1160,fixed-time,3,4,2,4,9.0,22.0,NONE,NONE,False,NONE,FIXED_TIME,NONE,0.0,,
1161,fixed-time,3,5,2,2,11.0,8.0,NONE,NONE,False,NONE,FIXED_TIME,NONE,0.0,,
1162,fixed-time,3,6,3,3,14.0,7.0,NONE,NONE,False,NONE,FIXED_TIME,NONE,0.0,,
1163,fixed-time,3,7,4,1,18.0,2.0,NONE,NONE,False,NONE,FIXED_TIME,NONE,0.0,,
1164,fixed-time,3,8,4,0,22.0,0.0,NONE,NONE,False,NONE,FIXED_TIME,NONE,0.0,,
1165,fixed-time,3,9,4,0,26.0,0.0,NONE,NONE,False,NONE,FIXED_TIME,NONE,0.0,,
1166,fixed-time,3,10,4,0,30.0,0.0,NONE,NONE,False,NONE,FIXED_TIME,NONE,0.0,,
1167,fixed-time,3,11,4,0,34.0,0.0,NONE,NONE,False,NONE,FIXED_TIME,NONE,0.0,,
1168,fixed-time,3,12,6,0,40.0,0.0,NONE,NONE,False,NONE,FIXED_TIME,NONE,0.0,,
1169,fixed-time,3,13,6,0,46.0,0.0,NONE,NONE,False,NONE,FIXED_TIME,NONE,0.0,,
1170,fixed-time,3,14,6,0,52.0,0.0,NONE,NONE,False,NONE,FIXED_TIME,NONE,0.0,,
1171,fixed-time,3,15,6,0,58.0,0.0,NONE,NONE,False,NONE,FIXED_TIME,NONE,0.0,,
1172,fixed-time,3,16,6,0,64.0,0.0,NONE,NONE,False,NONE,FIXED_TIME,NONE,0.0,,
1173,fixed-time,3,17,7,0,71.0,0.0,NONE,NONE,False,NONE,FIXED_TIME,NONE,0.0,,
1174,fixed-time,3,18,8,0,79.0,0.0,NONE,NONE,False,NONE,FIXED_TIME,NONE,0.0,,
1175,fixed-time,3,19,8,0,87.0,0.0,NONE,NONE,False,NONE,FIXED_TIME,NONE,0.0,,
1176,fixed-time,3,20,8,0,95.0,0.0,NONE,NONE,False,NONE,FIXED_TIME,NONE,0.0,,
1177,fixed-time,3,21,8,0,103.0,0.0,NONE,NONE,False,NONE,FIXED_TIME,NONE,0.0,,
1178,fixed-time,3,22,10,0,113.0,0.0,NONE,NONE,False,NONE,FIXED_TIME,NONE,0.0,,
1179,fixed-time,3,23,10,0,123.0,0.0,NONE,NONE,False,NONE,FIXED_TIME,NONE,0.0,,
1180,fixed-time,3,24,10,0,133.0,0.0,NONE,NONE,False,NONE,FIXED_TIME,NONE,0.0,,
1181,fixed-time,3,25,10,0,143.0,0.0,NONE,NONE,False,NONE,FIXED_TIME,NONE,0.0,,
1182,fixed-time,3,26,10,0,153.0,0.0,NONE,NONE,False,NONE,FIXED_TIME,NONE,0.0,,
1183,fixed-time,3,27,10,0,163.0,0.0,NONE,NONE,False,NONE,FIXED_TIME,NONE,0.0,,
1184,fixed-time,3,28,11,0,174.0,0.0,NONE,NONE,False,NONE,FIXED_TIME,NONE,0.0,,
1185,fixed-time,3,29,12,0,186.0,0.0,NONE,NONE,False,NONE,FIXED_TIME,NONE,0.0,,
1186,fixed-time,4,0,12,0,198.0,0.0,NONE,NONE,False,NONE,FIXED_TIME,NONE,0.0,,
1187,fixed-time,4,1,12,0,210.0,0.0,NONE,NONE,False,NONE,FIXED_TIME,NONE,0.0,,
1188,fixed-time,4,2,12,0,222.0,0.0,NONE,NONE,False,NONE,FIXED_TIME,NONE,0.0,,
1189,fixed-time,5,0,12,0,234.0,0.0,NONE,NONE,False,NONE,FIXED_TIME,NONE,0.0,,
1190,fixed-time,5,1,14,0,248.0,0.0,NONE,NONE,False,NONE,FIXED_TIME,NONE,0.0,,
1191,fixed-time,0,0,12,0,191.0,0.0,NONE,NONE,False,NONE,FIXED_TIME,NONE,0.0,,
1192,fixed-time,0,1,10,0,142.0,0.0,NONE,NONE,False,NONE,FIXED_TIME,NONE,0.0,,
1193,fixed-time,0,2,8,0,100.0,0.0,NONE,NONE,False,NONE,FIXED_TIME,NONE,0.0,,
1194,fixed-time,0,3,7,2,66.0,2.0,NONE,NONE,False,NONE,FIXED_TIME,NONE,0.0,,
1195,fixed-time,0,4,5,2,37.0,4.0,NONE,NONE,False,NONE,FIXED_TIME,NONE,0.0,,
1196,fixed-time,0,5,4,2,18.0,6.0,NONE,NONE,False,NONE,FIXED_TIME,NONE,0.0,,
1197,fixed-time,0,6,2,2,6.0,8.0,NONE,NONE,False,NONE,FIXED_TIME,NONE,0.0,,
1198,fixed-time,0,7,0,4,0.0,12.0,NONE,NONE,False,NONE,FIXED_TIME,NONE,0.0,,
1199,fixed-time,0,8,0,4,0.0,16.0,NONE,NONE,False,NONE,FIXED_TIME,NONE,0.0,,
1200,fixed-time,0,9,0,4,0.0,20.0,NONE,NONE,False,NONE,FIXED_TIME,NONE,0.0,,
1201,fixed-time,0,10,0,4,0.0,24.0,NONE,NONE,False,NONE,FIXED_TIME,NONE,0.0,,
1202,fixed-time,0,11,0,4,0.0,28.0,NONE,NONE,False,NONE,FIXED_TIME,NONE,0.0,,
1203,fixed-time,0,12,0,5,0.0,33.0,NONE,NONE,False,NONE,FIXED_TIME,NONE,0.0,,
1204,fixed-time,0,13,0,5,0.0,38.0,NONE,NONE,False,NONE,FIXED_TIME,NONE,0.0,,
1205,fixed-time,0,14,0,6,0.0,44.0,NONE,NONE,False,NONE,FIXED_TIME,NONE,0.0,,
1206,fixed-time,0,15,0,6,0.0,50.0,NONE,NONE,False,NONE,FIXED_TIME,NONE,0.0,,
1207,fixed-time,0,16,0,6,0.0,56.0,NONE,NONE,False,NONE,FIXED_TIME,NONE,0.0,,
1208,fixed-time,0,17,0,6,0.0,62.0,NONE,NONE,False,NONE,FIXED_TIME,NONE,0.0,,
1209,fixed-time,0,18,0,6,0.0,68.0,NONE,NONE,False,NONE,FIXED_TIME,NONE,0.0,,
1210,fixed-time,0,19,0,6,0.0,74.0,NONE,NONE,False,NONE,FIXED_TIME,NONE,0.0,,
1211,fixed-time,0,20,0,8,0.0,82.0,NONE,NONE,False,NONE,FIXED_TIME,NONE,0.0,,
1212,fixed-time,0,21,0,8,0.0,90.0,NONE,NONE,False,NONE,FIXED_TIME,NONE,0.0,,
1213,fixed-time,0,22,0,8,0.0,98.0,NONE,NONE,False,NONE,FIXED_TIME,NONE,0.0,,
1214,fixed-time,0,23,0,8,0.0,106.0,NONE,NONE,False,NONE,FIXED_TIME,NONE,0.0,,
1215,fixed-time,0,24,0,8,0.0,114.0,NONE,NONE,False,NONE,FIXED_TIME,NONE,0.0,,
1216,fixed-time,0,25,0,9,0.0,123.0,NONE,NONE,False,NONE,FIXED_TIME,NONE,0.0,,
1217,fixed-time,0,26,0,10,0.0,133.0,NONE,NONE,False,NONE,FIXED_TIME,NONE,0.0,,
1218,fixed-time,0,27,0,10,0.0,143.0,NONE,NONE,False,NONE,FIXED_TIME,NONE,0.0,,
1219,fixed-time,0,28,0,10,0.0,153.0,NONE,NONE,False,NONE,FIXED_TIME,NONE,0.0,,
1220,fixed-time,0,29,0,10,0.0,163.0,NONE,NONE,False,NONE,FIXED_TIME,NONE,0.0,,
1221,fixed-time,1,0,0,12,0.0,175.0,NONE,NONE,False,NONE,FIXED_TIME,NONE,0.0,,
1222,fixed-time,1,1,0,12,0.0,187.0,NONE,NONE,False,NONE,FIXED_TIME,NONE,0.0,,
1223,fixed-time,1,2,0,12,0.0,199.0,NONE,NONE,False,NONE,FIXED_TIME,NONE,0.0,,
1224,fixed-time,2,0,0,12,0.0,211.0,NONE,NONE,False,NONE,FIXED_TIME,NONE,0.0,,
1225,fixed-time,2,1,0,12,0.0,223.0,NONE,NONE,False,NONE,FIXED_TIME,NONE,0.0,,
1226,fixed-time,3,0,0,11,0.0,170.0,NONE,NONE,False,NONE,FIXED_TIME,NONE,0.0,,
1227,fixed-time,3,1,0,9,0.0,121.0,NONE,NONE,False,NONE,FIXED_TIME,NONE,0.0,,
1228,fixed-time,3,2,0,8,0.0,81.0,NONE,NONE,False,NONE,FIXED_TIME,NONE,0.0,,
1229,fixed-time,3,3,2,6,2.0,51.0,NONE,NONE,False,NONE,FIXED_TIME,NONE,0.0,,
1230,fixed-time,3,4,2,4,4.0,28.0,NONE,NONE,False,NONE,FIXED_TIME,NONE,0.0,,
1231,fixed-time,3,5,2,2,6.0,10.0,NONE,NONE,False,NONE,FIXED_TIME,NONE,0.0,,
1232,fixed-time,3,6,2,0,8.0,0.0,NONE,NONE,False,NONE,FIXED_TIME,NONE,0.0,,
1233,fixed-time,3,7,2,0,10.0,0.0,NONE,NONE,False,NONE,FIXED_TIME,NONE,0.0,,
1234,fixed-time,3,8,2,0,12.0,0.0,NONE,NONE,False,NONE,FIXED_TIME,NONE,0.0,,
1235,fixed-time,3,9,3,0,15.0,0.0,NONE,NONE,False,NONE,FIXED_TIME,NONE,0.0,,
1236,fixed-time,3,10,4,0,19.0,0.0,NONE,NONE,False,NONE,FIXED_TIME,NONE,0.0,,
1237,fixed-time,3,11,4,0,23.0,0.0,NONE,NONE,False,NONE,FIXED_TIME,NONE,0.0,,
1238,fixed-time,3,12,4,0,27.0,0.0,NONE,NONE,False,NONE,FIXED_TIME,NONE,0.0,,
1239,fixed-time,3,13,4,0,31.0,0.0,NONE,NONE,False,NONE,FIXED_TIME,NONE,0.0,,
1240,fixed-time,3,14,6,0,37.0,0.0,NONE,NONE,False,NONE,FIXED_TIME,NONE,0.0,,
1241,fixed-time,3,15,6,0,43.0,0.0,NONE,NONE,False,NONE,FIXED_TIME,NONE,0.0,,
1242,fixed-time,3,16,6,0,49.0,0.0,NONE,NONE,False,NONE,FIXED_TIME,NONE,0.0,,
1243,fixed-time,3,17,6,0,55.0,0.0,NONE,NONE,False,NONE,FIXED_TIME,NONE,0.0,,
1244,fixed-time,3,18,6,0,61.0,0.0,NONE,NONE,False,NONE,FIXED_TIME,NONE,0.0,,
1245,fixed-time,3,19,6,0,67.0,0.0,NONE,NONE,False,NONE,FIXED_TIME,NONE,0.0,,
1246,fixed-time,3,20,8,0,75.0,0.0,NONE,NONE,False,NONE,FIXED_TIME,NONE,0.0,,
1247,fixed-time,3,21,8,0,83.0,0.0,NONE,NONE,False,NONE,FIXED_TIME,NONE,0.0,,
1248,fixed-time,3,22,8,0,91.0,0.0,NONE,NONE,False,NONE,FIXED_TIME,NONE,0.0,,
1249,fixed-time,3,23,8,0,99.0,0.0,NONE,NONE,False,NONE,FIXED_TIME,NONE,0.0,,
1250,fixed-time,3,24,8,0,107.0,0.0,NONE,NONE,False,NONE,FIXED_TIME,NONE,0.0,,
1251,fixed-time,3,25,10,0,117.0,0.0,NONE,NONE,False,NONE,FIXED_TIME,NONE,0.0,,
1252,fixed-time,3,26,10,0,127.0,0.0,NONE,NONE,False,NONE,FIXED_TIME,NONE,0.0,,
1253,fixed-time,3,27,10,0,137.0,0.0,NONE,NONE,False,NONE,FIXED_TIME,NONE,0.0,,
1254,fixed-time,3,28,10,0,147.0,0.0,NONE,NONE,False,NONE,FIXED_TIME,NONE,0.0,,
1255,fixed-time,3,29,10,0,157.0,0.0,NONE,NONE,False,NONE,FIXED_TIME,NONE,0.0,,
1256,fixed-time,4,0,11,0,168.0,0.0,NONE,NONE,False,NONE,FIXED_TIME,NONE,0.0,,
1257,fixed-time,4,1,12,0,180.0,0.0,NONE,NONE,False,NONE,FIXED_TIME,NONE,0.0,,
1258,fixed-time,4,2,12,0,192.0,0.0,NONE,NONE,False,NONE,FIXED_TIME,NONE,0.0,,
1259,fixed-time,5,0,12,0,204.0,0.0,NONE,NONE,False,NONE,FIXED_TIME,NONE,0.0,,
1260,fixed-time,5,1,12,0,216.0,0.0,NONE,NONE,False,NONE,FIXED_TIME,NONE,0.0,,
1261,fixed-time,0,0,10,0,162.0,0.0,NONE,NONE,False,NONE,FIXED_TIME,NONE,0.0,,
1262,fixed-time,0,1,8,0,117.0,0.0,NONE,NONE,False,NONE,FIXED_TIME,NONE,0.0,,
1263,fixed-time,0,2,8,0,79.0,0.0,NONE,NONE,False,NONE,FIXED_TIME,NONE,0.0,,
1264,fixed-time,0,3,6,2,49.0,2.0,NONE,NONE,False,NONE,FIXED_TIME,NONE,0.0,,
1265,fixed-time,0,4,4,2,25.0,4.0,NONE,NONE,False,NONE,FIXED_TIME,NONE,0.0,,
1266,fixed-time,0,5,2,2,8.0,6.0,NONE,NONE,False,NONE,FIXED_TIME,NONE,0.0,,
1267,fixed-time,0,6,1,2,1.0,8.0,NONE,NONE,False,NONE,FIXED_TIME,NONE,0.0,,
1268,fixed-time,0,7,0,3,0.0,11.0,NONE,NONE,False,NONE,FIXED_TIME,NONE,0.0,,
1269,fixed-time,0,8,0,3,0.0,14.0,NONE,NONE,False,NONE,FIXED_TIME,NONE,0.0,,
1270,fixed-time,0,9,0,4,0.0,18.0,NONE,NONE,False,NONE,FIXED_TIME,NONE,0.0,,
1271,fixed-time,0,10,0,4,0.0,22.0,NONE,NONE,False,NONE,FIXED_TIME,NONE,0.0,,
1272,fixed-time,0,11,0,4,0.0,26.0,NONE,NONE,False,NONE,FIXED_TIME,NONE,0.0,,
1273,fixed-time,0,12,0,4,0.0,30.0,NONE,NONE,False,NONE,FIXED_TIME,NONE,0.0,,
1274,fixed-time,0,13,0,6,0.0,36.0,NONE,NONE,False,NONE,FIXED_TIME,NONE,0.0,,
1275,fixed-time,0,14,0,6,0.0,42.0,NONE,NONE,False,NONE,FIXED_TIME,NONE,0.0,,
1276,fixed-time,0,15,0,6,0.0,48.0,NONE,NONE,False,NONE,FIXED_TIME,NONE,0.0,,
1277,fixed-time,0,16,0,6,0.0,54.0,NONE,NONE,False,NONE,FIXED_TIME,NONE,0.0,,
1278,fixed-time,0,17,0,6,0.0,60.0,NONE,NONE,False,NONE,FIXED_TIME,NONE,0.0,,
1279,fixed-time,0,18,0,8,0.0,68.0,NONE,NONE,False,NONE,FIXED_TIME,NONE,0.0,,
1280,fixed-time,0,19,0,8,0.0,76.0,NONE,NONE,False,NONE,FIXED_TIME,NONE,0.0,,
1281,fixed-time,0,20,0,8,0.0,84.0,NONE,NONE,False,NONE,FIXED_TIME,NONE,0.0,,
1282,fixed-time,0,21,0,8,0.0,92.0,NONE,NONE,False,NONE,FIXED_TIME,NONE,0.0,,
1283,fixed-time,0,22,0,8,0.0,100.0,NONE,NONE,False,NONE,FIXED_TIME,NONE,0.0,,
1284,fixed-time,0,23,0,9,0.0,109.0,NONE,NONE,False,NONE,FIXED_TIME,NONE,0.0,,
1285,fixed-time,0,24,0,9,0.0,118.0,NONE,NONE,False,NONE,FIXED_TIME,NONE,0.0,,
1286,fixed-time,0,25,0,10,0.0,128.0,NONE,NONE,False,NONE,FIXED_TIME,NONE,0.0,,
1287,fixed-time,0,26,0,10,0.0,138.0,NONE,NONE,False,NONE,FIXED_TIME,NONE,0.0,,
1288,fixed-time,0,27,0,10,0.0,148.0,NONE,NONE,False,NONE,FIXED_TIME,NONE,0.0,,
1289,fixed-time,0,28,0,10,0.0,158.0,NONE,NONE,False,NONE,FIXED_TIME,NONE,0.0,,
1290,fixed-time,0,29,0,12,0.0,170.0,NONE,NONE,False,NONE,FIXED_TIME,NONE,0.0,,
1291,fixed-time,1,0,0,12,0.0,182.0,NONE,NONE,False,NONE,FIXED_TIME,NONE,0.0,,
1292,fixed-time,1,1,0,12,0.0,194.0,NONE,NONE,False,NONE,FIXED_TIME,NONE,0.0,,
1293,fixed-time,1,2,0,12,0.0,206.0,NONE,NONE,False,NONE,FIXED_TIME,NONE,0.0,,
1294,fixed-time,2,0,0,12,0.0,218.0,NONE,NONE,False,NONE,FIXED_TIME,NONE,0.0,,
1295,fixed-time,2,1,0,12,0.0,230.0,NONE,NONE,False,NONE,FIXED_TIME,NONE,0.0,,
1296,fixed-time,3,0,1,10,1.0,176.0,NONE,NONE,False,NONE,FIXED_TIME,NONE,0.0,,
1297,fixed-time,3,1,2,9,3.0,129.0,NONE,NONE,False,NONE,FIXED_TIME,NONE,0.0,,
1298,fixed-time,3,2,2,8,5.0,89.0,NONE,NONE,False,NONE,FIXED_TIME,NONE,0.0,,
1299,fixed-time,3,3,2,6,7.0,55.0,NONE,NONE,False,NONE,FIXED_TIME,NONE,0.0,,
1300,fixed-time,3,4,2,4,9.0,29.0,NONE,NONE,False,NONE,FIXED_TIME,NONE,0.0,,
1301,fixed-time,3,5,3,2,12.0,9.0,NONE,NONE,False,NONE,FIXED_TIME,NONE,0.0,,
1302,fixed-time,3,6,4,0,16.0,0.0,NONE,NONE,False,NONE,FIXED_TIME,NONE,0.0,,
1303,fixed-time,3,7,4,0,20.0,0.0,NONE,NONE,False,NONE,FIXED_TIME,NONE,0.0,,
1304,fixed-time,3,8,4,0,24.0,0.0,NONE,NONE,False,NONE,FIXED_TIME,NONE,0.0,,
1305,fixed-time,3,9,4,0,28.0,0.0,NONE,NONE,False,NONE,FIXED_TIME,NONE,0.0,,
1306,fixed-time,3,10,4,0,32.0,0.0,NONE,NONE,False,NONE,FIXED_TIME,NONE,0.0,,
1307,fixed-time,3,11,5,0,37.0,0.0,NONE,NONE,False,NONE,FIXED_TIME,NONE,0.0,,
1308,fixed-time,3,12,5,0,42.0,0.0,NONE,NONE,False,NONE,FIXED_TIME,NONE,0.0,,
1309,fixed-time,3,13,6,0,48.0,0.0,NONE,NONE,False,NONE,FIXED_TIME,NONE,0.0,,
1310,fixed-time,3,14,6,0,54.0,0.0,NONE,NONE,False,NONE,FIXED_TIME,NONE,0.0,,
1311,fixed-time,3,15,7,0,61.0,0.0,NONE,NONE,False,NONE,FIXED_TIME,NONE,0.0,,
1312,fixed-time,3,16,7,0,68.0,0.0,NONE,NONE,False,NONE,FIXED_TIME,NONE,0.0,,
1313,fixed-time,3,17,8,0,76.0,0.0,NONE,NONE,False,NONE,FIXED_TIME,NONE,0.0,,
1314,fixed-time,3,18,8,0,84.0,0.0,NONE,NONE,False,NONE,FIXED_TIME,NONE,0.0,,
1315,fixed-time,3,19,8,0,92.0,0.0,NONE,NONE,False,NONE,FIXED_TIME,NONE,0.0,,
1316,fixed-time,3,20,8,0,100.0,0.0,NONE,NONE,False,NONE,FIXED_TIME,NONE,0.0,,
1317,fixed-time,3,21,8,0,108.0,0.0,NONE,NONE,False,NONE,FIXED_TIME,NONE,0.0,,
1318,fixed-time,3,22,9,0,117.0,0.0,NONE,NONE,False,NONE,FIXED_TIME,NONE,0.0,,
1319,fixed-time,3,23,10,0,127.0,0.0,NONE,NONE,False,NONE,FIXED_TIME,NONE,0.0,,
1320,fixed-time,3,24,10,0,137.0,0.0,NONE,NONE,False,NONE,FIXED_TIME,NONE,0.0,,
1321,fixed-time,3,25,10,0,147.0,0.0,NONE,NONE,False,NONE,FIXED_TIME,NONE,0.0,,
1322,fixed-time,3,26,11,0,158.0,0.0,NONE,NONE,False,NONE,FIXED_TIME,NONE,0.0,,
1323,fixed-time,3,27,12,0,170.0,0.0,NONE,NONE,False,NONE,FIXED_TIME,NONE,0.0,,
1324,fixed-time,3,28,12,0,182.0,0.0,NONE,NONE,False,NONE,FIXED_TIME,NONE,0.0,,
1325,fixed-time,3,29,12,0,194.0,0.0,NONE,NONE,False,NONE,FIXED_TIME,NONE,0.0,,
1326,fixed-time,4,0,12,0,206.0,0.0,NONE,NONE,False,NONE,FIXED_TIME,NONE,0.0,,
1327,fixed-time,4,1,14,0,220.0,0.0,NONE,NONE,False,NONE,FIXED_TIME,NONE,0.0,,
1328,fixed-time,4,2,14,0,234.0,0.0,NONE,NONE,False,NONE,FIXED_TIME,NONE,0.0,,
1329,fixed-time,5,0,14,0,248.0,0.0,NONE,NONE,False,NONE,FIXED_TIME,NONE,0.0,,
1330,fixed-time,5,1,14,0,262.0,0.0,NONE,NONE,False,NONE,FIXED_TIME,NONE,0.0,,
1331,fixed-time,0,0,12,0,205.0,0.0,NONE,NONE,False,NONE,FIXED_TIME,NONE,0.0,,
1332,fixed-time,0,1,11,1,155.0,1.0,NONE,NONE,False,NONE,FIXED_TIME,NONE,0.0,,
1333,fixed-time,0,2,10,1,115.0,2.0,NONE,NONE,False,NONE,FIXED_TIME,NONE,0.0,,
1334,fixed-time,0,3,8,2,79.0,4.0,NONE,NONE,False,NONE,FIXED_TIME,NONE,0.0,,
1335,fixed-time,0,4,6,2,52.0,6.0,NONE,NONE,False,NONE,FIXED_TIME,NONE,0.0,,
1336,fixed-time,0,5,4,2,29.0,8.0,NONE,NONE,False,NONE,FIXED_TIME,NONE,0.0,,
1337,fixed-time,0,6,2,2,11.0,10.0,NONE,NONE,False,NONE,FIXED_TIME,NONE,0.0,,
1338,fixed-time,0,7,1,2,1.0,12.0,NONE,NONE,False,NONE,FIXED_TIME,NONE,0.0,,
1339,fixed-time,0,8,0,4,0.0,16.0,NONE,NONE,False,NONE,FIXED_TIME,NONE,0.0,,
1340,fixed-time,0,9,0,4,0.0,20.0,NONE,NONE,False,NONE,FIXED_TIME,NONE,0.0,,
1341,fixed-time,0,10,0,4,0.0,24.0,NONE,NONE,False,NONE,FIXED_TIME,NONE,0.0,,
1342,fixed-time,0,11,0,5,0.0,29.0,NONE,NONE,False,NONE,FIXED_TIME,NONE,0.0,,
1343,fixed-time,0,12,0,6,0.0,35.0,NONE,NONE,False,NONE,FIXED_TIME,NONE,0.0,,
1344,fixed-time,0,13,0,6,0.0,41.0,NONE,NONE,False,NONE,FIXED_TIME,NONE,0.0,,
1345,fixed-time,0,14,0,6,0.0,47.0,NONE,NONE,False,NONE,FIXED_TIME,NONE,0.0,,
1346,fixed-time,0,15,0,6,0.0,53.0,NONE,NONE,False,NONE,FIXED_TIME,NONE,0.0,,
1347,fixed-time,0,16,0,6,0.0,59.0,NONE,NONE,False,NONE,FIXED_TIME,NONE,0.0,,
1348,fixed-time,0,17,0,7,0.0,66.0,NONE,NONE,False,NONE,FIXED_TIME,NONE,0.0,,
1349,fixed-time,0,18,0,8,0.0,74.0,NONE,NONE,False,NONE,FIXED_TIME,NONE,0.0,,
1350,fixed-time,0,19,0,8,0.0,82.0,NONE,NONE,False,NONE,FIXED_TIME,NONE,0.0,,
1351,fixed-time,0,20,0,8,0.0,90.0,NONE,NONE,False,NONE,FIXED_TIME,NONE,0.0,,
1352,fixed-time,0,21,0,8,0.0,98.0,NONE,NONE,False,NONE,FIXED_TIME,NONE,0.0,,
1353,fixed-time,0,22,0,8,0.0,106.0,NONE,NONE,False,NONE,FIXED_TIME,NONE,0.0,,
1354,fixed-time,0,23,0,8,0.0,114.0,NONE,NONE,False,NONE,FIXED_TIME,NONE,0.0,,
1355,fixed-time,0,24,0,8,0.0,122.0,NONE,NONE,False,NONE,FIXED_TIME,NONE,0.0,,
1356,fixed-time,0,25,0,9,0.0,131.0,NONE,NONE,False,NONE,FIXED_TIME,NONE,0.0,,
1357,fixed-time,0,26,0,10,0.0,141.0,NONE,NONE,False,NONE,FIXED_TIME,NONE,0.0,,
1358,fixed-time,0,27,0,10,0.0,151.0,NONE,NONE,False,NONE,FIXED_TIME,NONE,0.0,,
1359,fixed-time,0,28,0,10,0.0,161.0,NONE,NONE,False,NONE,FIXED_TIME,NONE,0.0,,
1360,fixed-time,0,29,0,12,0.0,173.0,NONE,NONE,False,NONE,FIXED_TIME,NONE,0.0,,
1361,fixed-time,1,0,0,12,0.0,185.0,NONE,NONE,False,NONE,FIXED_TIME,NONE,0.0,,
1362,fixed-time,1,1,0,12,0.0,197.0,NONE,NONE,False,NONE,FIXED_TIME,NONE,0.0,,
1363,fixed-time,1,2,0,12,0.0,209.0,NONE,NONE,False,NONE,FIXED_TIME,NONE,0.0,,
1364,fixed-time,2,0,0,12,0.0,221.0,NONE,NONE,False,NONE,FIXED_TIME,NONE,0.0,,
1365,fixed-time,2,1,0,12,0.0,233.0,NONE,NONE,False,NONE,FIXED_TIME,NONE,0.0,,
1366,fixed-time,3,0,0,12,0.0,179.0,NONE,NONE,False,NONE,FIXED_TIME,NONE,0.0,,
1367,fixed-time,3,1,0,10,0.0,133.0,NONE,NONE,False,NONE,FIXED_TIME,NONE,0.0,,
1368,fixed-time,3,2,1,8,1.0,90.0,NONE,NONE,False,NONE,FIXED_TIME,NONE,0.0,,
1369,fixed-time,3,3,2,6,3.0,55.0,NONE,NONE,False,NONE,FIXED_TIME,NONE,0.0,,
1370,fixed-time,3,4,2,4,5.0,32.0,NONE,NONE,False,NONE,FIXED_TIME,NONE,0.0,,
1371,fixed-time,3,5,2,2,7.0,12.0,NONE,NONE,False,NONE,FIXED_TIME,NONE,0.0,,
1372,fixed-time,3,6,2,0,9.0,0.0,NONE,NONE,False,NONE,FIXED_TIME,NONE,0.0,,
1373,fixed-time,3,7,4,0,13.0,0.0,NONE,NONE,False,NONE,FIXED_TIME,NONE,0.0,,
1374,fixed-time,3,8,4,0,17.0,0.0,NONE,NONE,False,NONE,FIXED_TIME,NONE,0.0,,
1375,fixed-time,3,9,4,0,21.0,0.0,NONE,NONE,False,NONE,FIXED_TIME,NONE,0.0,,
1376,fixed-time,3,10,4,0,25.0,0.0,NONE,NONE,False,NONE,FIXED_TIME,NONE,0.0,,
1377,fixed-time,3,11,4,0,29.0,0.0,NONE,NONE,False,NONE,FIXED_TIME,NONE,0.0,,
1378,fixed-time,3,12,6,0,35.0,0.0,NONE,NONE,False,NONE,FIXED_TIME,NONE,0.0,,
1379,fixed-time,3,13,6,0,41.0,0.0,NONE,NONE,False,NONE,FIXED_TIME,NONE,0.0,,
1380,fixed-time,3,14,6,0,47.0,0.0,NONE,NONE,False,NONE,FIXED_TIME,NONE,0.0,,
1381,fixed-time,3,15,6,0,53.0,0.0,NONE,NONE,False,NONE,FIXED_TIME,NONE,0.0,,
1382,fixed-time,3,16,6,0,59.0,0.0,NONE,NONE,False,NONE,FIXED_TIME,NONE,0.0,,
1383,fixed-time,3,17,6,0,65.0,0.0,NONE,NONE,False,NONE,FIXED_TIME,NONE,0.0,,
1384,fixed-time,3,18,8,0,73.0,0.0,NONE,NONE,False,NONE,FIXED_TIME,NONE,0.0,,
1385,fixed-time,3,19,8,0,81.0,0.0,NONE,NONE,False,NONE,FIXED_TIME,NONE,0.0,,
1386,fixed-time,3,20,8,0,89.0,0.0,NONE,NONE,False,NONE,FIXED_TIME,NONE,0.0,,
1387,fixed-time,3,21,8,0,97.0,0.0,NONE,NONE,False,NONE,FIXED_TIME,NONE,0.0,,
1388,fixed-time,3,22,8,0,105.0,0.0,NONE,NONE,False,NONE,FIXED_TIME,NONE,0.0,,
1389,fixed-time,3,23,9,0,114.0,0.0,NONE,NONE,False,NONE,FIXED_TIME,NONE,0.0,,
1390,fixed-time,3,24,10,0,124.0,0.0,NONE,NONE,False,NONE,FIXED_TIME,NONE,0.0,,
1391,fixed-time,3,25,10,0,134.0,0.0,NONE,NONE,False,NONE,FIXED_TIME,NONE,0.0,,
1392,fixed-time,3,26,10,0,144.0,0.0,NONE,NONE,False,NONE,FIXED_TIME,NONE,0.0,,
1393,fixed-time,3,27,10,0,154.0,0.0,NONE,NONE,False,NONE,FIXED_TIME,NONE,0.0,,
1394,fixed-time,3,28,10,0,164.0,0.0,NONE,NONE,False,NONE,FIXED_TIME,NONE,0.0,,
1395,fixed-time,3,29,11,0,175.0,0.0,NONE,NONE,False,NONE,FIXED_TIME,NONE,0.0,,
1396,fixed-time,4,0,11,0,186.0,0.0,NONE,NONE,False,NONE,FIXED_TIME,NONE,0.0,,
1397,fixed-time,4,1,12,0,198.0,0.0,NONE,NONE,False,NONE,FIXED_TIME,NONE,0.0,,
1398,fixed-time,4,2,12,0,210.0,0.0,NONE,NONE,False,NONE,FIXED_TIME,NONE,0.0,,
1399,fixed-time,5,0,12,0,222.0,0.0,NONE,NONE,False,NONE,FIXED_TIME,NONE,0.0,,
1400,fixed-time,5,1,13,0,235.0,0.0,NONE,NONE,False,NONE,FIXED_TIME,NONE,0.0,,
1401,fixed-time,0,0,11,1,181.0,1.0,NONE,NONE,False,NONE,FIXED_TIME,NONE,0.0,,
1402,fixed-time,0,1,10,2,133.0,3.0,NONE,NONE,False,NONE,FIXED_TIME,NONE,0.0,,
1403,fixed-time,0,2,8,2,91.0,5.0,NONE,NONE,False,NONE,FIXED_TIME,NONE,0.0,,
1404,fixed-time,0,3,6,2,57.0,7.0,NONE,NONE,False,NONE,FIXED_TIME,NONE,0.0,,
1405,fixed-time,0,4,6,2,32.0,9.0,NONE,NONE,False,NONE,FIXED_TIME,NONE,0.0,,
1406,fixed-time,0,5,4,2,16.0,11.0,NONE,NONE,False,NONE,FIXED_TIME,NONE,0.0,,
1407,fixed-time,0,6,2,3,6.0,14.0,NONE,NONE,False,NONE,FIXED_TIME,NONE,0.0,,
1408,fixed-time,0,7,0,4,0.0,18.0,NONE,NONE,False,NONE,FIXED_TIME,NONE,0.0,,
1409,fixed-time,0,8,0,4,0.0,22.0,NONE,NONE,False,NONE,FIXED_TIME,NONE,0.0,,
1410,fixed-time,0,9,0,4,0.0,26.0,NONE,NONE,False,NONE,FIXED_TIME,NONE,0.0,,
1411,fixed-time,0,10,0,4,0.0,30.0,NONE,NONE,False,NONE,FIXED_TIME,NONE,0.0,,
1412,fixed-time,0,11,0,4,0.0,34.0,NONE,NONE,False,NONE,FIXED_TIME,NONE,0.0,,
1413,fixed-time,0,12,0,5,0.0,39.0,NONE,NONE,False,NONE,FIXED_TIME,NONE,0.0,,
1414,fixed-time,0,13,0,6,0.0,45.0,NONE,NONE,False,NONE,FIXED_TIME,NONE,0.0,,
1415,fixed-time,0,14,0,6,0.0,51.0,NONE,NONE,False,NONE,FIXED_TIME,NONE,0.0,,
1416,fixed-time,0,15,0,6,0.0,57.0,NONE,NONE,False,NONE,FIXED_TIME,NONE,0.0,,
1417,fixed-time,0,16,0,6,0.0,63.0,NONE,NONE,False,NONE,FIXED_TIME,NONE,0.0,,
1418,fixed-time,0,17,0,7,0.0,70.0,NONE,NONE,False,NONE,FIXED_TIME,NONE,0.0,,
1419,fixed-time,0,18,0,8,0.0,78.0,NONE,NONE,False,NONE,FIXED_TIME,NONE,0.0,,
1420,fixed-time,0,19,0,8,0.0,86.0,NONE,NONE,False,NONE,FIXED_TIME,NONE,0.0,,
1421,fixed-time,0,20,0,8,0.0,94.0,NONE,NONE,False,NONE,FIXED_TIME,NONE,0.0,,
1422,fixed-time,0,21,0,8,0.0,102.0,NONE,NONE,False,NONE,FIXED_TIME,NONE,0.0,,
1423,fixed-time,0,22,0,9,0.0,111.0,NONE,NONE,False,NONE,FIXED_TIME,NONE,0.0,,
1424,fixed-time,0,23,0,10,0.0,121.0,NONE,NONE,False,NONE,FIXED_TIME,NONE,0.0,,
1425,fixed-time,0,24,0,10,0.0,131.0,NONE,NONE,False,NONE,FIXED_TIME,NONE,0.0,,
1426,fixed-time,0,25,0,10,0.0,141.0,NONE,NONE,False,NONE,FIXED_TIME,NONE,0.0,,
1427,fixed-time,0,26,0,10,0.0,151.0,NONE,NONE,False,NONE,FIXED_TIME,NONE,0.0,,
1428,fixed-time,0,27,0,10,0.0,161.0,NONE,NONE,False,NONE,FIXED_TIME,NONE,0.0,,
1429,fixed-time,0,28,0,11,0.0,172.0,NONE,NONE,False,NONE,FIXED_TIME,NONE,0.0,,
1430,fixed-time,0,29,0,12,0.0,184.0,NONE,NONE,False,NONE,FIXED_TIME,NONE,0.0,,
1431,fixed-time,1,0,0,12,0.0,196.0,NONE,NONE,False,NONE,FIXED_TIME,NONE,0.0,,
1432,fixed-time,1,1,0,12,0.0,208.0,NONE,NONE,False,NONE,FIXED_TIME,NONE,0.0,,
1433,fixed-time,1,2,0,12,0.0,220.0,NONE,NONE,False,NONE,FIXED_TIME,NONE,0.0,,
1434,fixed-time,2,0,0,12,0.0,232.0,NONE,NONE,False,NONE,FIXED_TIME,NONE,0.0,,
1435,fixed-time,2,1,0,12,0.0,244.0,NONE,NONE,False,NONE,FIXED_TIME,NONE,0.0,,
1436,fixed-time,3,0,0,10,0.0,185.0,NONE,NONE,False,NONE,FIXED_TIME,NONE,0.0,,
1437,fixed-time,3,1,0,10,0.0,136.0,NONE,NONE,False,NONE,FIXED_TIME,NONE,0.0,,
1438,fixed-time,3,2,1,8,1.0,95.0,NONE,NONE,False,NONE,FIXED_TIME,NONE,0.0,,
1439,fixed-time,3,3,2,6,3.0,60.0,NONE,NONE,False,NONE,FIXED_TIME,NONE,0.0,,
1440,fixed-time,3,4,2,5,5.0,32.0,NONE,NONE,False,NONE,FIXED_TIME,NONE,0.0,,
1441,fixed-time,3,5,2,4,7.0,13.0,NONE,NONE,False,NONE,FIXED_TIME,NONE,0.0,,
1442,fixed-time,3,6,2,2,9.0,5.0,NONE,NONE,False,NONE,FIXED_TIME,NONE,0.0,,
1443,fixed-time,3,7,2,0,11.0,0.0,NONE,NONE,False,NONE,FIXED_TIME,NONE,0.0,,
1444,fixed-time,3,8,3,0,14.0,0.0,NONE,NONE,False,NONE,FIXED_TIME,NONE,0.0,,
1445,fixed-time,3,9,4,0,18.0,0.0,NONE,NONE,False,NONE,FIXED_TIME,NONE,0.0,,
1446,fixed-time,3,10,4,0,22.0,0.0,NONE,NONE,False,NONE,FIXED_TIME,NONE,0.0,,
1447,fixed-time,3,11,4,0,26.0,0.0,NONE,NONE,False,NONE,FIXED_TIME,NONE,0.0,,
1448,fixed-time,3,12,4,0,30.0,0.0,NONE,NONE,False,NONE,FIXED_TIME,NONE,0.0,,
1449,fixed-time,3,13,4,0,34.0,0.0,NONE,NONE,False,NONE,FIXED_TIME,NONE,0.0,,
1450,fixed-time,3,14,6,0,40.0,0.0,NONE,NONE,False,NONE,FIXED_TIME,NONE,0.0,,
1451,fixed-time,3,15,6,0,46.0,0.0,NONE,NONE,False,NONE,FIXED_TIME,NONE,0.0,,
1452,fixed-time,3,16,6,0,52.0,0.0,NONE,NONE,False,NONE,FIXED_TIME,NONE,0.0,,
1453,fixed-time,3,17,6,0,58.0,0.0,NONE,NONE,False,NONE,FIXED_TIME,NONE,0.0,,
1454,fixed-time,3,18,6,0,64.0,0.0,NONE,NONE,False,NONE,FIXED_TIME,NONE,0.0,,
1455,fixed-time,3,19,6,0,70.0,0.0,NONE,NONE,False,NONE,FIXED_TIME,NONE,0.0,,
1456,fixed-time,3,20,8,0,78.0,0.0,NONE,NONE,False,NONE,FIXED_TIME,NONE,0.0,,
1457,fixed-time,3,21,8,0,86.0,0.0,NONE,NONE,False,NONE,FIXED_TIME,NONE,0.0,,
1458,fixed-time,3,22,8,0,94.0,0.0,NONE,NONE,False,NONE,FIXED_TIME,NONE,0.0,,
1459,fixed-time,3,23,8,0,102.0,0.0,NONE,NONE,False,NONE,FIXED_TIME,NONE,0.0,,
1460,fixed-time,3,24,9,0,111.0,0.0,NONE,NONE,False,NONE,FIXED_TIME,NONE,0.0,,
1461,fixed-time,3,25,10,0,121.0,0.0,NONE,NONE,False,NONE,FIXED_TIME,NONE,0.0,,
1462,fixed-time,3,26,10,0,131.0,0.0,NONE,NONE,False,NONE,FIXED_TIME,NONE,0.0,,
1463,fixed-time,3,27,10,0,141.0,0.0,NONE,NONE,False,NONE,FIXED_TIME,NONE,0.0,,
1464,fixed-time,3,28,10,0,151.0,0.0,NONE,NONE,False,NONE,FIXED_TIME,NONE,0.0,,
1465,fixed-time,3,29,10,0,161.0,0.0,NONE,NONE,False,NONE,FIXED_TIME,NONE,0.0,,
1466,fixed-time,4,0,11,0,172.0,0.0,NONE,NONE,False,NONE,FIXED_TIME,NONE,0.0,,
1467,fixed-time,4,1,12,0,184.0,0.0,NONE,NONE,False,NONE,FIXED_TIME,NONE,0.0,,
1468,fixed-time,4,2,12,0,196.0,0.0,NONE,NONE,False,NONE,FIXED_TIME,NONE,0.0,,
1469,fixed-time,5,0,12,1,208.0,1.0,NONE,NONE,False,NONE,FIXED_TIME,NONE,0.0,,
1470,fixed-time,5,1,12,1,220.0,2.0,NONE,NONE,False,NONE,FIXED_TIME,NONE,0.0,,
1471,fixed-time,0,0,10,2,165.0,4.0,NONE,NONE,False,NONE,FIXED_TIME,NONE,0.0,,
1472,fixed-time,0,1,8,2,118.0,6.0,NONE,NONE,False,NONE,FIXED_TIME,NONE,0.0,,
1473,fixed-time,0,2,8,2,80.0,8.0,NONE,NONE,False,NONE,FIXED_TIME,NONE,0.0,,
1474,fixed-time,0,3,6,2,50.0,10.0,NONE,NONE,False,NONE,FIXED_TIME,NONE,0.0,,
1475,fixed-time,0,4,4,2,25.0,12.0,NONE,NONE,False,NONE,FIXED_TIME,NONE,0.0,,
1476,fixed-time,0,5,2,2,8.0,14.0,NONE,NONE,False,NONE,FIXED_TIME,NONE,0.0,,
1477,fixed-time,0,6,2,3,6.0,17.0,NONE,NONE,False,NONE,FIXED_TIME,NONE,0.0,,
1478,fixed-time,0,7,1,4,2.0,21.0,NONE,NONE,False,NONE,FIXED_TIME,NONE,0.0,,
1479,fixed-time,0,8,0,4,0.0,25.0,NONE,NONE,False,NONE,FIXED_TIME,NONE,0.0,,
1480,fixed-time,0,9,0,4,0.0,29.0,NONE,NONE,False,NONE,FIXED_TIME,NONE,0.0,,
1481,fixed-time,0,10,0,4,0.0,33.0,NONE,NONE,False,NONE,FIXED_TIME,NONE,0.0,,
1482,fixed-time,0,11,0,4,0.0,37.0,NONE,NONE,False,NONE,FIXED_TIME,NONE,0.0,,
1483,fixed-time,0,12,0,6,0.0,43.0,NONE,NONE,False,NONE,FIXED_TIME,NONE,0.0,,
1484,fixed-time,0,13,0,6,0.0,49.0,NONE,NONE,False,NONE,FIXED_TIME,NONE,0.0,,
1485,fixed-time,0,14,0,6,0.0,55.0,NONE,NONE,False,NONE,FIXED_TIME,NONE,0.0,,
1486,fixed-time,0,15,0,6,0.0,61.0,NONE,NONE,False,NONE,FIXED_TIME,NONE,0.0,,
1487,fixed-time,0,16,0,7,0.0,68.0,NONE,NONE,False,NONE,FIXED_TIME,NONE,0.0,,
1488,fixed-time,0,17,0,8,0.0,76.0,NONE,NONE,False,NONE,FIXED_TIME,NONE,0.0,,
1489,fixed-time,0,18,0,8,0.0,84.0,NONE,NONE,False,NONE,FIXED_TIME,NONE,0.0,,
1490,fixed-time,0,19,0,8,0.0,92.0,NONE,NONE,False,NONE,FIXED_TIME,NONE,0.0,,
1491,fixed-time,0,20,0,8,0.0,100.0,NONE,NONE,False,NONE,FIXED_TIME,NONE,0.0,,
1492,fixed-time,0,21,0,8,0.0,108.0,NONE,NONE,False,NONE,FIXED_TIME,NONE,0.0,,
1493,fixed-time,0,22,0,8,0.0,116.0,NONE,NONE,False,NONE,FIXED_TIME,NONE,0.0,,
1494,fixed-time,0,23,0,10,0.0,126.0,NONE,NONE,False,NONE,FIXED_TIME,NONE,0.0,,
1495,fixed-time,0,24,0,10,0.0,136.0,NONE,NONE,False,NONE,FIXED_TIME,NONE,0.0,,
1496,fixed-time,0,25,0,10,0.0,146.0,NONE,NONE,False,NONE,FIXED_TIME,NONE,0.0,,
1497,fixed-time,0,26,0,10,0.0,156.0,NONE,NONE,False,NONE,FIXED_TIME,NONE,0.0,,
1498,fixed-time,0,27,0,10,0.0,166.0,NONE,NONE,False,NONE,FIXED_TIME,NONE,0.0,,
1499,fixed-time,0,28,0,10,0.0,176.0,NONE,NONE,False,NONE,FIXED_TIME,NONE,0.0,,
1500,fixed-time,0,29,0,12,0.0,188.0,NONE,NONE,False,NONE,FIXED_TIME,NONE,0.0,,
1501,fixed-time,1,0,0,12,0.0,200.0,NONE,NONE,False,NONE,FIXED_TIME,NONE,0.0,,
1502,fixed-time,1,1,0,12,0.0,212.0,NONE,NONE,False,NONE,FIXED_TIME,NONE,0.0,,
1503,fixed-time,1,2,0,12,0.0,224.0,NONE,NONE,False,NONE,FIXED_TIME,NONE,0.0,,
1504,fixed-time,2,0,0,12,0.0,236.0,NONE,NONE,False,NONE,FIXED_TIME,NONE,0.0,,
1505,fixed-time,2,1,1,14,1.0,250.0,NONE,NONE,False,NONE,FIXED_TIME,NONE,0.0,,
1506,fixed-time,3,0,2,12,3.0,190.0,NONE,NONE,False,NONE,FIXED_TIME,NONE,0.0,,
1507,fixed-time,3,1,2,10,5.0,141.0,NONE,NONE,False,NONE,FIXED_TIME,NONE,0.0,,
1508,fixed-time,3,2,2,8,7.0,99.0,NONE,NONE,False,NONE,FIXED_TIME,NONE,0.0,,
1509,fixed-time,3,3,2,6,9.0,62.0,NONE,NONE,False,NONE,FIXED_TIME,NONE,0.0,,
1510,fixed-time,3,4,2,5,11.0,35.0,NONE,NONE,False,NONE,FIXED_TIME,NONE,0.0,,
1511,fixed-time,3,5,2,4,13.0,17.0,NONE,NONE,False,NONE,FIXED_TIME,NONE,0.0,,
1512,fixed-time,3,6,4,2,17.0,5.0,NONE,NONE,False,NONE,FIXED_TIME,NONE,0.0,,
1513,fixed-time,3,7,4,0,21.0,0.0,NONE,NONE,False,NONE,FIXED_TIME,NONE,0.0,,
1514,fixed-time,3,8,4,0,25.0,0.0,NONE,NONE,False,NONE,FIXED_TIME,NONE,0.0,,
1515,fixed-time,3,9,4,0,29.0,0.0,NONE,NONE,False,NONE,FIXED_TIME,NONE,0.0,,
1516,fixed-time,3,10,4,0,33.0,0.0,NONE,NONE,False,NONE,FIXED_TIME,NONE,0.0,,
1517,fixed-time,3,11,6,0,39.0,0.0,NONE,NONE,False,NONE,FIXED_TIME,NONE,0.0,,
1518,fixed-time,3,12,6,0,45.0,0.0,NONE,NONE,False,NONE,FIXED_TIME,NONE,0.0,,
1519,fixed-time,3,13,6,0,51.0,0.0,NONE,NONE,False,NONE,FIXED_TIME,NONE,0.0,,
1520,fixed-time,3,14,6,0,57.0,0.0,NONE,NONE,False,NONE,FIXED_TIME,NONE,0.0,,
1521,fixed-time,3,15,7,0,64.0,0.0,NONE,NONE,False,NONE,FIXED_TIME,NONE,0.0,,
1522,fixed-time,3,16,8,0,72.0,0.0,NONE,NONE,False,NONE,FIXED_TIME,NONE,0.0,,
1523,fixed-time,3,17,8,0,80.0,0.0,NONE,NONE,False,NONE,FIXED_TIME,NONE,0.0,,
1524,fixed-time,3,18,8,0,88.0,0.0,NONE,NONE,False,NONE,FIXED_TIME,NONE,0.0,,
1525,fixed-time,3,19,8,0,96.0,0.0,NONE,NONE,False,NONE,FIXED_TIME,NONE,0.0,,
1526,fixed-time,3,20,8,0,104.0,0.0,NONE,NONE,False,NONE,FIXED_TIME,NONE,0.0,,
1527,fixed-time,3,21,8,0,112.0,0.0,NONE,NONE,False,NONE,FIXED_TIME,NONE,0.0,,
1528,fixed-time,3,22,10,0,122.0,0.0,NONE,NONE,False,NONE,FIXED_TIME,NONE,0.0,,
1529,fixed-time,3,23,10,0,132.0,0.0,NONE,NONE,False,NONE,FIXED_TIME,NONE,0.0,,
1530,fixed-time,3,24,10,0,142.0,0.0,NONE,NONE,False,NONE,FIXED_TIME,NONE,0.0,,
1531,fixed-time,3,25,10,0,152.0,0.0,NONE,NONE,False,NONE,FIXED_TIME,NONE,0.0,,
1532,fixed-time,3,26,10,0,162.0,0.0,NONE,NONE,False,NONE,FIXED_TIME,NONE,0.0,,
1533,fixed-time,3,27,12,0,174.0,0.0,NONE,NONE,False,NONE,FIXED_TIME,NONE,0.0,,
1534,fixed-time,3,28,12,0,186.0,0.0,NONE,NONE,False,NONE,FIXED_TIME,NONE,0.0,,
1535,fixed-time,3,29,12,0,198.0,0.0,NONE,NONE,False,NONE,FIXED_TIME,NONE,0.0,,
1536,fixed-time,4,0,12,0,210.0,0.0,NONE,NONE,False,NONE,FIXED_TIME,NONE,0.0,,
1537,fixed-time,4,1,12,0,222.0,0.0,NONE,NONE,False,NONE,FIXED_TIME,NONE,0.0,,
1538,fixed-time,4,2,13,0,235.0,0.0,NONE,NONE,False,NONE,FIXED_TIME,NONE,0.0,,
1539,fixed-time,5,0,14,0,249.0,0.0,NONE,NONE,False,NONE,FIXED_TIME,NONE,0.0,,
1540,fixed-time,5,1,14,0,263.0,0.0,NONE,NONE,False,NONE,FIXED_TIME,NONE,0.0,,
1541,fixed-time,0,0,12,0,204.0,0.0,NONE,NONE,False,NONE,FIXED_TIME,NONE,0.0,,
1542,fixed-time,0,1,10,1,154.0,1.0,NONE,NONE,False,NONE,FIXED_TIME,NONE,0.0,,
1543,fixed-time,0,2,9,2,111.0,3.0,NONE,NONE,False,NONE,FIXED_TIME,NONE,0.0,,
1544,fixed-time,0,3,8,2,74.0,5.0,NONE,NONE,False,NONE,FIXED_TIME,NONE,0.0,,
1545,fixed-time,0,4,6,3,46.0,8.0,NONE,NONE,False,NONE,FIXED_TIME,NONE,0.0,,
1546,fixed-time,0,5,4,3,24.0,11.0,NONE,NONE,False,NONE,FIXED_TIME,NONE,0.0,,
1547,fixed-time,0,6,2,4,9.0,15.0,NONE,NONE,False,NONE,FIXED_TIME,NONE,0.0,,
1548,fixed-time,0,7,1,4,1.0,19.0,NONE,NONE,False,NONE,FIXED_TIME,NONE,0.0,,
1549,fixed-time,0,8,1,4,2.0,23.0,NONE,NONE,False,NONE,FIXED_TIME,NONE,0.0,,
1550,fixed-time,0,9,0,4,0.0,27.0,NONE,NONE,False,NONE,FIXED_TIME,NONE,0.0,,
1551,fixed-time,0,10,0,4,0.0,31.0,NONE,NONE,False,NONE,FIXED_TIME,NONE,0.0,,
1552,fixed-time,0,11,0,5,0.0,36.0,NONE,NONE,False,NONE,FIXED_TIME,NONE,0.0,,
1553,fixed-time,0,12,0,5,0.0,41.0,NONE,NONE,False,NONE,FIXED_TIME,NONE,0.0,,
1554,fixed-time,0,13,0,6,0.0,47.0,NONE,NONE,False,NONE,FIXED_TIME,NONE,0.0,,
1555,fixed-time,0,14,0,6,0.0,53.0,NONE,NONE,False,NONE,FIXED_TIME,NONE,0.0,,
1556,fixed-time,0,15,0,6,0.0,59.0,NONE,NONE,False,NONE,FIXED_TIME,NONE,0.0,,
1557,fixed-time,0,16,0,7,0.0,66.0,NONE,NONE,False,NONE,FIXED_TIME,NONE,0.0,,
1558,fixed-time,0,17,0,7,0.0,73.0,NONE,NONE,False,NONE,FIXED_TIME,NONE,0.0,,
1559,fixed-time,0,18,0,8,0.0,81.0,NONE,NONE,False,NONE,FIXED_TIME,NONE,0.0,,
1560,fixed-time,0,19,0,8,0.0,89.0,NONE,NONE,False,NONE,FIXED_TIME,NONE,0.0,,
1561,fixed-time,0,20,0,8,0.0,97.0,NONE,NONE,False,NONE,FIXED_TIME,NONE,0.0,,
1562,fixed-time,0,21,0,8,0.0,105.0,NONE,NONE,False,NONE,FIXED_TIME,NONE,0.0,,
1563,fixed-time,0,22,0,9,0.0,114.0,NONE,NONE,False,NONE,FIXED_TIME,NONE,0.0,,
1564,fixed-time,0,23,0,10,0.0,124.0,NONE,NONE,False,NONE,FIXED_TIME,NONE,0.0,,
1565,fixed-time,0,24,0,10,0.0,134.0,NONE,NONE,False,NONE,FIXED_TIME,NONE,0.0,,
1566,fixed-time,0,25,0,10,0.0,144.0,NONE,NONE,False,NONE,FIXED_TIME,NONE,0.0,,
1567,fixed-time,0,26,0,10,0.0,154.0,NONE,NONE,False,NONE,FIXED_TIME,NONE,0.0,,
1568,fixed-time,0,27,0,10,0.0,164.0,NONE,NONE,False,NONE,FIXED_TIME,NONE,0.0,,
1569,fixed-time,0,28,0,10,0.0,174.0,NONE,NONE,False,NONE,FIXED_TIME,NONE,0.0,,
1570,fixed-time,0,29,0,12,0.0,186.0,NONE,NONE,False,NONE,FIXED_TIME,NONE,0.0,,
1571,fixed-time,1,0,0,12,0.0,198.0,NONE,NONE,False,NONE,FIXED_TIME,NONE,0.0,,
1572,fixed-time,1,1,0,12,0.0,210.0,NONE,NONE,False,NONE,FIXED_TIME,NONE,0.0,,
1573,fixed-time,1,2,0,12,0.0,222.0,NONE,NONE,False,NONE,FIXED_TIME,NONE,0.0,,
1574,fixed-time,2,0,0,13,0.0,235.0,NONE,NONE,False,NONE,FIXED_TIME,NONE,0.0,,
1575,fixed-time,2,1,0,14,0.0,249.0,NONE,NONE,False,NONE,FIXED_TIME,NONE,0.0,,
1576,fixed-time,3,0,0,12,0.0,194.0,NONE,NONE,False,NONE,FIXED_TIME,NONE,0.0,,
1577,fixed-time,3,1,0,10,0.0,142.0,NONE,NONE,False,NONE,FIXED_TIME,NONE,0.0,,
1578,fixed-time,3,2,2,8,2.0,100.0,NONE,NONE,False,NONE,FIXED_TIME,NONE,0.0,,
1579,fixed-time,3,3,2,6,4.0,64.0,NONE,NONE,False,NONE,FIXED_TIME,NONE,0.0,,
1580,fixed-time,3,4,2,5,6.0,36.0,NONE,NONE,False,NONE,FIXED_TIME,NONE,0.0,,
1581,fixed-time,3,5,2,4,8.0,18.0,NONE,NONE,False,NONE,FIXED_TIME,NONE,0.0,,
1582,fixed-time,3,6,2,2,10.0,5.0,NONE,NONE,False,NONE,FIXED_TIME,NONE,0.0,,
1583,fixed-time,3,7,2,0,12.0,0.0,NONE,NONE,False,NONE,FIXED_TIME,NONE,0.0,,
1584,fixed-time,3,8,4,0,16.0,0.0,NONE,NONE,False,NONE,FIXED_TIME,NONE,0.0,,
1585,fixed-time,3,9,4,0,20.0,0.0,NONE,NONE,False,NONE,FIXED_TIME,NONE,0.0,,
1586,fixed-time,3,10,4,0,24.0,0.0,NONE,NONE,False,NONE,FIXED_TIME,NONE,0.0,,
1587,fixed-time,3,11,4,0,28.0,0.0,NONE,NONE,False,NONE,FIXED_TIME,NONE,0.0,,
1588,fixed-time,3,12,5,0,33.0,0.0,NONE,NONE,False,NONE,FIXED_TIME,NONE,0.0,,
1589,fixed-time,3,13,6,0,39.0,0.0,NONE,NONE,False,NONE,FIXED_TIME,NONE,0.0,,
1590,fixed-time,3,14,6,0,45.0,0.0,NONE,NONE,False,NONE,FIXED_TIME,NONE,0.0,,
1591,fixed-time,3,15,6,0,51.0,0.0,NONE,NONE,False,NONE,FIXED_TIME,NONE,0.0,,
1592,fixed-time,3,16,6,0,57.0,0.0,NONE,NONE,False,NONE,FIXED_TIME,NONE,0.0,,
1593,fixed-time,3,17,6,0,63.0,0.0,NONE,NONE,False,NONE,FIXED_TIME,NONE,0.0,,
1594,fixed-time,3,18,8,0,71.0,0.0,NONE,NONE,False,NONE,FIXED_TIME,NONE,0.0,,
1595,fixed-time,3,19,8,0,79.0,0.0,NONE,NONE,False,NONE,FIXED_TIME,NONE,0.0,,
1596,fixed-time,3,20,8,0,87.0,0.0,NONE,NONE,False,NONE,FIXED_TIME,NONE,0.0,,
1597,fixed-time,3,21,8,0,95.0,0.0,NONE,NONE,False,NONE,FIXED_TIME,NONE,0.0,,
1598,fixed-time,3,22,9,0,104.0,0.0,NONE,NONE,False,NONE,FIXED_TIME,NONE,0.0,,
1599,fixed-time,3,23,9,0,113.0,0.0,NONE,NONE,False,NONE,FIXED_TIME,NONE,0.0,,
1600,fixed-time,3,24,10,0,123.0,0.0,NONE,NONE,False,NONE,FIXED_TIME,NONE,0.0,,
1601,fixed-time,3,25,10,0,133.0,0.0,NONE,NONE,False,NONE,FIXED_TIME,NONE,0.0,,
1602,fixed-time,3,26,10,0,143.0,0.0,NONE,NONE,False,NONE,FIXED_TIME,NONE,0.0,,
1603,fixed-time,3,27,10,0,153.0,0.0,NONE,NONE,False,NONE,FIXED_TIME,NONE,0.0,,
1604,fixed-time,3,28,12,0,165.0,0.0,NONE,NONE,False,NONE,FIXED_TIME,NONE,0.0,,
1605,fixed-time,3,29,12,0,177.0,0.0,NONE,NONE,False,NONE,FIXED_TIME,NONE,0.0,,
1606,fixed-time,4,0,12,0,189.0,0.0,NONE,NONE,False,NONE,FIXED_TIME,NONE,0.0,,
1607,fixed-time,4,1,12,0,201.0,0.0,NONE,NONE,False,NONE,FIXED_TIME,NONE,0.0,,
1608,fixed-time,4,2,12,0,213.0,0.0,NONE,NONE,False,NONE,FIXED_TIME,NONE,0.0,,
1609,fixed-time,5,0,13,1,226.0,1.0,NONE,NONE,False,NONE,FIXED_TIME,NONE,0.0,,
1610,fixed-time,5,1,14,1,240.0,2.0,NONE,NONE,False,NONE,FIXED_TIME,NONE,0.0,,
1611,fixed-time,0,0,12,2,186.0,4.0,NONE,NONE,False,NONE,FIXED_TIME,NONE,0.0,,
1612,fixed-time,0,1,10,2,140.0,6.0,NONE,NONE,False,NONE,FIXED_TIME,NONE,0.0,,
1613,fixed-time,0,2,8,2,99.0,8.0,NONE,NONE,False,NONE,FIXED_TIME,NONE,0.0,,
1614,fixed-time,0,3,6,2,65.0,10.0,NONE,NONE,False,NONE,FIXED_TIME,NONE,0.0,,
1615,fixed-time,0,4,4,2,37.0,12.0,NONE,NONE,False,NONE,FIXED_TIME,NONE,0.0,,
1616,fixed-time,0,5,3,2,16.0,14.0,NONE,NONE,False,NONE,FIXED_TIME,NONE,0.0,,
1617,fixed-time,0,6,2,4,3.0,18.0,NONE,NONE,False,NONE,FIXED_TIME,NONE,0.0,,
1618,fixed-time,0,7,0,4,0.0,22.0,NONE,NONE,False,NONE,FIXED_TIME,NONE,0.0,,
1619,fixed-time,0,8,0,4,0.0,26.0,NONE,NONE,False,NONE,FIXED_TIME,NONE,0.0,,
1620,fixed-time,0,9,0,4,0.0,30.0,NONE,NONE,False,NONE,FIXED_TIME,NONE,0.0,,
1621,fixed-time,0,10,0,6,0.0,36.0,NONE,NONE,False,NONE,FIXED_TIME,NONE,0.0,,
1622,fixed-time,0,11,0,6,0.0,42.0,NONE,NONE,False,NONE,FIXED_TIME,NONE,0.0,,
1623,fixed-time,0,12,0,6,0.0,48.0,NONE,NONE,False,NONE,FIXED_TIME,NONE,0.0,,
1624,fixed-time,0,13,0,6,0.0,54.0,NONE,NONE,False,NONE,FIXED_TIME,NONE,0.0,,
1625,fixed-time,0,14,0,6,0.0,60.0,NONE,NONE,False,NONE,FIXED_TIME,NONE,0.0,,
1626,fixed-time,0,15,0,8,0.0,68.0,NONE,NONE,False,NONE,FIXED_TIME,NONE,0.0,,
1627,fixed-time,0,16,0,8,0.0,76.0,NONE,NONE,False,NONE,FIXED_TIME,NONE,0.0,,
1628,fixed-time,0,17,0,8,0.0,84.0,NONE,NONE,False,NONE,FIXED_TIME,NONE,0.0,,
1629,fixed-time,0,18,0,8,0.0,92.0,NONE,NONE,False,NONE,FIXED_TIME,NONE,0.0,,
1630,fixed-time,0,19,0,8,0.0,100.0,NONE,NONE,False,NONE,FIXED_TIME,NONE,0.0,,
1631,fixed-time,0,20,0,8,0.0,108.0,NONE,NONE,False,NONE,FIXED_TIME,NONE,0.0,,
1632,fixed-time,0,21,0,8,0.0,116.0,NONE,NONE,False,NONE,FIXED_TIME,NONE,0.0,,
1633,fixed-time,0,22,0,10,0.0,126.0,NONE,NONE,False,NONE,FIXED_TIME,NONE,0.0,,
1634,fixed-time,0,23,0,10,0.0,136.0,NONE,NONE,False,NONE,FIXED_TIME,NONE,0.0,,
1635,fixed-time,0,24,0,10,0.0,146.0,NONE,NONE,False,NONE,FIXED_TIME,NONE,0.0,,
1636,fixed-time,0,25,0,10,0.0,156.0,NONE,NONE,False,NONE,FIXED_TIME,NONE,0.0,,
1637,fixed-time,0,26,0,10,0.0,166.0,NONE,NONE,False,NONE,FIXED_TIME,NONE,0.0,,
1638,fixed-time,0,27,0,10,0.0,176.0,NONE,NONE,False,NONE,FIXED_TIME,NONE,0.0,,
1639,fixed-time,0,28,0,11,0.0,187.0,NONE,NONE,False,NONE,FIXED_TIME,NONE,0.0,,
1640,fixed-time,0,29,0,12,0.0,199.0,NONE,NONE,False,NONE,FIXED_TIME,NONE,0.0,,
1641,fixed-time,1,0,0,12,0.0,211.0,NONE,NONE,False,NONE,FIXED_TIME,NONE,0.0,,
1642,fixed-time,1,1,0,12,0.0,223.0,NONE,NONE,False,NONE,FIXED_TIME,NONE,0.0,,
1643,fixed-time,1,2,0,14,0.0,237.0,NONE,NONE,False,NONE,FIXED_TIME,NONE,0.0,,
1644,fixed-time,2,0,0,14,0.0,251.0,NONE,NONE,False,NONE,FIXED_TIME,NONE,0.0,,
1645,fixed-time,2,1,1,14,1.0,265.0,NONE,NONE,False,NONE,FIXED_TIME,NONE,0.0,,
1646,fixed-time,3,0,1,12,2.0,205.0,NONE,NONE,False,NONE,FIXED_TIME,NONE,0.0,,
1647,fixed-time,3,1,1,10,3.0,155.0,NONE,NONE,False,NONE,FIXED_TIME,NONE,0.0,,
1648,fixed-time,3,2,1,8,4.0,109.0,NONE,NONE,False,NONE,FIXED_TIME,NONE,0.0,,
1649,fixed-time,3,3,1,6,5.0,69.0,NONE,NONE,False,NONE,FIXED_TIME,NONE,0.0,,
1650,fixed-time,3,4,2,5,7.0,40.0,NONE,NONE,False,NONE,FIXED_TIME,NONE,0.0,,
1651,fixed-time,3,5,3,5,10.0,33.0,NONE,NONE,False,NONE,FIXED_TIME,NONE,0.0,,
1652,fixed-time,3,6,3,3,13.0,15.0,NONE,NONE,False,NONE,FIXED_TIME,NONE,0.0,,
1653,fixed-time,3,7,3,1,16.0,3.0,NONE,NONE,False,NONE,FIXED_TIME,NONE,0.0,,
1654,fixed-time,3,8,3,0,19.0,0.0,NONE,NONE,False,NONE,FIXED_TIME,NONE,0.0,,
1655,fixed-time,3,9,3,0,22.0,0.0,NONE,NONE,False,NONE,FIXED_TIME,NONE,0.0,,
1656,fixed-time,3,10,5,0,27.0,0.0,NONE,NONE,False,NONE,FIXED_TIME,NONE,0.0,,
1657,fixed-time,3,11,5,0,32.0,0.0,NONE,NONE,False,NONE,FIXED_TIME,NONE,0.0,,
1658,fixed-time,3,12,5,0,37.0,0.0,NONE,NONE,False,NONE,FIXED_TIME,NONE,0.0,,
1659,fixed-time,3,13,5,0,42.0,0.0,NONE,NONE,False,NONE,FIXED_TIME,NONE,0.0,,
1660,fixed-time,3,14,7,0,49.0,0.0,NONE,NONE,False,NONE,FIXED_TIME,NONE,0.0,,
1661,fixed-time,3,15,7,0,56.0,0.0,NONE,NONE,False,NONE,FIXED_TIME,NONE,0.0,,
1662,fixed-time,3,16,7,0,63.0,0.0,NONE,NONE,False,NONE,FIXED_TIME,NONE,0.0,,
1663,fixed-time,3,17,7,0,70.0,0.0,NONE,NONE,False,NONE,FIXED_TIME,NONE,0.0,,
1664,fixed-time,3,18,7,0,77.0,0.0,NONE,NONE,False,NONE,FIXED_TIME,NONE,0.0,,
1665,fixed-time,3,19,8,0,85.0,0.0,NONE,NONE,False,NONE,FIXED_TIME,NONE,0.0,,
1666,fixed-time,3,20,9,0,94.0,0.0,NONE,NONE,False,NONE,FIXED_TIME,NONE,0.0,,
1667,fixed-time,3,21,9,0,103.0,0.0,NONE,NONE,False,NONE,FIXED_TIME,NONE,0.0,,
1668,fixed-time,3,22,9,0,112.0,0.0,NONE,NONE,False,NONE,FIXED_TIME,NONE,0.0,,
1669,fixed-time,3,23,9,0,121.0,0.0,NONE,NONE,False,NONE,FIXED_TIME,NONE,0.0,,
1670,fixed-time,3,24,10,0,131.0,0.0,NONE,NONE,False,NONE,FIXED_TIME,NONE,0.0,,
1671,fixed-time,3,25,10,0,141.0,0.0,NONE,NONE,False,NONE,FIXED_TIME,NONE,0.0,,
1672,fixed-time,3,26,10,0,151.0,0.0,NONE,NONE,False,NONE,FIXED_TIME,NONE,0.0,,
1673,fixed-time,3,27,11,0,162.0,0.0,NONE,NONE,False,NONE,FIXED_TIME,NONE,0.0,,
1674,fixed-time,3,28,11,0,173.0,0.0,NONE,NONE,False,NONE,FIXED_TIME,NONE,0.0,,
1675,fixed-time,3,29,11,0,184.0,0.0,NONE,NONE,False,NONE,FIXED_TIME,NONE,0.0,,
1676,fixed-time,4,0,12,0,196.0,0.0,NONE,NONE,False,NONE,FIXED_TIME,NONE,0.0,,
1677,fixed-time,4,1,13,0,209.0,0.0,NONE,NONE,False,NONE,FIXED_TIME,NONE,0.0,,
1678,fixed-time,4,2,13,0,222.0,0.0,NONE,NONE,False,NONE,FIXED_TIME,NONE,0.0,,
1679,fixed-time,5,0,13,0,235.0,0.0,NONE,NONE,False,NONE,FIXED_TIME,NONE,0.0,,
1680,fixed-time,5,1,13,1,248.0,1.0,NONE,NONE,False,NONE,FIXED_TIME,NONE,0.0,,
1681,fixed-time,0,0,12,1,193.0,2.0,NONE,NONE,False,NONE,FIXED_TIME,NONE,0.0,,
1682,fixed-time,0,1,10,1,146.0,3.0,NONE,NONE,False,NONE,FIXED_TIME,NONE,0.0,,
1683,fixed-time,0,2,9,1,105.0,4.0,NONE,NONE,False,NONE,FIXED_TIME,NONE,0.0,,
1684,fixed-time,0,3,7,2,70.0,6.0,NONE,NONE,False,NONE,FIXED_TIME,NONE,0.0,,
1685,fixed-time,0,4,5,2,43.0,8.0,NONE,NONE,False,NONE,FIXED_TIME,NONE,0.0,,
1686,fixed-time,0,5,4,3,22.0,11.0,NONE,NONE,False,NONE,FIXED_TIME,NONE,0.0,,
1687,fixed-time,0,6,3,3,10.0,14.0,NONE,NONE,False,NONE,FIXED_TIME,NONE,0.0,,
1688,fixed-time,0,7,2,3,11.0,17.0,NONE,NONE,False,NONE,FIXED_TIME,NONE,0.0,,
1689,fixed-time,0,8,1,3,4.0,20.0,NONE,NONE,False,NONE,FIXED_TIME,NONE,0.0,,
1690,fixed-time,0,9,0,3,0.0,23.0,NONE,NONE,False,NONE,FIXED_TIME,NONE,0.0,,
1691,fixed-time,0,10,0,3,0.0,26.0,NONE,NONE,False,NONE,FIXED_TIME,NONE,0.0,,
1692,fixed-time,0,11,0,4,0.0,30.0,NONE,NONE,False,NONE,FIXED_TIME,NONE,0.0,,
1693,fixed-time,0,12,0,5,0.0,35.0,NONE,NONE,False,NONE,FIXED_TIME,NONE,0.0,,
1694,fixed-time,0,13,0,5,0.0,40.0,NONE,NONE,False,NONE,FIXED_TIME,NONE,0.0,,
1695,fixed-time,0,14,0,5,0.0,45.0,NONE,NONE,False,NONE,FIXED_TIME,NONE,0.0,,
1696,fixed-time,0,15,0,6,0.0,51.0,NONE,NONE,False,NONE,FIXED_TIME,NONE,0.0,,
1697,fixed-time,0,16,0,6,0.0,57.0,NONE,NONE,False,NONE,FIXED_TIME,NONE,0.0,,
1698,fixed-time,0,17,0,7,0.0,64.0,NONE,NONE,False,NONE,FIXED_TIME,NONE,0.0,,
1699,fixed-time,0,18,0,7,0.0,71.0,NONE,NONE,False,NONE,FIXED_TIME,NONE,0.0,,
1700,fixed-time,0,19,0,7,0.0,78.0,NONE,NONE,False,NONE,FIXED_TIME,NONE,0.0,,
1701,fixed-time,0,20,0,7,0.0,85.0,NONE,NONE,False,NONE,FIXED_TIME,NONE,0.0,,
1702,fixed-time,0,21,0,7,0.0,92.0,NONE,NONE,False,NONE,FIXED_TIME,NONE,0.0,,
1703,fixed-time,0,22,0,9,0.0,101.0,NONE,NONE,False,NONE,FIXED_TIME,NONE,0.0,,
1704,fixed-time,0,23,0,9,0.0,110.0,NONE,NONE,False,NONE,FIXED_TIME,NONE,0.0,,
1705,fixed-time,0,24,0,9,0.0,119.0,NONE,NONE,False,NONE,FIXED_TIME,NONE,0.0,,
1706,fixed-time,0,25,0,9,0.0,128.0,NONE,NONE,False,NONE,FIXED_TIME,NONE,0.0,,
1707,fixed-time,0,26,0,9,0.0,137.0,NONE,NONE,False,NONE,FIXED_TIME,NONE,0.0,,
1708,fixed-time,0,27,0,10,0.0,147.0,NONE,NONE,False,NONE,FIXED_TIME,NONE,0.0,,
1709,fixed-time,0,28,0,11,0.0,158.0,NONE,NONE,False,NONE,FIXED_TIME,NONE,0.0,,
1710,fixed-time,0,29,0,11,0.0,169.0,NONE,NONE,False,NONE,FIXED_TIME,NONE,0.0,,
1711,fixed-time,1,0,0,11,0.0,180.0,NONE,NONE,False,NONE,FIXED_TIME,NONE,0.0,,
1712,fixed-time,1,1,0,11,0.0,191.0,NONE,NONE,False,NONE,FIXED_TIME,NONE,0.0,,
1713,fixed-time,1,2,0,12,0.0,203.0,NONE,NONE,False,NONE,FIXED_TIME,NONE,0.0,,
1714,fixed-time,2,0,1,12,1.0,215.0,NONE,NONE,False,NONE,FIXED_TIME,NONE,0.0,,
1715,fixed-time,2,1,1,12,2.0,227.0,NONE,NONE,False,NONE,FIXED_TIME,NONE,0.0,,
1716,fixed-time,3,0,1,11,3.0,172.0,NONE,NONE,False,NONE,FIXED_TIME,NONE,0.0,,
1717,fixed-time,3,1,2,9,5.0,124.0,NONE,NONE,False,NONE,FIXED_TIME,NONE,0.0,,
1718,fixed-time,3,2,2,7,7.0,85.0,NONE,NONE,False,NONE,FIXED_TIME,NONE,0.0,,
1719,fixed-time,3,3,2,6,9.0,52.0,NONE,NONE,False,NONE,FIXED_TIME,NONE,0.0,,
1720,fixed-time,3,4,2,4,11.0,28.0,NONE,NONE,False,NONE,FIXED_TIME,NONE,0.0,,
1721,fixed-time,3,5,4,3,15.0,13.0,NONE,NONE,False,NONE,FIXED_TIME,NONE,0.0,,
1722,fixed-time,3,6,4,1,19.0,4.0,NONE,NONE,False,NONE,FIXED_TIME,NONE,0.0,,
1723,fixed-time,3,7,4,0,23.0,0.0,NONE,NONE,False,NONE,FIXED_TIME,NONE,0.0,,
1724,fixed-time,3,8,4,0,27.0,0.0,NONE,NONE,False,NONE,FIXED_TIME,NONE,0.0,,
1725,fixed-time,3,9,6,0,33.0,0.0,NONE,NONE,False,NONE,FIXED_TIME,NONE,0.0,,
1726,fixed-time,3,10,6,0,39.0,0.0,NONE,NONE,False,NONE,FIXED_TIME,NONE,0.0,,
1727,fixed-time,3,11,6,0,45.0,0.0,NONE,NONE,False,NONE,FIXED_TIME,NONE,0.0,,
1728,fixed-time,3,12,6,0,51.0,0.0,NONE,NONE,False,NONE,FIXED_TIME,NONE,0.0,,
1729,fixed-time,3,13,6,0,57.0,0.0,NONE,NONE,False,NONE,FIXED_TIME,NONE,0.0,,
1730,fixed-time,3,14,6,0,63.0,0.0,NONE,NONE,False,NONE,FIXED_TIME,NONE,0.0,,
1731,fixed-time,3,15,6,0,69.0,0.0,NONE,NONE,False,NONE,FIXED_TIME,NONE,0.0,,
1732,fixed-time,3,16,8,0,77.0,0.0,NONE,NONE,False,NONE,FIXED_TIME,NONE,0.0,,
1733,fixed-time,3,17,8,0,85.0,0.0,NONE,NONE,False,NONE,FIXED_TIME,NONE,0.0,,
1734,fixed-time,3,18,8,0,93.0,0.0,NONE,NONE,False,NONE,FIXED_TIME,NONE,0.0,,
1735,fixed-time,3,19,8,0,101.0,0.0,NONE,NONE,False,NONE,FIXED_TIME,NONE,0.0,,
1736,fixed-time,3,20,9,0,110.0,0.0,NONE,NONE,False,NONE,FIXED_TIME,NONE,0.0,,
1737,fixed-time,3,21,9,0,119.0,0.0,NONE,NONE,False,NONE,FIXED_TIME,NONE,0.0,,
1738,fixed-time,3,22,10,0,129.0,0.0,NONE,NONE,False,NONE,FIXED_TIME,NONE,0.0,,
1739,fixed-time,3,23,10,0,139.0,0.0,NONE,NONE,False,NONE,FIXED_TIME,NONE,0.0,,
1740,fixed-time,3,24,10,0,149.0,0.0,NONE,NONE,False,NONE,FIXED_TIME,NONE,0.0,,
1741,fixed-time,3,25,10,0,159.0,0.0,NONE,NONE,False,NONE,FIXED_TIME,NONE,0.0,,
1742,fixed-time,3,26,10,0,169.0,0.0,NONE,NONE,False,NONE,FIXED_TIME,NONE,0.0,,
1743,fixed-time,3,27,12,0,181.0,0.0,NONE,NONE,False,NONE,FIXED_TIME,NONE,0.0,,
1744,fixed-time,3,28,12,0,193.0,0.0,NONE,NONE,False,NONE,FIXED_TIME,NONE,0.0,,
1745,fixed-time,3,29,12,0,205.0,0.0,NONE,NONE,False,NONE,FIXED_TIME,NONE,0.0,,
1746,fixed-time,4,0,12,0,217.0,0.0,NONE,NONE,False,NONE,FIXED_TIME,NONE,0.0,,
1747,fixed-time,4,1,13,0,230.0,0.0,NONE,NONE,False,NONE,FIXED_TIME,NONE,0.0,,
1748,fixed-time,4,2,14,0,244.0,0.0,NONE,NONE,False,NONE,FIXED_TIME,NONE,0.0,,
1749,fixed-time,5,0,14,0,258.0,0.0,NONE,NONE,False,NONE,FIXED_TIME,NONE,0.0,,
1750,fixed-time,5,1,14,0,272.0,0.0,NONE,NONE,False,NONE,FIXED_TIME,NONE,0.0,,
1751,fixed-time,0,0,12,0,213.0,0.0,NONE,NONE,False,NONE,FIXED_TIME,NONE,0.0,,
1752,fixed-time,0,1,12,0,163.0,0.0,NONE,NONE,False,NONE,FIXED_TIME,NONE,0.0,,
1753,fixed-time,0,2,10,0,117.0,0.0,NONE,NONE,False,NONE,FIXED_TIME,NONE,0.0,,
1754,fixed-time,0,3,8,1,81.0,1.0,NONE,NONE,False,NONE,FIXED_TIME,NONE,0.0,,
1755,fixed-time,0,4,6,1,51.0,2.0,NONE,NONE,False,NONE,FIXED_TIME,NONE,0.0,,
1756,fixed-time,0,5,4,2,29.0,4.0,NONE,NONE,False,NONE,FIXED_TIME,NONE,0.0,,
1757,fixed-time,0,6,2,2,12.0,6.0,NONE,NONE,False,NONE,FIXED_TIME,NONE,0.0,,
1758,fixed-time,0,7,0,2,0.0,8.0,NONE,NONE,False,NONE,FIXED_TIME,NONE,0.0,,
1759,fixed-time,0,8,0,2,0.0,10.0,NONE,NONE,False,NONE,FIXED_TIME,NONE,0.0,,
1760,fixed-time,0,9,0,2,0.0,12.0,NONE,NONE,False,NONE,FIXED_TIME,NONE,0.0,,
1761,fixed-time,0,10,0,2,0.0,14.0,NONE,NONE,False,NONE,FIXED_TIME,NONE,0.0,,
1762,fixed-time,0,11,0,2,0.0,16.0,NONE,NONE,False,NONE,FIXED_TIME,NONE,0.0,,
1763,fixed-time,0,12,0,4,0.0,20.0,NONE,NONE,False,NONE,FIXED_TIME,NONE,0.0,,
1764,fixed-time,0,13,0,4,0.0,24.0,NONE,NONE,False,NONE,FIXED_TIME,NONE,0.0,,
1765,fixed-time,0,14,0,4,0.0,28.0,NONE,NONE,False,NONE,FIXED_TIME,NONE,0.0,,
1766,fixed-time,0,15,0,4,0.0,32.0,NONE,NONE,False,NONE,FIXED_TIME,NONE,0.0,,
1767,fixed-time,0,16,0,6,0.0,38.0,NONE,NONE,False,NONE,FIXED_TIME,NONE,0.0,,
1768,fixed-time,0,17,0,6,0.0,44.0,NONE,NONE,False,NONE,FIXED_TIME,NONE,0.0,,
1769,fixed-time,0,18,0,6,0.0,50.0,NONE,NONE,False,NONE,FIXED_TIME,NONE,0.0,,
1770,fixed-time,0,19,0,6,0.0,56.0,NONE,NONE,False,NONE,FIXED_TIME,NONE,0.0,,
1771,fixed-time,0,20,0,6,0.0,62.0,NONE,NONE,False,NONE,FIXED_TIME,NONE,0.0,,
1772,fixed-time,0,21,0,7,0.0,69.0,NONE,NONE,False,NONE,FIXED_TIME,NONE,0.0,,
1773,fixed-time,0,22,0,7,0.0,76.0,NONE,NONE,False,NONE,FIXED_TIME,NONE,0.0,,
1774,fixed-time,0,23,0,8,0.0,84.0,NONE,NONE,False,NONE,FIXED_TIME,NONE,0.0,,
1775,fixed-time,0,24,0,8,0.0,92.0,NONE,NONE,False,NONE,FIXED_TIME,NONE,0.0,,
1776,fixed-time,0,25,0,8,0.0,100.0,NONE,NONE,False,NONE,FIXED_TIME,NONE,0.0,,
1777,fixed-time,0,26,0,8,0.0,108.0,NONE,NONE,False,NONE,FIXED_TIME,NONE,0.0,,
1778,fixed-time,0,27,0,9,0.0,117.0,NONE,NONE,False,NONE,FIXED_TIME,NONE,0.0,,
1779,fixed-time,0,28,0,10,0.0,127.0,NONE,NONE,False,NONE,FIXED_TIME,NONE,0.0,,
1780,fixed-time,0,29,0,10,0.0,137.0,NONE,NONE,False,NONE,FIXED_TIME,NONE,0.0,,
1781,fixed-time,1,0,0,10,0.0,147.0,NONE,NONE,False,NONE,FIXED_TIME,NONE,0.0,,
1782,fixed-time,1,1,0,10,0.0,157.0,NONE,NONE,False,NONE,FIXED_TIME,NONE,0.0,,
1783,fixed-time,1,2,0,12,0.0,169.0,NONE,NONE,False,NONE,FIXED_TIME,NONE,0.0,,
1784,fixed-time,2,0,0,12,0.0,181.0,NONE,NONE,False,NONE,FIXED_TIME,NONE,0.0,,
1785,fixed-time,2,1,0,12,0.0,193.0,NONE,NONE,False,NONE,FIXED_TIME,NONE,0.0,,
1786,fixed-time,3,0,0,10,0.0,141.0,NONE,NONE,False,NONE,FIXED_TIME,NONE,0.0,,
1787,fixed-time,3,1,1,8,1.0,101.0,NONE,NONE,False,NONE,FIXED_TIME,NONE,0.0,,
1788,fixed-time,3,2,1,6,2.0,65.0,NONE,NONE,False,NONE,FIXED_TIME,NONE,0.0,,
1789,fixed-time,3,3,1,5,3.0,38.0,NONE,NONE,False,NONE,FIXED_TIME,NONE,0.0,,
1790,fixed-time,3,4,2,4,5.0,19.0,NONE,NONE,False,NONE,FIXED_TIME,NONE,0.0,,
1791,fixed-time,3,5,2,2,7.0,5.0,NONE,NONE,False,NONE,FIXED_TIME,NONE,0.0,,
1792,fixed-time,3,6,2,0,9.0,0.0,NONE,NONE,False,NONE,FIXED_TIME,NONE,0.0,,
1793,fixed-time,3,7,4,0,13.0,0.0,NONE,NONE,False,NONE,FIXED_TIME,NONE,0.0,,
1794,fixed-time,3,8,4,0,17.0,0.0,NONE,NONE,False,NONE,FIXED_TIME,NONE,0.0,,
1795,fixed-time,3,9,4,0,21.0,0.0,NONE,NONE,False,NONE,FIXED_TIME,NONE,0.0,,
1796,fixed-time,3,10,4,0,25.0,0.0,NONE,NONE,False,NONE,FIXED_TIME,NONE,0.0,,
1797,fixed-time,3,11,4,0,29.0,0.0,NONE,NONE,False,NONE,FIXED_TIME,NONE,0.0,,
1798,fixed-time,3,12,5,0,34.0,0.0,NONE,NONE,False,NONE,FIXED_TIME,NONE,0.0,,
1799,fixed-time,3,13,6,0,40.0,0.0,NONE,NONE,False,NONE,FIXED_TIME,NONE,0.0,,
1800,fixed-time,3,14,6,0,46.0,0.0,NONE,NONE,False,NONE,FIXED_TIME,NONE,0.0,,
1801,fixed-time,3,15,6,0,52.0,0.0,NONE,NONE,False,NONE,FIXED_TIME,NONE,0.0,,
1802,fixed-time,3,16,6,0,58.0,0.0,NONE,NONE,False,NONE,FIXED_TIME,NONE,0.0,,
1803,fixed-time,3,17,7,0,65.0,0.0,NONE,NONE,False,NONE,FIXED_TIME,NONE,0.0,,
1804,fixed-time,3,18,7,0,72.0,0.0,NONE,NONE,False,NONE,FIXED_TIME,NONE,0.0,,
1805,fixed-time,3,19,8,0,80.0,0.0,NONE,NONE,False,NONE,FIXED_TIME,NONE,0.0,,
1806,fixed-time,3,20,8,0,88.0,0.0,NONE,NONE,False,NONE,FIXED_TIME,NONE,0.0,,
1807,fixed-time,3,21,8,0,96.0,0.0,NONE,NONE,False,NONE,FIXED_TIME,NONE,0.0,,
1808,fixed-time,3,22,8,0,104.0,0.0,NONE,NONE,False,NONE,FIXED_TIME,NONE,0.0,,
1809,fixed-time,3,23,8,0,112.0,0.0,NONE,NONE,False,NONE,FIXED_TIME,NONE,0.0,,
1810,fixed-time,3,24,10,0,122.0,0.0,NONE,NONE,False,NONE,FIXED_TIME,NONE,0.0,,
1811,fixed-time,3,25,10,0,132.0,0.0,NONE,NONE,False,NONE,FIXED_TIME,NONE,0.0,,
1812,fixed-time,3,26,10,0,142.0,0.0,NONE,NONE,False,NONE,FIXED_TIME,NONE,0.0,,
1813,fixed-time,3,27,11,0,153.0,0.0,NONE,NONE,False,NONE,FIXED_TIME,NONE,0.0,,
1814,fixed-time,3,28,11,0,164.0,0.0,NONE,NONE,False,NONE,FIXED_TIME,NONE,0.0,,
1815,fixed-time,3,29,12,0,176.0,0.0,NONE,NONE,False,NONE,FIXED_TIME,NONE,0.0,,
1816,fixed-time,4,0,12,0,188.0,0.0,NONE,NONE,False,NONE,FIXED_TIME,NONE,0.0,,
1817,fixed-time,4,1,12,0,200.0,0.0,NONE,NONE,False,NONE,FIXED_TIME,NONE,0.0,,
1818,fixed-time,4,2,12,0,212.0,0.0,NONE,NONE,False,NONE,FIXED_TIME,NONE,0.0,,
1819,fixed-time,5,0,13,0,225.0,0.0,NONE,NONE,False,NONE,FIXED_TIME,NONE,0.0,,
1820,fixed-time,5,1,14,0,239.0,0.0,NONE,NONE,False,NONE,FIXED_TIME,NONE,0.0,,
1821,fixed-time,0,0,12,0,186.0,0.0,NONE,NONE,False,NONE,FIXED_TIME,NONE,0.0,,
1822,fixed-time,0,1,10,0,138.0,0.0,NONE,NONE,False,NONE,FIXED_TIME,NONE,0.0,,
1823,fixed-time,0,2,8,1,97.0,1.0,NONE,NONE,False,NONE,FIXED_TIME,NONE,0.0,,
1824,fixed-time,0,3,7,2,64.0,3.0,NONE,NONE,False,NONE,FIXED_TIME,NONE,0.0,,
1825,fixed-time,0,4,6,2,40.0,5.0,NONE,NONE,False,NONE,FIXED_TIME,NONE,0.0,,
1826,fixed-time,0,5,4,2,20.0,7.0,NONE,NONE,False,NONE,FIXED_TIME,NONE,0.0,,
1827,fixed-time,0,6,3,2,16.0,9.0,NONE,NONE,False,NONE,FIXED_TIME,NONE,0.0,,
1828,fixed-time,0,7,1,2,5.0,11.0,NONE,NONE,False,NONE,FIXED_TIME,NONE,0.0,,
1829,fixed-time,0,8,0,2,0.0,13.0,NONE,NONE,False,NONE,FIXED_TIME,NONE,0.0,,
1830,fixed-time,0,9,0,2,0.0,15.0,NONE,NONE,False,NONE,FIXED_TIME,NONE,0.0,,
1831,fixed-time,0,10,0,3,0.0,18.0,NONE,NONE,False,NONE,FIXED_TIME,NONE,0.0,,
1832,fixed-time,0,11,0,3,0.0,21.0,NONE,NONE,False,NONE,FIXED_TIME,NONE,0.0,,
1833,fixed-time,0,12,0,4,0.0,25.0,NONE,NONE,False,NONE,FIXED_TIME,NONE,0.0,,
1834,fixed-time,0,13,0,4,0.0,29.0,NONE,NONE,False,NONE,FIXED_TIME,NONE,0.0,,
1835,fixed-time,0,14,0,4,0.0,33.0,NONE,NONE,False,NONE,FIXED_TIME,NONE,0.0,,
1836,fixed-time,0,15,0,5,0.0,38.0,NONE,NONE,False,NONE,FIXED_TIME,NONE,0.0,,
1837,fixed-time,0,16,0,5,0.0,43.0,NONE,NONE,False,NONE,FIXED_TIME,NONE,0.0,,
1838,fixed-time,0,17,0,6,0.0,49.0,NONE,NONE,False,NONE,FIXED_TIME,NONE,0.0,,
1839,fixed-time,0,18,0,6,0.0,55.0,NONE,NONE,False,NONE,FIXED_TIME,NONE,0.0,,
1840,fixed-time,0,19,0,6,0.0,61.0,NONE,NONE,False,NONE,FIXED_TIME,NONE,0.0,,
1841,fixed-time,0,20,0,6,0.0,67.0,NONE,NONE,False,NONE,FIXED_TIME,NONE,0.0,,
1842,fixed-time,0,21,0,7,0.0,74.0,NONE,NONE,False,NONE,FIXED_TIME,NONE,0.0,,
1843,fixed-time,0,22,0,8,0.0,82.0,NONE,NONE,False,NONE,FIXED_TIME,NONE,0.0,,
1844,fixed-time,0,23,0,8,0.0,90.0,NONE,NONE,False,NONE,FIXED_TIME,NONE,0.0,,
1845,fixed-time,0,24,0,8,0.0,98.0,NONE,NONE,False,NONE,FIXED_TIME,NONE,0.0,,
1846,fixed-time,0,25,0,8,0.0,106.0,NONE,NONE,False,NONE,FIXED_TIME,NONE,0.0,,
1847,fixed-time,0,26,0,10,0.0,116.0,NONE,NONE,False,NONE,FIXED_TIME,NONE,0.0,,
1848,fixed-time,0,27,0,10,0.0,126.0,NONE,NONE,False,NONE,FIXED_TIME,NONE,0.0,,
1849,fixed-time,0,28,0,10,0.0,136.0,NONE,NONE,False,NONE,FIXED_TIME,NONE,0.0,,
1850,fixed-time,0,29,0,10,0.0,146.0,NONE,NONE,False,NONE,FIXED_TIME,NONE,0.0,,
1851,fixed-time,1,0,0,10,0.0,156.0,NONE,NONE,False,NONE,FIXED_TIME,NONE,0.0,,
1852,fixed-time,1,1,0,10,0.0,166.0,NONE,NONE,False,NONE,FIXED_TIME,NONE,0.0,,
1853,fixed-time,1,2,0,11,0.0,177.0,NONE,NONE,False,NONE,FIXED_TIME,NONE,0.0,,
1854,fixed-time,2,0,0,12,0.0,189.0,NONE,NONE,False,NONE,FIXED_TIME,NONE,0.0,,
1855,fixed-time,2,1,0,12,0.0,201.0,NONE,NONE,False,NONE,FIXED_TIME,NONE,0.0,,
1856,fixed-time,3,0,1,10,1.0,146.0,NONE,NONE,False,NONE,FIXED_TIME,NONE,0.0,,
1857,fixed-time,3,1,1,8,2.0,104.0,NONE,NONE,False,NONE,FIXED_TIME,NONE,0.0,,
1858,fixed-time,3,2,1,6,3.0,68.0,NONE,NONE,False,NONE,FIXED_TIME,NONE,0.0,,
1859,fixed-time,3,3,2,5,5.0,40.0,NONE,NONE,False,NONE,FIXED_TIME,NONE,0.0,,
1860,fixed-time,3,4,2,4,7.0,18.0,NONE,NONE,False,NONE,FIXED_TIME,NONE,0.0,,
1861,fixed-time,3,5,3,2,10.0,5.0,NONE,NONE,False,NONE,FIXED_TIME,NONE,0.0,,
1862,fixed-time,3,6,3,0,13.0,0.0,NONE,NONE,False,NONE,FIXED_TIME,NONE,0.0,,
1863,fixed-time,3,7,3,0,16.0,0.0,NONE,NONE,False,NONE,FIXED_TIME,NONE,0.0,,
1864,fixed-time,3,8,4,0,20.0,0.0,NONE,NONE,False,NONE,FIXED_TIME,NONE,0.0,,
1865,fixed-time,3,9,4,0,24.0,0.0,NONE,NONE,False,NONE,FIXED_TIME,NONE,0.0,,
1866,fixed-time,3,10,5,0,29.0,0.0,NONE,NONE,False,NONE,FIXED_TIME,NONE,0.0,,
1867,fixed-time,3,11,5,0,34.0,0.0,NONE,NONE,False,NONE,FIXED_TIME,NONE,0.0,,
1868,fixed-time,3,12,5,0,39.0,0.0,NONE,NONE,False,NONE,FIXED_TIME,NONE,0.0,,
1869,fixed-time,3,13,6,0,45.0,0.0,NONE,NONE,False,NONE,FIXED_TIME,NONE,0.0,,
1870,fixed-time,3,14,7,0,52.0,0.0,NONE,NONE,False,NONE,FIXED_TIME,NONE,0.0,,
1871,fixed-time,3,15,7,0,59.0,0.0,NONE,NONE,False,NONE,FIXED_TIME,NONE,0.0,,
1872,fixed-time,3,16,7,0,66.0,0.0,NONE,NONE,False,NONE,FIXED_TIME,NONE,0.0,,
1873,fixed-time,3,17,7,0,73.0,0.0,NONE,NONE,False,NONE,FIXED_TIME,NONE,0.0,,
1874,fixed-time,3,18,7,0,80.0,0.0,NONE,NONE,False,NONE,FIXED_TIME,NONE,0.0,,
1875,fixed-time,3,19,7,0,87.0,0.0,NONE,NONE,False,NONE,FIXED_TIME,NONE,0.0,,
1876,fixed-time,3,20,9,0,96.0,0.0,NONE,NONE,False,NONE,FIXED_TIME,NONE,0.0,,
1877,fixed-time,3,21,9,0,105.0,0.0,NONE,NONE,False,NONE,FIXED_TIME,NONE,0.0,,
1878,fixed-time,3,22,9,0,114.0,0.0,NONE,NONE,False,NONE,FIXED_TIME,NONE,0.0,,
1879,fixed-time,3,23,9,0,123.0,0.0,NONE,NONE,False,NONE,FIXED_TIME,NONE,0.0,,
1880,fixed-time,3,24,10,0,133.0,0.0,NONE,NONE,False,NONE,FIXED_TIME,NONE,0.0,,
1881,fixed-time,3,25,11,0,144.0,0.0,NONE,NONE,False,NONE,FIXED_TIME,NONE,0.0,,
1882,fixed-time,3,26,11,0,155.0,0.0,NONE,NONE,False,NONE,FIXED_TIME,NONE,0.0,,
1883,fixed-time,3,27,11,0,166.0,0.0,NONE,NONE,False,NONE,FIXED_TIME,NONE,0.0,,
1884,fixed-time,3,28,11,0,177.0,0.0,NONE,NONE,False,NONE,FIXED_TIME,NONE,0.0,,
1885,fixed-time,3,29,11,0,188.0,0.0,NONE,NONE,False,NONE,FIXED_TIME,NONE,0.0,,
1886,fixed-time,4,0,11,0,199.0,0.0,NONE,NONE,False,NONE,FIXED_TIME,NONE,0.0,,
1887,fixed-time,4,1,13,0,212.0,0.0,NONE,NONE,False,NONE,FIXED_TIME,NONE,0.0,,
1888,fixed-time,4,2,13,0,225.0,0.0,NONE,NONE,False,NONE,FIXED_TIME,NONE,0.0,,
1889,fixed-time,5,0,13,0,238.0,0.0,NONE,NONE,False,NONE,FIXED_TIME,NONE,0.0,,
1890,fixed-time,5,1,13,0,251.0,0.0,NONE,NONE,False,NONE,FIXED_TIME,NONE,0.0,,
1891,fixed-time,0,0,12,0,198.0,0.0,NONE,NONE,False,NONE,FIXED_TIME,NONE,0.0,,
1892,fixed-time,0,1,10,0,149.0,0.0,NONE,NONE,False,NONE,FIXED_TIME,NONE,0.0,,
1893,fixed-time,0,2,9,0,106.0,0.0,NONE,NONE,False,NONE,FIXED_TIME,NONE,0.0,,
1894,fixed-time,0,3,7,2,70.0,2.0,NONE,NONE,False,NONE,FIXED_TIME,NONE,0.0,,
1895,fixed-time,0,4,5,2,42.0,4.0,NONE,NONE,False,NONE,FIXED_TIME,NONE,0.0,,
1896,fixed-time,0,5,3,2,20.0,6.0,NONE,NONE,False,NONE,FIXED_TIME,NONE,0.0,,
1897,fixed-time,0,6,1,2,7.0,8.0,NONE,NONE,False,NONE,FIXED_TIME,NONE,0.0,,
1898,fixed-time,0,7,1,2,1.0,10.0,NONE,NONE,False,NONE,FIXED_TIME,NONE,0.0,,
1899,fixed-time,0,8,1,2,2.0,12.0,NONE,NONE,False,NONE,FIXED_TIME,NONE,0.0,,
1900,fixed-time,0,9,0,4,0.0,16.0,NONE,NONE,False,NONE,FIXED_TIME,NONE,0.0,,
1901,fixed-time,0,10,0,4,0.0,20.0,NONE,NONE,False,NONE,FIXED_TIME,NONE,0.0,,
1902,fixed-time,0,11,0,4,0.0,24.0,NONE,NONE,False,NONE,FIXED_TIME,NONE,0.0,,
1903,fixed-time,0,12,0,4,0.0,28.0,NONE,NONE,False,NONE,FIXED_TIME,NONE,0.0,,
1904,fixed-time,0,13,0,4,0.0,32.0,NONE,NONE,False,NONE,FIXED_TIME,NONE,0.0,,
1905,fixed-time,0,14,0,6,0.0,38.0,NONE,NONE,False,NONE,FIXED_TIME,NONE,0.0,,
1906,fixed-time,0,15,0,6,0.0,44.0,NONE,NONE,False,NONE,FIXED_TIME,NONE,0.0,,
1907,fixed-time,0,16,0,6,0.0,50.0,NONE,NONE,False,NONE,FIXED_TIME,NONE,0.0,,
1908,fixed-time,0,17,0,6,0.0,56.0,NONE,NONE,False,NONE,FIXED_TIME,NONE,0.0,,
1909,fixed-time,0,18,0,6,0.0,62.0,NONE,NONE,False,NONE,FIXED_TIME,NONE,0.0,,
1910,fixed-time,0,19,0,6,0.0,68.0,NONE,NONE,False,NONE,FIXED_TIME,NONE,0.0,,
1911,fixed-time,0,20,0,7,0.0,75.0,NONE,NONE,False,NONE,FIXED_TIME,NONE,0.0,,
1912,fixed-time,0,21,0,8,0.0,83.0,NONE,NONE,False,NONE,FIXED_TIME,NONE,0.0,,
1913,fixed-time,0,22,0,8,0.0,91.0,NONE,NONE,False,NONE,FIXED_TIME,NONE,0.0,,
1914,fixed-time,0,23,0,8,0.0,99.0,NONE,NONE,False,NONE,FIXED_TIME,NONE,0.0,,
1915,fixed-time,0,24,0,8,0.0,107.0,NONE,NONE,False,NONE,FIXED_TIME,NONE,0.0,,
1916,fixed-time,0,25,0,8,0.0,115.0,NONE,NONE,False,NONE,FIXED_TIME,NONE,0.0,,
1917,fixed-time,0,26,0,10,0.0,125.0,NONE,NONE,False,NONE,FIXED_TIME,NONE,0.0,,
1918,fixed-time,0,27,0,10,0.0,135.0,NONE,NONE,False,NONE,FIXED_TIME,NONE,0.0,,
1919,fixed-time,0,28,0,10,0.0,145.0,NONE,NONE,False,NONE,FIXED_TIME,NONE,0.0,,
1920,fixed-time,0,29,0,10,0.0,155.0,NONE,NONE,False,NONE,FIXED_TIME,NONE,0.0,,
1921,fixed-time,1,0,0,10,0.0,165.0,NONE,NONE,False,NONE,FIXED_TIME,NONE,0.0,,
1922,fixed-time,1,1,0,11,0.0,176.0,NONE,NONE,False,NONE,FIXED_TIME,NONE,0.0,,
1923,fixed-time,1,2,0,12,0.0,188.0,NONE,NONE,False,NONE,FIXED_TIME,NONE,0.0,,
1924,fixed-time,2,0,0,12,0.0,200.0,NONE,NONE,False,NONE,FIXED_TIME,NONE,0.0,,
1925,fixed-time,2,1,0,12,0.0,212.0,NONE,NONE,False,NONE,FIXED_TIME,NONE,0.0,,
1926,fixed-time,3,0,1,10,1.0,158.0,NONE,NONE,False,NONE,FIXED_TIME,NONE,0.0,,
1927,fixed-time,3,1,2,8,3.0,112.0,NONE,NONE,False,NONE,FIXED_TIME,NONE,0.0,,
1928,fixed-time,3,2,2,6,5.0,72.0,NONE,NONE,False,NONE,FIXED_TIME,NONE,0.0,,
1929,fixed-time,3,3,2,5,7.0,42.0,NONE,NONE,False,NONE,FIXED_TIME,NONE,0.0,,
1930,fixed-time,3,4,2,4,9.0,20.0,NONE,NONE,False,NONE,FIXED_TIME,NONE,0.0,,
1931,fixed-time,3,5,2,2,11.0,5.0,NONE,NONE,False,NONE,FIXED_TIME,NONE,0.0,,
1932,fixed-time,3,6,2,0,13.0,0.0,NONE,NONE,False,NONE,FIXED_TIME,NONE,0.0,,
1933,fixed-time,3,7,3,0,16.0,0.0,NONE,NONE,False,NONE,FIXED_TIME,NONE,0.0,,
1934,fixed-time,3,8,4,0,20.0,0.0,NONE,NONE,False,NONE,FIXED_TIME,NONE,0.0,,
1935,fixed-time,3,9,4,0,24.0,0.0,NONE,NONE,False,NONE,FIXED_TIME,NONE,0.0,,
1936,fixed-time,3,10,5,0,29.0,0.0,NONE,NONE,False,NONE,FIXED_TIME,NONE,0.0,,
1937,fixed-time,3,11,5,0,34.0,0.0,NONE,NONE,False,NONE,FIXED_TIME,NONE,0.0,,
1938,fixed-time,3,12,6,0,40.0,0.0,NONE,NONE,False,NONE,FIXED_TIME,NONE,0.0,,
1939,fixed-time,3,13,6,0,46.0,0.0,NONE,NONE,False,NONE,FIXED_TIME,NONE,0.0,,
1940,fixed-time,3,14,6,0,52.0,0.0,NONE,NONE,False,NONE,FIXED_TIME,NONE,0.0,,
1941,fixed-time,3,15,6,0,58.0,0.0,NONE,NONE,False,NONE,FIXED_TIME,NONE,0.0,,
1942,fixed-time,3,16,8,0,66.0,0.0,NONE,NONE,False,NONE,FIXED_TIME,NONE,0.0,,
1943,fixed-time,3,17,8,0,74.0,0.0,NONE,NONE,False,NONE,FIXED_TIME,NONE,0.0,,
1944,fixed-time,3,18,8,0,82.0,0.0,NONE,NONE,False,NONE,FIXED_TIME,NONE,0.0,,
1945,fixed-time,3,19,8,0,90.0,0.0,NONE,NONE,False,NONE,FIXED_TIME,NONE,0.0,,
1946,fixed-time,3,20,9,0,99.0,0.0,NONE,NONE,False,NONE,FIXED_TIME,NONE,0.0,,
1947,fixed-time,3,21,10,0,109.0,0.0,NONE,NONE,False,NONE,FIXED_TIME,NONE,0.0,,
1948,fixed-time,3,22,10,0,119.0,0.0,NONE,NONE,False,NONE,FIXED_TIME,NONE,0.0,,
1949,fixed-time,3,23,10,0,129.0,0.0,NONE,NONE,False,NONE,FIXED_TIME,NONE,0.0,,
1950,fixed-time,3,24,10,0,139.0,0.0,NONE,NONE,False,NONE,FIXED_TIME,NONE,0.0,,
1951,fixed-time,3,25,10,0,149.0,0.0,NONE,NONE,False,NONE,FIXED_TIME,NONE,0.0,,
1952,fixed-time,3,26,10,0,159.0,0.0,NONE,NONE,False,NONE,FIXED_TIME,NONE,0.0,,
1953,fixed-time,3,27,10,0,169.0,0.0,NONE,NONE,False,NONE,FIXED_TIME,NONE,0.0,,
1954,fixed-time,3,28,12,0,181.0,0.0,NONE,NONE,False,NONE,FIXED_TIME,NONE,0.0,,
1955,fixed-time,3,29,12,0,193.0,0.0,NONE,NONE,False,NONE,FIXED_TIME,NONE,0.0,,
1956,fixed-time,4,0,12,0,205.0,0.0,NONE,NONE,False,NONE,FIXED_TIME,NONE,0.0,,
1957,fixed-time,4,1,12,0,217.0,0.0,NONE,NONE,False,NONE,FIXED_TIME,NONE,0.0,,
1958,fixed-time,4,2,13,0,230.0,0.0,NONE,NONE,False,NONE,FIXED_TIME,NONE,0.0,,
1959,fixed-time,5,0,14,0,244.0,0.0,NONE,NONE,False,NONE,FIXED_TIME,NONE,0.0,,
1960,fixed-time,5,1,14,0,258.0,0.0,NONE,NONE,False,NONE,FIXED_TIME,NONE,0.0,,
1961,fixed-time,0,0,12,0,201.0,0.0,NONE,NONE,False,NONE,FIXED_TIME,NONE,0.0,,
1962,fixed-time,0,1,10,0,154.0,0.0,NONE,NONE,False,NONE,FIXED_TIME,NONE,0.0,,
1963,fixed-time,0,2,9,1,111.0,1.0,NONE,NONE,False,NONE,FIXED_TIME,NONE,0.0,,
1964,fixed-time,0,3,8,2,75.0,3.0,NONE,NONE,False,NONE,FIXED_TIME,NONE,0.0,,
1965,fixed-time,0,4,6,2,44.0,5.0,NONE,NONE,False,NONE,FIXED_TIME,NONE,0.0,,
1966,fixed-time,0,5,4,2,24.0,7.0,NONE,NONE,False,NONE,FIXED_TIME,NONE,0.0,,
1967,fixed-time,0,6,2,2,9.0,9.0,NONE,NONE,False,NONE,FIXED_TIME,NONE,0.0,,
1968,fixed-time,0,7,0,2,0.0,11.0,NONE,NONE,False,NONE,FIXED_TIME,NONE,0.0,,
1969,fixed-time,0,8,0,4,0.0,15.0,NONE,NONE,False,NONE,FIXED_TIME,NONE,0.0,,
1970,fixed-time,0,9,0,4,0.0,19.0,NONE,NONE,False,NONE,FIXED_TIME,NONE,0.0,,
1971,fixed-time,0,10,0,4,0.0,23.0,NONE,NONE,False,NONE,FIXED_TIME,NONE,0.0,,
1972,fixed-time,0,11,0,4,0.0,27.0,NONE,NONE,False,NONE,FIXED_TIME,NONE,0.0,,
1973,fixed-time,0,12,0,4,0.0,31.0,NONE,NONE,False,NONE,FIXED_TIME,NONE,0.0,,
1974,fixed-time,0,13,0,4,0.0,35.0,NONE,NONE,False,NONE,FIXED_TIME,NONE,0.0,,
1975,fixed-time,0,14,0,5,0.0,40.0,NONE,NONE,False,NONE,FIXED_TIME,NONE,0.0,,
1976,fixed-time,0,15,0,6,0.0,46.0,NONE,NONE,False,NONE,FIXED_TIME,NONE,0.0,,
1977,fixed-time,0,16,0,6,0.0,52.0,NONE,NONE,False,NONE,FIXED_TIME,NONE,0.0,,
1978,fixed-time,0,17,0,6,0.0,58.0,NONE,NONE,False,NONE,FIXED_TIME,NONE,0.0,,
1979,fixed-time,0,18,0,6,0.0,64.0,NONE,NONE,False,NONE,FIXED_TIME,NONE,0.0,,
1980,fixed-time,0,19,0,7,0.0,71.0,NONE,NONE,False,NONE,FIXED_TIME,NONE,0.0,,
1981,fixed-time,0,20,0,8,0.0,79.0,NONE,NONE,False,NONE,FIXED_TIME,NONE,0.0,,
1982,fixed-time,0,21,0,8,0.0,87.0,NONE,NONE,False,NONE,FIXED_TIME,NONE,0.0,,
1983,fixed-time,0,22,0,8,0.0,95.0,NONE,NONE,False,NONE,FIXED_TIME,NONE,0.0,,
1984,fixed-time,0,23,0,8,0.0,103.0,NONE,NONE,False,NONE,FIXED_TIME,NONE,0.0,,
1985,fixed-time,0,24,0,9,0.0,112.0,NONE,NONE,False,NONE,FIXED_TIME,NONE,0.0,,
1986,fixed-time,0,25,0,10,0.0,122.0,NONE,NONE,False,NONE,FIXED_TIME,NONE,0.0,,
1987,fixed-time,0,26,0,10,0.0,132.0,NONE,NONE,False,NONE,FIXED_TIME,NONE,0.0,,
1988,fixed-time,0,27,0,10,0.0,142.0,NONE,NONE,False,NONE,FIXED_TIME,NONE,0.0,,
1989,fixed-time,0,28,0,10,0.0,152.0,NONE,NONE,False,NONE,FIXED_TIME,NONE,0.0,,
1990,fixed-time,0,29,0,10,0.0,162.0,NONE,NONE,False,NONE,FIXED_TIME,NONE,0.0,,
1991,fixed-time,1,0,0,10,0.0,172.0,NONE,NONE,False,NONE,FIXED_TIME,NONE,0.0,,
1992,fixed-time,1,1,0,12,0.0,184.0,NONE,NONE,False,NONE,FIXED_TIME,NONE,0.0,,
1993,fixed-time,1,2,0,12,0.0,196.0,NONE,NONE,False,NONE,FIXED_TIME,NONE,0.0,,
1994,fixed-time,2,0,0,12,0.0,208.0,NONE,NONE,False,NONE,FIXED_TIME,NONE,0.0,,
1995,fixed-time,2,1,0,12,0.0,220.0,NONE,NONE,False,NONE,FIXED_TIME,NONE,0.0,,
1996,fixed-time,3,0,1,10,1.0,165.0,NONE,NONE,False,NONE,FIXED_TIME,NONE,0.0,,
1997,fixed-time,3,1,1,8,2.0,117.0,NONE,NONE,False,NONE,FIXED_TIME,NONE,0.0,,
1998,fixed-time,3,2,2,7,4.0,79.0,NONE,NONE,False,NONE,FIXED_TIME,NONE,0.0,,
1999,fixed-time,3,3,2,5,6.0,47.0,NONE,NONE,False,NONE,FIXED_TIME,NONE,0.0,,
2000,fixed-time,3,4,2,4,8.0,22.0,NONE,NONE,False,NONE,FIXED_TIME,NONE,0.0,,
2001,fixed-time,3,5,2,2,10.0,6.0,NONE,NONE,False,NONE,FIXED_TIME,NONE,0.0,,
2002,fixed-time,3,6,3,1,13.0,1.0,NONE,NONE,False,NONE,FIXED_TIME,NONE,0.0,,
2003,fixed-time,3,7,4,0,17.0,0.0,NONE,NONE,False,NONE,FIXED_TIME,NONE,0.0,,
2004,fixed-time,3,8,4,0,21.0,0.0,NONE,NONE,False,NONE,FIXED_TIME,NONE,0.0,,
2005,fixed-time,3,9,4,0,25.0,0.0,NONE,NONE,False,NONE,FIXED_TIME,NONE,0.0,,
2006,fixed-time,3,10,4,0,29.0,0.0,NONE,NONE,False,NONE,FIXED_TIME,NONE,0.0,,
2007,fixed-time,3,11,5,0,34.0,0.0,NONE,NONE,False,NONE,FIXED_TIME,NONE,0.0,,
2008,fixed-time,3,12,6,0,40.0,0.0,NONE,NONE,False,NONE,FIXED_TIME,NONE,0.0,,
2009,fixed-time,3,13,6,0,46.0,0.0,NONE,NONE,False,NONE,FIXED_TIME,NONE,0.0,,
2010,fixed-time,3,14,6,0,52.0,0.0,NONE,NONE,False,NONE,FIXED_TIME,NONE,0.0,,
2011,fixed-time,3,15,6,0,58.0,0.0,NONE,NONE,False,NONE,FIXED_TIME,NONE,0.0,,
2012,fixed-time,3,16,6,0,64.0,0.0,NONE,NONE,False,NONE,FIXED_TIME,NONE,0.0,,
2013,fixed-time,3,17,7,0,71.0,0.0,NONE,NONE,False,NONE,FIXED_TIME,NONE,0.0,,
2014,fixed-time,3,18,7,0,78.0,0.0,NONE,NONE,False,NONE,FIXED_TIME,NONE,0.0,,
2015,fixed-time,3,19,8,0,86.0,0.0,NONE,NONE,False,NONE,FIXED_TIME,NONE,0.0,,
2016,fixed-time,3,20,8,0,94.0,0.0,NONE,NONE,False,NONE,FIXED_TIME,NONE,0.0,,
2017,fixed-time,3,21,8,0,102.0,0.0,NONE,NONE,False,NONE,FIXED_TIME,NONE,0.0,,
2018,fixed-time,3,22,8,0,110.0,0.0,NONE,NONE,False,NONE,FIXED_TIME,NONE,0.0,,
2019,fixed-time,3,23,10,0,120.0,0.0,NONE,NONE,False,NONE,FIXED_TIME,NONE,0.0,,
2020,fixed-time,3,24,10,0,130.0,0.0,NONE,NONE,False,NONE,FIXED_TIME,NONE,0.0,,
2021,fixed-time,3,25,10,0,140.0,0.0,NONE,NONE,False,NONE,FIXED_TIME,NONE,0.0,,
2022,fixed-time,3,26,10,0,150.0,0.0,NONE,NONE,False,NONE,FIXED_TIME,NONE,0.0,,
2023,fixed-time,3,27,10,0,160.0,0.0,NONE,NONE,False,NONE,FIXED_TIME,NONE,0.0,,
2024,fixed-time,3,28,12,0,172.0,0.0,NONE,NONE,False,NONE,FIXED_TIME,NONE,0.0,,
2025,fixed-time,3,29,12,0,184.0,0.0,NONE,NONE,False,NONE,FIXED_TIME,NONE,0.0,,
2026,fixed-time,4,0,12,0,196.0,0.0,NONE,NONE,False,NONE,FIXED_TIME,NONE,0.0,,
2027,fixed-time,4,1,12,0,208.0,0.0,NONE,NONE,False,NONE,FIXED_TIME,NONE,0.0,,
2028,fixed-time,4,2,12,0,220.0,0.0,NONE,NONE,False,NONE,FIXED_TIME,NONE,0.0,,
2029,fixed-time,5,0,12,0,232.0,0.0,NONE,NONE,False,NONE,FIXED_TIME,NONE,0.0,,
2030,fixed-time,5,1,13,0,245.0,0.0,NONE,NONE,False,NONE,FIXED_TIME,NONE,0.0,,
2031,fixed-time,0,0,12,0,189.0,0.0,NONE,NONE,False,NONE,FIXED_TIME,NONE,0.0,,
2032,fixed-time,0,1,10,0,140.0,0.0,NONE,NONE,False,NONE,FIXED_TIME,NONE,0.0,,
2033,fixed-time,0,2,8,0,97.0,0.0,NONE,NONE,False,NONE,FIXED_TIME,NONE,0.0,,
2034,fixed-time,0,3,6,1,63.0,1.0,NONE,NONE,False,NONE,FIXED_TIME,NONE,0.0,,
2035,fixed-time,0,4,5,2,36.0,3.0,NONE,NONE,False,NONE,FIXED_TIME,NONE,0.0,,
2036,fixed-time,0,5,4,2,16.0,5.0,NONE,NONE,False,NONE,FIXED_TIME,NONE,0.0,,
2037,fixed-time,0,6,2,2,5.0,7.0,NONE,NONE,False,NONE,FIXED_TIME,NONE,0.0,,
2038,fixed-time,0,7,0,3,0.0,10.0,NONE,NONE,False,NONE,FIXED_TIME,NONE,0.0,,
2039,fixed-time,0,8,0,3,0.0,13.0,NONE,NONE,False,NONE,FIXED_TIME,NONE,0.0,,
2040,fixed-time,0,9,0,4,0.0,17.0,NONE,NONE,False,NONE,FIXED_TIME,NONE,0.0,,
2041,fixed-time,0,10,0,4,0.0,21.0,NONE,NONE,False,NONE,FIXED_TIME,NONE,0.0,,
2042,fixed-time,0,11,0,4,0.0,25.0,NONE,NONE,False,NONE,FIXED_TIME,NONE,0.0,,
2043,fixed-time,0,12,0,5,0.0,30.0,NONE,NONE,False,NONE,FIXED_TIME,NONE,0.0,,
2044,fixed-time,0,13,0,6,0.0,36.0,NONE,NONE,False,NONE,FIXED_TIME,NONE,0.0,,
2045,fixed-time,0,14,0,6,0.0,42.0,NONE,NONE,False,NONE,FIXED_TIME,NONE,0.0,,
2046,fixed-time,0,15,0,6,0.0,48.0,NONE,NONE,False,NONE,FIXED_TIME,NONE,0.0,,
2047,fixed-time,0,16,0,6,0.0,54.0,NONE,NONE,False,NONE,FIXED_TIME,NONE,0.0,,
2048,fixed-time,0,17,0,6,0.0,60.0,NONE,NONE,False,NONE,FIXED_TIME,NONE,0.0,,
2049,fixed-time,0,18,0,6,0.0,66.0,NONE,NONE,False,NONE,FIXED_TIME,NONE,0.0,,
2050,fixed-time,0,19,0,6,0.0,72.0,NONE,NONE,False,NONE,FIXED_TIME,NONE,0.0,,
2051,fixed-time,0,20,0,8,0.0,80.0,NONE,NONE,False,NONE,FIXED_TIME,NONE,0.0,,
2052,fixed-time,0,21,0,8,0.0,88.0,NONE,NONE,False,NONE,FIXED_TIME,NONE,0.0,,
2053,fixed-time,0,22,0,8,0.0,96.0,NONE,NONE,False,NONE,FIXED_TIME,NONE,0.0,,
2054,fixed-time,0,23,0,8,0.0,104.0,NONE,NONE,False,NONE,FIXED_TIME,NONE,0.0,,
2055,fixed-time,0,24,0,8,0.0,112.0,NONE,NONE,False,NONE,FIXED_TIME,NONE,0.0,,
2056,fixed-time,0,25,0,9,0.0,121.0,NONE,NONE,False,NONE,FIXED_TIME,NONE,0.0,,
2057,fixed-time,0,26,0,10,0.0,131.0,NONE,NONE,False,NONE,FIXED_TIME,NONE,0.0,,
2058,fixed-time,0,27,0,10,0.0,141.0,NONE,NONE,False,NONE,FIXED_TIME,NONE,0.0,,
2059,fixed-time,0,28,0,10,0.0,151.0,NONE,NONE,False,NONE,FIXED_TIME,NONE,0.0,,
2060,fixed-time,0,29,0,10,0.0,161.0,NONE,NONE,False,NONE,FIXED_TIME,NONE,0.0,,
2061,fixed-time,1,0,0,11,0.0,172.0,NONE,NONE,False,NONE,FIXED_TIME,NONE,0.0,,
2062,fixed-time,1,1,0,12,0.0,184.0,NONE,NONE,False,NONE,FIXED_TIME,NONE,0.0,,
2063,fixed-time,1,2,0,12,0.0,196.0,NONE,NONE,False,NONE,FIXED_TIME,NONE,0.0,,
2064,fixed-time,2,0,0,12,0.0,208.0,NONE,NONE,False,NONE,FIXED_TIME,NONE,0.0,,
2065,fixed-time,2,1,0,12,0.0,220.0,NONE,NONE,False,NONE,FIXED_TIME,NONE,0.0,,
2066,fixed-time,3,0,0,10,0.0,167.0,NONE,NONE,False,NONE,FIXED_TIME,NONE,0.0,,
2067,fixed-time,3,1,0,8,0.0,119.0,NONE,NONE,False,NONE,FIXED_TIME,NONE,0.0,,
2068,fixed-time,3,2,1,7,1.0,77.0,NONE,NONE,False,NONE,FIXED_TIME,NONE,0.0,,
2069,fixed-time,3,3,2,6,3.0,47.0,NONE,NONE,False,NONE,FIXED_TIME,NONE,0.0,,
2070,fixed-time,3,4,2,4,5.0,24.0,NONE,NONE,False,NONE,FIXED_TIME,NONE,0.0,,
2071,fixed-time,3,5,2,2,7.0,7.0,NONE,NONE,False,NONE,FIXED_TIME,NONE,0.0,,
2072,fixed-time,3,6,2,0,9.0,0.0,NONE,NONE,False,NONE,FIXED_TIME,NONE,0.0,,
2073,fixed-time,3,7,2,0,11.0,0.0,NONE,NONE,False,NONE,FIXED_TIME,NONE,0.0,,
2074,fixed-time,3,8,4,0,15.0,0.0,NONE,NONE,False,NONE,FIXED_TIME,NONE,0.0,,
2075,fixed-time,3,9,4,0,19.0,0.0,NONE,NONE,False,NONE,FIXED_TIME,NONE,0.0,,
2076,fixed-time,3,10,4,0,23.0,0.0,NONE,NONE,False,NONE,FIXED_TIME,NONE,0.0,,
2077,fixed-time,3,11,4,0,27.0,0.0,NONE,NONE,False,NONE,FIXED_TIME,NONE,0.0,,
2078,fixed-time,3,12,4,0,31.0,0.0,NONE,NONE,False,NONE,FIXED_TIME,NONE,0.0,,
2079,fixed-time,3,13,5,0,36.0,0.0,NONE,NONE,False,NONE,FIXED_TIME,NONE,0.0,,
2080,fixed-time,3,14,5,0,41.0,0.0,NONE,NONE,False,NONE,FIXED_TIME,NONE,0.0,,
2081,fixed-time,3,15,5,0,46.0,0.0,NONE,NONE,False,NONE,FIXED_TIME,NONE,0.0,,
2082,fixed-time,3,16,6,0,52.0,0.0,NONE,NONE,False,NONE,FIXED_TIME,NONE,0.0,,
2083,fixed-time,3,17,6,0,58.0,0.0,NONE,NONE,False,NONE,FIXED_TIME,NONE,0.0,,
2084,fixed-time,3,18,6,0,64.0,0.0,NONE,NONE,False,NONE,FIXED_TIME,NONE,0.0,,
2085,fixed-time,3,19,6,0,70.0,0.0,NONE,NONE,False,NONE,FIXED_TIME,NONE,0.0,,
2086,fixed-time,3,20,7,0,77.0,0.0,NONE,NONE,False,NONE,FIXED_TIME,NONE,0.0,,
2087,fixed-time,3,21,8,0,85.0,0.0,NONE,NONE,False,NONE,FIXED_TIME,NONE,0.0,,
2088,fixed-time,3,22,8,0,93.0,0.0,NONE,NONE,False,NONE,FIXED_TIME,NONE,0.0,,
2089,fixed-time,3,23,8,0,101.0,0.0,NONE,NONE,False,NONE,FIXED_TIME,NONE,0.0,,
2090,fixed-time,3,24,8,0,109.0,0.0,NONE,NONE,False,NONE,FIXED_TIME,NONE,0.0,,
2091,fixed-time,3,25,9,0,118.0,0.0,NONE,NONE,False,NONE,FIXED_TIME,NONE,0.0,,
2092,fixed-time,3,26,10,0,128.0,0.0,NONE,NONE,False,NONE,FIXED_TIME,NONE,0.0,,
2093,fixed-time,3,27,10,0,138.0,0.0,NONE,NONE,False,NONE,FIXED_TIME,NONE,0.0,,
2094,fixed-time,3,28,10,0,148.0,0.0,NONE,NONE,False,NONE,FIXED_TIME,NONE,0.0,,
2095,fixed-time,3,29,10,0,158.0,0.0,NONE,NONE,False,NONE,FIXED_TIME,NONE,0.0,,
2096,fixed-time,4,0,11,0,169.0,0.0,NONE,NONE,False,NONE,FIXED_TIME,NONE,0.0,,
2097,fixed-time,4,1,12,0,181.0,0.0,NONE,NONE,False,NONE,FIXED_TIME,NONE,0.0,,
2098,fixed-time,4,2,12,0,193.0,0.0,NONE,NONE,False,NONE,FIXED_TIME,NONE,0.0,,
2099,fixed-time,5,0,12,0,205.0,0.0,NONE,NONE,False,NONE,FIXED_TIME,NONE,0.0,,
2100,fixed-time,5,1,12,0,217.0,0.0,NONE,NONE,False,NONE,FIXED_TIME,NONE,0.0,,
2101,fixed-time,0,0,10,0,162.0,0.0,NONE,NONE,False,NONE,FIXED_TIME,NONE,0.0,,
2102,fixed-time,0,1,8,1,114.0,1.0,NONE,NONE,False,NONE,FIXED_TIME,NONE,0.0,,
2103,fixed-time,0,2,8,2,77.0,3.0,NONE,NONE,False,NONE,FIXED_TIME,NONE,0.0,,
2104,fixed-time,0,3,6,2,48.0,5.0,NONE,NONE,False,NONE,FIXED_TIME,NONE,0.0,,
2105,fixed-time,0,4,4,2,25.0,7.0,NONE,NONE,False,NONE,FIXED_TIME,NONE,0.0,,
2106,fixed-time,0,5,2,2,8.0,9.0,NONE,NONE,False,NONE,FIXED_TIME,NONE,0.0,,
2107,fixed-time,0,6,1,2,1.0,11.0,NONE,NONE,False,NONE,FIXED_TIME,NONE,0.0,,
2108,fixed-time,0,7,0,3,0.0,14.0,NONE,NONE,False,NONE,FIXED_TIME,NONE,0.0,,
2109,fixed-time,0,8,0,4,0.0,18.0,NONE,NONE,False,NONE,FIXED_TIME,NONE,0.0,,
2110,fixed-time,0,9,0,4,0.0,22.0,NONE,NONE,False,NONE,FIXED_TIME,NONE,0.0,,
2111,fixed-time,0,10,0,4,0.0,26.0,NONE,NONE,False,NONE,FIXED_TIME,NONE,0.0,,
2112,fixed-time,0,11,0,4,0.0,30.0,NONE,NONE,False,NONE,FIXED_TIME,NONE,0.0,,
2113,fixed-time,0,12,0,6,0.0,36.0,NONE,NONE,False,NONE,FIXED_TIME,NONE,0.0,,
2114,fixed-time,0,13,0,6,0.0,42.0,NONE,NONE,False,NONE,FIXED_TIME,NONE,0.0,,
2115,fixed-time,0,14,0,6,0.0,48.0,NONE,NONE,False,NONE,FIXED_TIME,NONE,0.0,,
2116,fixed-time,0,15,0,6,0.0,54.0,NONE,NONE,False,NONE,FIXED_TIME,NONE,0.0,,
2117,fixed-time,0,16,0,6,0.0,60.0,NONE,NONE,False,NONE,FIXED_TIME,NONE,0.0,,
2118,fixed-time,0,17,0,6,0.0,66.0,NONE,NONE,False,NONE,FIXED_TIME,NONE,0.0,,
2119,fixed-time,0,18,0,7,0.0,73.0,NONE,NONE,False,NONE,FIXED_TIME,NONE,0.0,,
2120,fixed-time,0,19,0,8,0.0,81.0,NONE,NONE,False,NONE,FIXED_TIME,NONE,0.0,,
2121,fixed-time,0,20,0,8,0.0,89.0,NONE,NONE,False,NONE,FIXED_TIME,NONE,0.0,,
2122,fixed-time,0,21,0,8,0.0,97.0,NONE,NONE,False,NONE,FIXED_TIME,NONE,0.0,,
2123,fixed-time,0,22,0,8,0.0,105.0,NONE,NONE,False,NONE,FIXED_TIME,NONE,0.0,,
2124,fixed-time,0,23,0,8,0.0,113.0,NONE,NONE,False,NONE,FIXED_TIME,NONE,0.0,,
2125,fixed-time,0,24,0,10,0.0,123.0,NONE,NONE,False,NONE,FIXED_TIME,NONE,0.0,,
2126,fixed-time,0,25,0,10,0.0,133.0,NONE,NONE,False,NONE,FIXED_TIME,NONE,0.0,,
2127,fixed-time,0,26,0,10,0.0,143.0,NONE,NONE,False,NONE,FIXED_TIME,NONE,0.0,,
2128,fixed-time,0,27,0,10,0.0,153.0,NONE,NONE,False,NONE,FIXED_TIME,NONE,0.0,,
2129,fixed-time,0,28,0,10,0.0,163.0,NONE,NONE,False,NONE,FIXED_TIME,NONE,0.0,,
2130,fixed-time,0,29,0,11,0.0,174.0,NONE,NONE,False,NONE,FIXED_TIME,NONE,0.0,,
2131,fixed-time,1,0,0,12,0.0,186.0,NONE,NONE,False,NONE,FIXED_TIME,NONE,0.0,,
2132,fixed-time,1,1,0,12,0.0,198.0,NONE,NONE,False,NONE,FIXED_TIME,NONE,0.0,,
2133,fixed-time,1,2,0,12,0.0,210.0,NONE,NONE,False,NONE,FIXED_TIME,NONE,0.0,,
2134,fixed-time,2,0,0,12,0.0,222.0,NONE,NONE,False,NONE,FIXED_TIME,NONE,0.0,,
2135,fixed-time,2,1,0,12,0.0,234.0,NONE,NONE,False,NONE,FIXED_TIME,NONE,0.0,,
2136,fixed-time,3,0,2,11,2.0,178.0,NONE,NONE,False,NONE,FIXED_TIME,NONE,0.0,,
2137,fixed-time,3,1,2,9,4.0,130.0,NONE,NONE,False,NONE,FIXED_TIME,NONE,0.0,,
2138,fixed-time,3,2,2,8,6.0,88.0,NONE,NONE,False,NONE,FIXED_TIME,NONE,0.0,,
2139,fixed-time,3,3,2,6,8.0,55.0,NONE,NONE,False,NONE,FIXED_TIME,NONE,0.0,,
2140,fixed-time,3,4,2,4,10.0,29.0,NONE,NONE,False,NONE,FIXED_TIME,NONE,0.0,,
2141,fixed-time,3,5,4,2,14.0,10.0,NONE,NONE,False,NONE,FIXED_TIME,NONE,0.0,,
2142,fixed-time,3,6,4,1,18.0,1.0,NONE,NONE,False,NONE,FIXED_TIME,NONE,0.0,,
2143,fixed-time,3,7,4,0,22.0,0.0,NONE,NONE,False,NONE,FIXED_TIME,NONE,0.0,,
2144,fixed-time,3,8,4,0,26.0,0.0,NONE,NONE,False,NONE,FIXED_TIME,NONE,0.0,,
2145,fixed-time,3,9,4,0,30.0,0.0,NONE,NONE,False,NONE,FIXED_TIME,NONE,0.0,,
2146,fixed-time,3,10,5,0,35.0,0.0,NONE,NONE,False,NONE,FIXED_TIME,NONE,0.0,,
2147,fixed-time,3,11,5,0,40.0,0.0,NONE,NONE,False,NONE,FIXED_TIME,NONE,0.0,,
2148,fixed-time,3,12,6,0,46.0,0.0,NONE,NONE,False,NONE,FIXED_TIME,NONE,0.0,,
2149,fixed-time,3,13,6,0,52.0,0.0,NONE,NONE,False,NONE,FIXED_TIME,NONE,0.0,,
2150,fixed-time,3,14,6,0,58.0,0.0,NONE,NONE,False,NONE,FIXED_TIME,NONE,0.0,,
2151,fixed-time,3,15,7,0,65.0,0.0,NONE,NONE,False,NONE,FIXED_TIME,NONE,0.0,,
2152,fixed-time,3,16,8,0,73.0,0.0,NONE,NONE,False,NONE,FIXED_TIME,NONE,0.0,,
2153,fixed-time,3,17,8,0,81.0,0.0,NONE,NONE,False,NONE,FIXED_TIME,NONE,0.0,,
2154,fixed-time,3,18,8,0,89.0,0.0,NONE,NONE,False,NONE,FIXED_TIME,NONE,0.0,,
2155,fixed-time,3,19,8,0,97.0,0.0,NONE,NONE,False,NONE,FIXED_TIME,NONE,0.0,,
2156,fixed-time,3,20,9,0,106.0,0.0,NONE,NONE,False,NONE,FIXED_TIME,NONE,0.0,,
2157,fixed-time,3,21,9,0,115.0,0.0,NONE,NONE,False,NONE,FIXED_TIME,NONE,0.0,,
2158,fixed-time,3,22,10,0,125.0,0.0,NONE,NONE,False,NONE,FIXED_TIME,NONE,0.0,,
2159,fixed-time,3,23,10,0,135.0,0.0,NONE,NONE,False,NONE,FIXED_TIME,NONE,0.0,,
2160,fixed-time,3,24,10,0,145.0,0.0,NONE,NONE,False,NONE,FIXED_TIME,NONE,0.0,,
2161,fixed-time,3,25,10,0,155.0,0.0,NONE,NONE,False,NONE,FIXED_TIME,NONE,0.0,,
2162,fixed-time,3,26,11,0,166.0,0.0,NONE,NONE,False,NONE,FIXED_TIME,NONE,0.0,,
2163,fixed-time,3,27,12,0,178.0,0.0,NONE,NONE,False,NONE,FIXED_TIME,NONE,0.0,,
2164,fixed-time,3,28,12,0,190.0,0.0,NONE,NONE,False,NONE,FIXED_TIME,NONE,0.0,,
2165,fixed-time,3,29,12,0,202.0,0.0,NONE,NONE,False,NONE,FIXED_TIME,NONE,0.0,,
2166,fixed-time,4,0,12,0,214.0,0.0,NONE,NONE,False,NONE,FIXED_TIME,NONE,0.0,,
2167,fixed-time,4,1,13,0,227.0,0.0,NONE,NONE,False,NONE,FIXED_TIME,NONE,0.0,,
2168,fixed-time,4,2,14,0,241.0,0.0,NONE,NONE,False,NONE,FIXED_TIME,NONE,0.0,,
2169,fixed-time,5,0,14,0,255.0,0.0,NONE,NONE,False,NONE,FIXED_TIME,NONE,0.0,,
2170,fixed-time,5,1,14,0,269.0,0.0,NONE,NONE,False,NONE,FIXED_TIME,NONE,0.0,,
2171,fixed-time,0,0,12,0,211.0,0.0,NONE,NONE,False,NONE,FIXED_TIME,NONE,0.0,,
2172,fixed-time,0,1,11,1,160.0,1.0,NONE,NONE,False,NONE,FIXED_TIME,NONE,0.0,,
2173,fixed-time,0,2,9,2,117.0,3.0,NONE,NONE,False,NONE,FIXED_TIME,NONE,0.0,,
2174,fixed-time,0,3,7,2,79.0,5.0,NONE,NONE,False,NONE,FIXED_TIME,NONE,0.0,,
2175,fixed-time,0,4,6,2,49.0,7.0,NONE,NONE,False,NONE,FIXED_TIME,NONE,0.0,,
2176,fixed-time,0,5,4,2,26.0,9.0,NONE,NONE,False,NONE,FIXED_TIME,NONE,0.0,,
2177,fixed-time,0,6,2,3,9.0,12.0,NONE,NONE,False,NONE,FIXED_TIME,NONE,0.0,,
2178,fixed-time,0,7,1,3,1.0,15.0,NONE,NONE,False,NONE,FIXED_TIME,NONE,0.0,,
2179,fixed-time,0,8,0,3,0.0,18.0,NONE,NONE,False,NONE,FIXED_TIME,NONE,0.0,,
2180,fixed-time,0,9,0,4,0.0,22.0,NONE,NONE,False,NONE,FIXED_TIME,NONE,0.0,,
2181,fixed-time,0,10,0,4,0.0,26.0,NONE,NONE,False,NONE,FIXED_TIME,NONE,0.0,,
2182,fixed-time,0,11,0,4,0.0,30.0,NONE,NONE,False,NONE,FIXED_TIME,NONE,0.0,,
2183,fixed-time,0,12,0,5,0.0,35.0,NONE,NONE,False,NONE,FIXED_TIME,NONE,0.0,,
2184,fixed-time,0,13,0,6,0.0,41.0,NONE,NONE,False,NONE,FIXED_TIME,NONE,0.0,,
2185,fixed-time,0,14,0,6,0.0,47.0,NONE,NONE,False,NONE,FIXED_TIME,NONE,0.0,,
2186,fixed-time,0,15,0,6,0.0,53.0,NONE,NONE,False,NONE,FIXED_TIME,NONE,0.0,,
2187,fixed-time,0,16,0,6,0.0,59.0,NONE,NONE,False,NONE,FIXED_TIME,NONE,0.0,,
2188,fixed-time,0,17,0,6,0.0,65.0,NONE,NONE,False,NONE,FIXED_TIME,NONE,0.0,,
2189,fixed-time,0,18,0,6,0.0,71.0,NONE,NONE,False,NONE,FIXED_TIME,NONE,0.0,,
2190,fixed-time,0,19,0,7,0.0,78.0,NONE,NONE,False,NONE,FIXED_TIME,NONE,0.0,,
2191,fixed-time,0,20,0,8,0.0,86.0,NONE,NONE,False,NONE,FIXED_TIME,NONE,0.0,,
2192,fixed-time,0,21,0,8,0.0,94.0,NONE,NONE,False,NONE,FIXED_TIME,NONE,0.0,,
2193,fixed-time,0,22,0,8,0.0,102.0,NONE,NONE,False,NONE,FIXED_TIME,NONE,0.0,,
2194,fixed-time,0,23,0,8,0.0,110.0,NONE,NONE,False,NONE,FIXED_TIME,NONE,0.0,,
2195,fixed-time,0,24,0,8,0.0,118.0,NONE,NONE,False,NONE,FIXED_TIME,NONE,0.0,,
2196,fixed-time,0,25,0,10,0.0,128.0,NONE,NONE,False,NONE,FIXED_TIME,NONE,0.0,,
2197,fixed-time,0,26,0,10,0.0,138.0,NONE,NONE,False,NONE,FIXED_TIME,NONE,0.0,,
2198,fixed-time,0,27,0,10,0.0,148.0,NONE,NONE,False,NONE,FIXED_TIME,NONE,0.0,,
2199,fixed-time,0,28,0,10,0.0,158.0,NONE,NONE,False,NONE,FIXED_TIME,NONE,0.0,,
2200,fixed-time,0,29,0,11,0.0,169.0,NONE,NONE,False,NONE,FIXED_TIME,NONE,0.0,,
2201,fixed-time,1,0,0,11,0.0,180.0,NONE,NONE,False,NONE,FIXED_TIME,NONE,0.0,,
2202,fixed-time,1,1,0,12,0.0,192.0,NONE,NONE,False,NONE,FIXED_TIME,NONE,0.0,,
2203,fixed-time,1,2,0,12,0.0,204.0,NONE,NONE,False,NONE,FIXED_TIME,NONE,0.0,,
2204,fixed-time,2,0,0,12,0.0,216.0,NONE,NONE,False,NONE,FIXED_TIME,NONE,0.0,,
2205,fixed-time,2,1,0,12,0.0,228.0,NONE,NONE,False,NONE,FIXED_TIME,NONE,0.0,,
2206,fixed-time,3,0,1,10,1.0,171.0,NONE,NONE,False,NONE,FIXED_TIME,NONE,0.0,,
2207,fixed-time,3,1,2,10,3.0,124.0,NONE,NONE,False,NONE,FIXED_TIME,NONE,0.0,,
2208,fixed-time,3,2,2,8,5.0,83.0,NONE,NONE,False,NONE,FIXED_TIME,NONE,0.0,,
2209,fixed-time,3,3,2,6,7.0,52.0,NONE,NONE,False,NONE,FIXED_TIME,NONE,0.0,,
2210,fixed-time,3,4,2,4,9.0,28.0,NONE,NONE,False,NONE,FIXED_TIME,NONE,0.0,,
2211,fixed-time,3,5,2,2,11.0,10.0,NONE,NONE,False,NONE,FIXED_TIME,NONE,0.0,,
2212,fixed-time,3,6,2,1,13.0,1.0,NONE,NONE,False,NONE,FIXED_TIME,NONE,0.0,,
2213,fixed-time,3,7,2,0,15.0,0.0,NONE,NONE,False,NONE,FIXED_TIME,NONE,0.0,,
2214,fixed-time,3,8,3,0,18.0,0.0,NONE,NONE,False,NONE,FIXED_TIME,NONE,0.0,,
2215,fixed-time,3,9,4,0,22.0,0.0,NONE,NONE,False,NONE,FIXED_TIME,NONE,0.0,,
2216,fixed-time,3,10,4,0,26.0,0.0,NONE,NONE,False,NONE,FIXED_TIME,NONE,0.0,,
2217,fixed-time,3,11,4,0,30.0,0.0,NONE,NONE,False,NONE,FIXED_TIME,NONE,0.0,,
2218,fixed-time,3,12,4,0,34.0,0.0,NONE,NONE,False,NONE,FIXED_TIME,NONE,0.0,,
2219,fixed-time,3,13,6,0,40.0,0.0,NONE,NONE,False,NONE,FIXED_TIME,NONE,0.0,,
2220,fixed-time,3,14,6,0,46.0,0.0,NONE,NONE,False,NONE,FIXED_TIME,NONE,0.0,,
2221,fixed-time,3,15,6,0,52.0,0.0,NONE,NONE,False,NONE,FIXED_TIME,NONE,0.0,,
2222,fixed-time,3,16,6,0,58.0,0.0,NONE,NONE,False,NONE,FIXED_TIME,NONE,0.0,,
2223,fixed-time,3,17,7,0,65.0,0.0,NONE,NONE,False,NONE,FIXED_TIME,NONE,0.0,,
2224,fixed-time,3,18,8,0,73.0,0.0,NONE,NONE,False,NONE,FIXED_TIME,NONE,0.0,,
2225,fixed-time,3,19,8,0,81.0,0.0,NONE,NONE,False,NONE,FIXED_TIME,NONE,0.0,,
2226,fixed-time,3,20,8,0,89.0,0.0,NONE,NONE,False,NONE,FIXED_TIME,NONE,0.0,,
2227,fixed-time,3,21,8,0,97.0,0.0,NONE,NONE,False,NONE,FIXED_TIME,NONE,0.0,,
2228,fixed-time,3,22,8,0,105.0,0.0,NONE,NONE,False,NONE,FIXED_TIME,NONE,0.0,,
2229,fixed-time,3,23,10,0,115.0,0.0,NONE,NONE,False,NONE,FIXED_TIME,NONE,0.0,,
2230,fixed-time,3,24,10,0,125.0,0.0,NONE,NONE,False,NONE,FIXED_TIME,NONE,0.0,,
2231,fixed-time,3,25,10,0,135.0,0.0,NONE,NONE,False,NONE,FIXED_TIME,NONE,0.0,,
2232,fixed-time,3,26,10,0,145.0,0.0,NONE,NONE,False,NONE,FIXED_TIME,NONE,0.0,,
2233,fixed-time,3,27,10,0,155.0,0.0,NONE,NONE,False,NONE,FIXED_TIME,NONE,0.0,,
2234,fixed-time,3,28,10,0,165.0,0.0,NONE,NONE,False,NONE,FIXED_TIME,NONE,0.0,,
2235,fixed-time,3,29,11,0,176.0,0.0,NONE,NONE,False,NONE,FIXED_TIME,NONE,0.0,,
2236,fixed-time,4,0,12,0,188.0,0.0,NONE,NONE,False,NONE,FIXED_TIME,NONE,0.0,,
2237,fixed-time,4,1,12,0,200.0,0.0,NONE,NONE,False,NONE,FIXED_TIME,NONE,0.0,,
2238,fixed-time,4,2,12,0,212.0,0.0,NONE,NONE,False,NONE,FIXED_TIME,NONE,0.0,,
2239,fixed-time,5,0,12,0,224.0,0.0,NONE,NONE,False,NONE,FIXED_TIME,NONE,0.0,,
2240,fixed-time,5,1,14,0,238.0,0.0,NONE,NONE,False,NONE,FIXED_TIME,NONE,0.0,,
2241,fixed-time,0,0,12,1,181.0,1.0,NONE,NONE,False,NONE,FIXED_TIME,NONE,0.0,,
2242,fixed-time,0,1,10,2,136.0,3.0,NONE,NONE,False,NONE,FIXED_TIME,NONE,0.0,,
2243,fixed-time,0,2,8,2,96.0,5.0,NONE,NONE,False,NONE,FIXED_TIME,NONE,0.0,,
2244,fixed-time,0,3,6,2,61.0,7.0,NONE,NONE,False,NONE,FIXED_TIME,NONE,0.0,,
2245,fixed-time,0,4,5,2,34.0,9.0,NONE,NONE,False,NONE,FIXED_TIME,NONE,0.0,,
2246,fixed-time,0,5,4,2,17.0,11.0,NONE,NONE,False,NONE,FIXED_TIME,NONE,0.0,,
2247,fixed-time,0,6,2,3,5.0,14.0,NONE,NONE,False,NONE,FIXED_TIME,NONE,0.0,,
2248,fixed-time,0,7,0,3,0.0,17.0,NONE,NONE,False,NONE,FIXED_TIME,NONE,0.0,,
2249,fixed-time,0,8,0,4,0.0,21.0,NONE,NONE,False,NONE,FIXED_TIME,NONE,0.0,,
2250,fixed-time,0,9,0,4,0.0,25.0,NONE,NONE,False,NONE,FIXED_TIME,NONE,0.0,,
2251,fixed-time,0,10,0,4,0.0,29.0,NONE,NONE,False,NONE,FIXED_TIME,NONE,0.0,,
2252,fixed-time,0,11,0,4,0.0,33.0,NONE,NONE,False,NONE,FIXED_TIME,NONE,0.0,,
2253,fixed-time,0,12,0,6,0.0,39.0,NONE,NONE,False,NONE,FIXED_TIME,NONE,0.0,,
2254,fixed-time,0,13,0,6,0.0,45.0,NONE,NONE,False,NONE,FIXED_TIME,NONE,0.0,,
2255,fixed-time,0,14,0,6,0.0,51.0,NONE,NONE,False,NONE,FIXED_TIME,NONE,0.0,,
2256,fixed-time,0,15,0,6,0.0,57.0,NONE,NONE,False,NONE,FIXED_TIME,NONE,0.0,,
2257,fixed-time,0,16,0,6,0.0,63.0,NONE,NONE,False,NONE,FIXED_TIME,NONE,0.0,,
2258,fixed-time,0,17,0,7,0.0,70.0,NONE,NONE,False,NONE,FIXED_TIME,NONE,0.0,,
2259,fixed-time,0,18,0,8,0.0,78.0,NONE,NONE,False,NONE,FIXED_TIME,NONE,0.0,,
2260,fixed-time,0,19,0,8,0.0,86.0,NONE,NONE,False,NONE,FIXED_TIME,NONE,0.0,,
2261,fixed-time,0,20,0,8,0.0,94.0,NONE,NONE,False,NONE,FIXED_TIME,NONE,0.0,,
2262,fixed-time,0,21,0,8,0.0,102.0,NONE,NONE,False,NONE,FIXED_TIME,NONE,0.0,,
2263,fixed-time,0,22,0,9,0.0,111.0,NONE,NONE,False,NONE,FIXED_TIME,NONE,0.0,,
2264,fixed-time,0,23,0,10,0.0,121.0,NONE,NONE,False,NONE,FIXED_TIME,NONE,0.0,,
2265,fixed-time,0,24,0,10,0.0,131.0,NONE,NONE,False,NONE,FIXED_TIME,NONE,0.0,,
2266,fixed-time,0,25,0,10,0.0,141.0,NONE,NONE,False,NONE,FIXED_TIME,NONE,0.0,,
2267,fixed-time,0,26,0,10,0.0,151.0,NONE,NONE,False,NONE,FIXED_TIME,NONE,0.0,,
2268,fixed-time,0,27,0,10,0.0,161.0,NONE,NONE,False,NONE,FIXED_TIME,NONE,0.0,,
2269,fixed-time,0,28,0,10,0.0,171.0,NONE,NONE,False,NONE,FIXED_TIME,NONE,0.0,,
2270,fixed-time,0,29,0,11,0.0,182.0,NONE,NONE,False,NONE,FIXED_TIME,NONE,0.0,,
2271,fixed-time,1,0,0,12,0.0,194.0,NONE,NONE,False,NONE,FIXED_TIME,NONE,0.0,,
2272,fixed-time,1,1,0,12,0.0,206.0,NONE,NONE,False,NONE,FIXED_TIME,NONE,0.0,,
2273,fixed-time,1,2,0,12,0.0,218.0,NONE,NONE,False,NONE,FIXED_TIME,NONE,0.0,,
2274,fixed-time,2,0,0,12,0.0,230.0,NONE,NONE,False,NONE,FIXED_TIME,NONE,0.0,,
2275,fixed-time,2,1,1,12,1.0,242.0,NONE,NONE,False,NONE,FIXED_TIME,NONE,0.0,,
2276,fixed-time,3,0,1,11,2.0,184.0,NONE,NONE,False,NONE,FIXED_TIME,NONE,0.0,,
2277,fixed-time,3,1,1,10,3.0,136.0,NONE,NONE,False,NONE,FIXED_TIME,NONE,0.0,,
2278,fixed-time,3,2,1,8,4.0,94.0,NONE,NONE,False,NONE,FIXED_TIME,NONE,0.0,,
2279,fixed-time,3,3,3,6,7.0,59.0,NONE,NONE,False,NONE,FIXED_TIME,NONE,0.0,,
2280,fixed-time,3,4,3,5,10.0,31.0,NONE,NONE,False,NONE,FIXED_TIME,NONE,0.0,,
2281,fixed-time,3,5,3,4,13.0,14.0,NONE,NONE,False,NONE,FIXED_TIME,NONE,0.0,,
2282,fixed-time,3,6,3,2,16.0,5.0,NONE,NONE,False,NONE,FIXED_TIME,NONE,0.0,,
2283,fixed-time,3,7,3,1,19.0,4.0,NONE,NONE,False,NONE,FIXED_TIME,NONE,0.0,,
2284,fixed-time,3,8,3,0,22.0,0.0,NONE,NONE,False,NONE,FIXED_TIME,NONE,0.0,,
2285,fixed-time,3,9,3,0,25.0,0.0,NONE,NONE,False,NONE,FIXED_TIME,NONE,0.0,,
2286,fixed-time,3,10,5,0,30.0,0.0,NONE,NONE,False,NONE,FIXED_TIME,NONE,0.0,,
2287,fixed-time,3,11,5,0,35.0,0.0,NONE,NONE,False,NONE,FIXED_TIME,NONE,0.0,,
2288,fixed-time,3,12,5,0,40.0,0.0,NONE,NONE,False,NONE,FIXED_TIME,NONE,0.0,,
2289,fixed-time,3,13,6,0,46.0,0.0,NONE,NONE,False,NONE,FIXED_TIME,NONE,0.0,,
2290,fixed-time,3,14,7,0,53.0,0.0,NONE,NONE,False,NONE,FIXED_TIME,NONE,0.0,,
2291,fixed-time,3,15,7,0,60.0,0.0,NONE,NONE,False,NONE,FIXED_TIME,NONE,0.0,,
2292,fixed-time,3,16,7,0,67.0,0.0,NONE,NONE,False,NONE,FIXED_TIME,NONE,0.0,,
2293,fixed-time,3,17,7,0,74.0,0.0,NONE,NONE,False,NONE,FIXED_TIME,NONE,0.0,,
2294,fixed-time,3,18,7,0,81.0,0.0,NONE,NONE,False,NONE,FIXED_TIME,NONE,0.0,,
2295,fixed-time,3,19,9,0,90.0,0.0,NONE,NONE,False,NONE,FIXED_TIME,NONE,0.0,,
2296,fixed-time,3,20,9,0,99.0,0.0,NONE,NONE,False,NONE,FIXED_TIME,NONE,0.0,,
2297,fixed-time,3,21,9,0,108.0,0.0,NONE,NONE,False,NONE,FIXED_TIME,NONE,0.0,,
2298,fixed-time,3,22,9,0,117.0,0.0,NONE,NONE,False,NONE,FIXED_TIME,NONE,0.0,,
2299,fixed-time,3,23,9,0,126.0,0.0,NONE,NONE,False,NONE,FIXED_TIME,NONE,0.0,,
2300,fixed-time,3,24,10,0,136.0,0.0,NONE,NONE,False,NONE,FIXED_TIME,NONE,0.0,,
2301,fixed-time,3,25,10,0,146.0,0.0,NONE,NONE,False,NONE,FIXED_TIME,NONE,0.0,,
2302,fixed-time,3,26,11,0,157.0,0.0,NONE,NONE,False,NONE,FIXED_TIME,NONE,0.0,,
2303,fixed-time,3,27,11,0,168.0,0.0,NONE,NONE,False,NONE,FIXED_TIME,NONE,0.0,,
2304,fixed-time,3,28,11,0,179.0,0.0,NONE,NONE,False,NONE,FIXED_TIME,NONE,0.0,,
2305,fixed-time,3,29,12,0,191.0,0.0,NONE,NONE,False,NONE,FIXED_TIME,NONE,0.0,,
2306,fixed-time,4,0,13,0,204.0,0.0,NONE,NONE,False,NONE,FIXED_TIME,NONE,0.0,,
2307,fixed-time,4,1,13,0,217.0,0.0,NONE,NONE,False,NONE,FIXED_TIME,NONE,0.0,,
2308,fixed-time,4,2,13,0,230.0,0.0,NONE,NONE,False,NONE,FIXED_TIME,NONE,0.0,,
2309,fixed-time,5,0,13,0,243.0,0.0,NONE,NONE,False,NONE,FIXED_TIME,NONE,0.0,,
2310,fixed-time,5,1,14,0,257.0,0.0,NONE,NONE,False,NONE,FIXED_TIME,NONE,0.0,,
2311,fixed-time,0,0,12,0,201.0,0.0,NONE,NONE,False,NONE,FIXED_TIME,NONE,0.0,,
2312,fixed-time,0,1,11,2,153.0,2.0,NONE,NONE,False,NONE,FIXED_TIME,NONE,0.0,,
2313,fixed-time,0,2,9,2,111.0,4.0,NONE,NONE,False,NONE,FIXED_TIME,NONE,0.0,,
2314,fixed-time,0,3,7,2,75.0,6.0,NONE,NONE,False,NONE,FIXED_TIME,NONE,0.0,,
2315,fixed-time,0,4,5,2,45.0,8.0,NONE,NONE,False,NONE,FIXED_TIME,NONE,0.0,,
2316,fixed-time,0,5,3,2,24.0,10.0,NONE,NONE,False,NONE,FIXED_TIME,NONE,0.0,,
2317,fixed-time,0,6,3,4,10.0,14.0,NONE,NONE,False,NONE,FIXED_TIME,NONE,0.0,,
2318,fixed-time,0,7,1,4,2.0,18.0,NONE,NONE,False,NONE,FIXED_TIME,NONE,0.0,,
2319,fixed-time,0,8,0,4,0.0,22.0,NONE,NONE,False,NONE,FIXED_TIME,NONE,0.0,,
2320,fixed-time,0,9,0,4,0.0,26.0,NONE,NONE,False,NONE,FIXED_TIME,NONE,0.0,,
2321,fixed-time,0,10,0,4,0.0,30.0,NONE,NONE,False,NONE,FIXED_TIME,NONE,0.0,,
2322,fixed-time,0,11,0,4,0.0,34.0,NONE,NONE,False,NONE,FIXED_TIME,NONE,0.0,,
2323,fixed-time,0,12,0,4,0.0,38.0,NONE,NONE,False,NONE,FIXED_TIME,NONE,0.0,,
2324,fixed-time,0,13,0,6,0.0,44.0,NONE,NONE,False,NONE,FIXED_TIME,NONE,0.0,,
2325,fixed-time,0,14,0,6,0.0,50.0,NONE,NONE,False,NONE,FIXED_TIME,NONE,0.0,,
2326,fixed-time,0,15,0,6,0.0,56.0,NONE,NONE,False,NONE,FIXED_TIME,NONE,0.0,,
2327,fixed-time,0,16,0,6,0.0,62.0,NONE,NONE,False,NONE,FIXED_TIME,NONE,0.0,,
2328,fixed-time,0,17,0,8,0.0,70.0,NONE,NONE,False,NONE,FIXED_TIME,NONE,0.0,,
2329,fixed-time,0,18,0,8,0.0,78.0,NONE,NONE,False,NONE,FIXED_TIME,NONE,0.0,,
2330,fixed-time,0,19,0,8,0.0,86.0,NONE,NONE,False,NONE,FIXED_TIME,NONE,0.0,,
2331,fixed-time,0,20,0,8,0.0,94.0,NONE,NONE,False,NONE,FIXED_TIME,NONE,0.0,,
2332,fixed-time,0,21,0,8,0.0,102.0,NONE,NONE,False,NONE,FIXED_TIME,NONE,0.0,,
2333,fixed-time,0,22,0,8,0.0,110.0,NONE,NONE,False,NONE,FIXED_TIME,NONE,0.0,,
2334,fixed-time,0,23,0,8,0.0,118.0,NONE,NONE,False,NONE,FIXED_TIME,NONE,0.0,,
2335,fixed-time,0,24,0,10,0.0,128.0,NONE,NONE,False,NONE,FIXED_TIME,NONE,0.0,,
2336,fixed-time,0,25,0,10,0.0,138.0,NONE,NONE,False,NONE,FIXED_TIME,NONE,0.0,,
2337,fixed-time,0,26,0,10,0.0,148.0,NONE,NONE,False,NONE,FIXED_TIME,NONE,0.0,,
2338,fixed-time,0,27,0,10,0.0,158.0,NONE,NONE,False,NONE,FIXED_TIME,NONE,0.0,,
2339,fixed-time,0,28,0,12,0.0,170.0,NONE,NONE,False,NONE,FIXED_TIME,NONE,0.0,,
2340,fixed-time,0,29,0,12,0.0,182.0,NONE,NONE,False,NONE,FIXED_TIME,NONE,0.0,,
2341,fixed-time,1,0,0,12,0.0,194.0,NONE,NONE,False,NONE,FIXED_TIME,NONE,0.0,,
2342,fixed-time,1,1,0,12,0.0,206.0,NONE,NONE,False,NONE,FIXED_TIME,NONE,0.0,,
2343,fixed-time,1,2,0,12,0.0,218.0,NONE,NONE,False,NONE,FIXED_TIME,NONE,0.0,,
2344,fixed-time,2,0,0,13,0.0,231.0,NONE,NONE,False,NONE,FIXED_TIME,NONE,0.0,,
2345,fixed-time,2,1,1,14,1.0,245.0,NONE,NONE,False,NONE,FIXED_TIME,NONE,0.0,,
2346,fixed-time,3,0,1,12,2.0,189.0,NONE,NONE,False,NONE,FIXED_TIME,NONE,0.0,,
2347,fixed-time,3,1,2,10,4.0,139.0,NONE,NONE,False,NONE,FIXED_TIME,NONE,0.0,,
2348,fixed-time,3,2,2,8,6.0,99.0,NONE,NONE,False,NONE,FIXED_TIME,NONE,0.0,,
2349,fixed-time,3,3,2,6,8.0,63.0,NONE,NONE,False,NONE,FIXED_TIME,NONE,0.0,,
2350,fixed-time,3,4,3,6,11.0,39.0,NONE,NONE,False,NONE,FIXED_TIME,NONE,0.0,,
2351,fixed-time,3,5,4,4,15.0,19.0,NONE,NONE,False,NONE,FIXED_TIME,NONE,0.0,,
2352,fixed-time,3,6,4,2,19.0,6.0,NONE,NONE,False,NONE,FIXED_TIME,NONE,0.0,,
2353,fixed-time,3,7,4,0,23.0,0.0,NONE,NONE,False,NONE,FIXED_TIME,NONE,0.0,,
2354,fixed-time,3,8,4,0,27.0,0.0,NONE,NONE,False,NONE,FIXED_TIME,NONE,0.0,,
2355,fixed-time,3,9,4,0,31.0,0.0,NONE,NONE,False,NONE,FIXED_TIME,NONE,0.0,,
2356,fixed-time,3,10,5,0,36.0,0.0,NONE,NONE,False,NONE,FIXED_TIME,NONE,0.0,,
2357,fixed-time,3,11,6,0,42.0,0.0,NONE,NONE,False,NONE,FIXED_TIME,NONE,0.0,,
2358,fixed-time,3,12,6,0,48.0,0.0,NONE,NONE,False,NONE,FIXED_TIME,NONE,0.0,,
2359,fixed-time,3,13,6,0,54.0,0.0,NONE,NONE,False,NONE,FIXED_TIME,NONE,0.0,,
2360,fixed-time,3,14,6,0,60.0,0.0,NONE,NONE,False,NONE,FIXED_TIME,NONE,0.0,,
2361,fixed-time,3,15,6,0,66.0,0.0,NONE,NONE,False,NONE,FIXED_TIME,NONE,0.0,,
2362,fixed-time,3,16,7,0,73.0,0.0,NONE,NONE,False,NONE,FIXED_TIME,NONE,0.0,,
2363,fixed-time,3,17,7,0,80.0,0.0,NONE,NONE,False,NONE,FIXED_TIME,NONE,0.0,,
2364,fixed-time,3,18,8,0,88.0,0.0,NONE,NONE,False,NONE,FIXED_TIME,NONE,0.0,,
2365,fixed-time,3,19,8,0,96.0,0.0,NONE,NONE,False,NONE,FIXED_TIME,NONE,0.0,,
2366,fixed-time,3,20,8,0,104.0,0.0,NONE,NONE,False,NONE,FIXED_TIME,NONE,0.0,,
2367,fixed-time,3,21,9,0,113.0,0.0,NONE,NONE,False,NONE,FIXED_TIME,NONE,0.0,,
2368,fixed-time,3,22,10,0,123.0,0.0,NONE,NONE,False,NONE,FIXED_TIME,NONE,0.0,,
2369,fixed-time,3,23,10,0,133.0,0.0,NONE,NONE,False,NONE,FIXED_TIME,NONE,0.0,,
2370,fixed-time,3,24,10,0,143.0,0.0,NONE,NONE,False,NONE,FIXED_TIME,NONE,0.0,,
2371,fixed-time,3,25,10,0,153.0,0.0,NONE,NONE,False,NONE,FIXED_TIME,NONE,0.0,,
2372,fixed-time,3,26,11,0,164.0,0.0,NONE,NONE,False,NONE,FIXED_TIME,NONE,0.0,,
2373,fixed-time,3,27,12,0,176.0,0.0,NONE,NONE,False,NONE,FIXED_TIME,NONE,0.0,,
2374,fixed-time,3,28,12,0,188.0,0.0,NONE,NONE,False,NONE,FIXED_TIME,NONE,0.0,,
2375,fixed-time,3,29,12,0,200.0,0.0,NONE,NONE,False,NONE,FIXED_TIME,NONE,0.0,,
2376,fixed-time,4,0,12,0,212.0,0.0,NONE,NONE,False,NONE,FIXED_TIME,NONE,0.0,,
2377,fixed-time,4,1,14,0,226.0,0.0,NONE,NONE,False,NONE,FIXED_TIME,NONE,0.0,,
2378,fixed-time,4,2,14,0,240.0,0.0,NONE,NONE,False,NONE,FIXED_TIME,NONE,0.0,,
2379,fixed-time,5,0,14,0,254.0,0.0,NONE,NONE,False,NONE,FIXED_TIME,NONE,0.0,,
2380,fixed-time,5,1,14,0,268.0,0.0,NONE,NONE,False,NONE,FIXED_TIME,NONE,0.0,,
2381,fixed-time,0,0,12,2,210.0,2.0,NONE,NONE,False,NONE,FIXED_TIME,NONE,0.0,,
2382,fixed-time,0,1,10,2,157.0,4.0,NONE,NONE,False,NONE,FIXED_TIME,NONE,0.0,,
2383,fixed-time,0,2,9,2,113.0,6.0,NONE,NONE,False,NONE,FIXED_TIME,NONE,0.0,,
2384,fixed-time,0,3,8,2,79.0,8.0,NONE,NONE,False,NONE,FIXED_TIME,NONE,0.0,,
2385,fixed-time,0,4,6,2,50.0,10.0,NONE,NONE,False,NONE,FIXED_TIME,NONE,0.0,,
2386,fixed-time,0,5,4,4,27.0,14.0,NONE,NONE,False,NONE,FIXED_TIME,NONE,0.0,,
2387,fixed-time,0,6,2,4,9.0,18.0,NONE,NONE,False,NONE,FIXED_TIME,NONE,0.0,,
2388,fixed-time,0,7,0,4,0.0,22.0,NONE,NONE,False,NONE,FIXED_TIME,NONE,0.0,,
2389,fixed-time,0,8,0,4,0.0,26.0,NONE,NONE,False,NONE,FIXED_TIME,NONE,0.0,,
2390,fixed-time,0,9,0,4,0.0,30.0,NONE,NONE,False,NONE,FIXED_TIME,NONE,0.0,,
2391,fixed-time,0,10,0,4,0.0,34.0,NONE,NONE,False,NONE,FIXED_TIME,NONE,0.0,,
2392,fixed-time,0,11,0,6,0.0,40.0,NONE,NONE,False,NONE,FIXED_TIME,NONE,0.0,,
2393,fixed-time,0,12,0,6,0.0,46.0,NONE,NONE,False,NONE,FIXED_TIME,NONE,0.0,,
2394,fixed-time,0,13,0,6,0.0,52.0,NONE,NONE,False,NONE,FIXED_TIME,NONE,0.0,,
2395,fixed-time,0,14,0,6,0.0,58.0,NONE,NONE,False,NONE,FIXED_TIME,NONE,0.0,,
2396,fixed-time,0,15,0,6,0.0,64.0,NONE,NONE,False,NONE,FIXED_TIME,NONE,0.0,,
2397,fixed-time,0,16,0,6,0.0,70.0,NONE,NONE,False,NONE,FIXED_TIME,NONE,0.0,,
2398,fixed-time,0,17,0,7,0.0,77.0,NONE,NONE,False,NONE,FIXED_TIME,NONE,0.0,,
2399,fixed-time,0,18,0,8,0.0,85.0,NONE,NONE,False,NONE,FIXED_TIME,NONE,0.0,,
2400,fixed-time,0,19,0,8,0.0,93.0,NONE,NONE,False,NONE,FIXED_TIME,NONE,0.0,,
2401,fixed-time,0,20,0,8,0.0,101.0,NONE,NONE,False,NONE,FIXED_TIME,NONE,0.0,,
2402,fixed-time,0,21,0,9,0.0,110.0,NONE,NONE,False,NONE,FIXED_TIME,NONE,0.0,,
2403,fixed-time,0,22,0,10,0.0,120.0,NONE,NONE,False,NONE,FIXED_TIME,NONE,0.0,,
2404,fixed-time,0,23,0,10,0.0,130.0,NONE,NONE,False,NONE,FIXED_TIME,NONE,0.0,,
2405,fixed-time,0,24,0,10,0.0,140.0,NONE,NONE,False,NONE,FIXED_TIME,NONE,0.0,,
2406,fixed-time,0,25,0,10,0.0,150.0,NONE,NONE,False,NONE,FIXED_TIME,NONE,0.0,,
2407,fixed-time,0,26,0,10,0.0,160.0,NONE,NONE,False,NONE,FIXED_TIME,NONE,0.0,,
2408,fixed-time,0,27,0,10,0.0,170.0,NONE,NONE,False,NONE,FIXED_TIME,NONE,0.0,,
2409,fixed-time,0,28,0,11,0.0,181.0,NONE,NONE,False,NONE,FIXED_TIME,NONE,0.0,,
2410,fixed-time,0,29,0,11,0.0,192.0,NONE,NONE,False,NONE,FIXED_TIME,NONE,0.0,,
2411,fixed-time,1,0,0,12,0.0,204.0,NONE,NONE,False,NONE,FIXED_TIME,NONE,0.0,,
2412,fixed-time,1,1,0,12,0.0,216.0,NONE,NONE,False,NONE,FIXED_TIME,NONE,0.0,,
2413,fixed-time,1,2,0,12,0.0,228.0,NONE,NONE,False,NONE,FIXED_TIME,NONE,0.0,,
2414,fixed-time,2,0,0,13,0.0,241.0,NONE,NONE,False,NONE,FIXED_TIME,NONE,0.0,,
2415,fixed-time,2,1,0,13,0.0,254.0,NONE,NONE,False,NONE,FIXED_TIME,NONE,0.0,,
2416,fixed-time,3,0,0,12,0.0,196.0,NONE,NONE,False,NONE,FIXED_TIME,NONE,0.0,,
2417,fixed-time,3,1,1,10,1.0,144.0,NONE,NONE,False,NONE,FIXED_TIME,NONE,0.0,,
2418,fixed-time,3,2,2,8,3.0,100.0,NONE,NONE,False,NONE,FIXED_TIME,NONE,0.0,,
2419,fixed-time,3,3,2,6,5.0,65.0,NONE,NONE,False,NONE,FIXED_TIME,NONE,0.0,,
2420,fixed-time,3,4,2,4,7.0,34.0,NONE,NONE,False,NONE,FIXED_TIME,NONE,0.0,,
2421,fixed-time,3,5,2,3,9.0,15.0,NONE,NONE,False,NONE,FIXED_TIME,NONE,0.0,,
2422,fixed-time,3,6,4,2,13.0,3.0,NONE,NONE,False,NONE,FIXED_TIME,NONE,0.0,,
2423,fixed-time,3,7,4,1,17.0,3.0,NONE,NONE,False,NONE,FIXED_TIME,NONE,0.0,,
2424,fixed-time,3,8,4,0,21.0,0.0,NONE,NONE,False,NONE,FIXED_TIME,NONE,0.0,,
2425,fixed-time,3,9,4,0,25.0,0.0,NONE,NONE,False,NONE,FIXED_TIME,NONE,0.0,,
2426,fixed-time,3,10,4,0,29.0,0.0,NONE,NONE,False,NONE,FIXED_TIME,NONE,0.0,,
2427,fixed-time,3,11,4,0,33.0,0.0,NONE,NONE,False,NONE,FIXED_TIME,NONE,0.0,,
2428,fixed-time,3,12,5,0,38.0,0.0,NONE,NONE,False,NONE,FIXED_TIME,NONE,0.0,,
2429,fixed-time,3,13,5,0,43.0,0.0,NONE,NONE,False,NONE,FIXED_TIME,NONE,0.0,,
2430,fixed-time,3,14,6,0,49.0,0.0,NONE,NONE,False,NONE,FIXED_TIME,NONE,0.0,,
2431,fixed-time,3,15,6,0,55.0,0.0,NONE,NONE,False,NONE,FIXED_TIME,NONE,0.0,,
2432,fixed-time,3,16,6,0,61.0,0.0,NONE,NONE,False,NONE,FIXED_TIME,NONE,0.0,,
2433,fixed-time,3,17,6,0,67.0,0.0,NONE,NONE,False,NONE,FIXED_TIME,NONE,0.0,,
2434,fixed-time,3,18,6,0,73.0,0.0,NONE,NONE,False,NONE,FIXED_TIME,NONE,0.0,,
2435,fixed-time,3,19,8,0,81.0,0.0,NONE,NONE,False,NONE,FIXED_TIME,NONE,0.0,,
2436,fixed-time,3,20,8,0,89.0,0.0,NONE,NONE,False,NONE,FIXED_TIME,NONE,0.0,,
2437,fixed-time,3,21,8,0,97.0,0.0,NONE,NONE,False,NONE,FIXED_TIME,NONE,0.0,,
2438,fixed-time,3,22,8,0,105.0,0.0,NONE,NONE,False,NONE,FIXED_TIME,NONE,0.0,,
2439,fixed-time,3,23,10,0,115.0,0.0,NONE,NONE,False,NONE,FIXED_TIME,NONE,0.0,,
2440,fixed-time,3,24,10,0,125.0,0.0,NONE,NONE,False,NONE,FIXED_TIME,NONE,0.0,,
2441,fixed-time,3,25,10,0,135.0,0.0,NONE,NONE,False,NONE,FIXED_TIME,NONE,0.0,,
2442,fixed-time,3,26,10,0,145.0,0.0,NONE,NONE,False,NONE,FIXED_TIME,NONE,0.0,,
2443,fixed-time,3,27,10,0,155.0,0.0,NONE,NONE,False,NONE,FIXED_TIME,NONE,0.0,,
2444,fixed-time,3,28,11,0,166.0,0.0,NONE,NONE,False,NONE,FIXED_TIME,NONE,0.0,,
2445,fixed-time,3,29,12,0,178.0,0.0,NONE,NONE,False,NONE,FIXED_TIME,NONE,0.0,,
2446,fixed-time,4,0,12,0,190.0,0.0,NONE,NONE,False,NONE,FIXED_TIME,NONE,0.0,,
2447,fixed-time,4,1,12,0,202.0,0.0,NONE,NONE,False,NONE,FIXED_TIME,NONE,0.0,,
2448,fixed-time,4,2,12,0,214.0,0.0,NONE,NONE,False,NONE,FIXED_TIME,NONE,0.0,,
2449,fixed-time,5,0,13,0,227.0,0.0,NONE,NONE,False,NONE,FIXED_TIME,NONE,0.0,,
2450,fixed-time,5,1,14,0,241.0,0.0,NONE,NONE,False,NONE,FIXED_TIME,NONE,0.0,,
2451,fixed-time,0,0,12,0,186.0,0.0,NONE,NONE,False,NONE,FIXED_TIME,NONE,0.0,,
2452,fixed-time,0,1,10,0,136.0,0.0,NONE,NONE,False,NONE,FIXED_TIME,NONE,0.0,,
2453,fixed-time,0,2,8,0,96.0,0.0,NONE,NONE,False,NONE,FIXED_TIME,NONE,0.0,,
2454,fixed-time,0,3,7,0,65.0,0.0,NONE,NONE,False,NONE,FIXED_TIME,NONE,0.0,,
2455,fixed-time,0,4,5,0,38.0,0.0,NONE,NONE,False,NONE,FIXED_TIME,NONE,0.0,,
2456,fixed-time,0,5,3,1,18.0,1.0,NONE,NONE,False,NONE,FIXED_TIME,NONE,0.0,,
2457,fixed-time,0,6,2,2,5.0,3.0,NONE,NONE,False,NONE,FIXED_TIME,NONE,0.0,,
2458,fixed-time,0,7,0,2,0.0,5.0,NONE,NONE,False,NONE,FIXED_TIME,NONE,0.0,,
2459,fixed-time,0,8,0,2,0.0,7.0,NONE,NONE,False,NONE,FIXED_TIME,NONE,0.0,,
2460,fixed-time,0,9,0,2,0.0,9.0,NONE,NONE,False,NONE,FIXED_TIME,NONE,0.0,,
2461,fixed-time,0,10,0,2,0.0,11.0,NONE,NONE,False,NONE,FIXED_TIME,NONE,0.0,,
2462,fixed-time,0,11,0,3,0.0,14.0,NONE,NONE,False,NONE,FIXED_TIME,NONE,0.0,,
2463,fixed-time,0,12,0,4,0.0,18.0,NONE,NONE,False,NONE,FIXED_TIME,NONE,0.0,,
2464,fixed-time,0,13,0,4,0.0,22.0,NONE,NONE,False,NONE,FIXED_TIME,NONE,0.0,,
2465,fixed-time,0,14,0,4,0.0,26.0,NONE,NONE,False,NONE,FIXED_TIME,NONE,0.0,,
2466,fixed-time,0,15,0,5,0.0,31.0,NONE,NONE,False,NONE,FIXED_TIME,NONE,0.0,,
2467,fixed-time,0,16,0,5,0.0,36.0,NONE,NONE,False,NONE,FIXED_TIME,NONE,0.0,,
2468,fixed-time,0,17,0,6,0.0,42.0,NONE,NONE,False,NONE,FIXED_TIME,NONE,0.0,,
2469,fixed-time,0,18,0,6,0.0,48.0,NONE,NONE,False,NONE,FIXED_TIME,NONE,0.0,,
2470,fixed-time,0,19,0,6,0.0,54.0,NONE,NONE,False,NONE,FIXED_TIME,NONE,0.0,,
2471,fixed-time,0,20,0,6,0.0,60.0,NONE,NONE,False,NONE,FIXED_TIME,NONE,0.0,,
2472,fixed-time,0,21,0,6,0.0,66.0,NONE,NONE,False,NONE,FIXED_TIME,NONE,0.0,,
2473,fixed-time,0,22,0,6,0.0,72.0,NONE,NONE,False,NONE,FIXED_TIME,NONE,0.0,,
2474,fixed-time,0,23,0,7,0.0,79.0,NONE,NONE,False,NONE,FIXED_TIME,NONE,0.0,,
2475,fixed-time,0,24,0,8,0.0,87.0,NONE,NONE,False,NONE,FIXED_TIME,NONE,0.0,,
2476,fixed-time,0,25,0,8,0.0,95.0,NONE,NONE,False,NONE,FIXED_TIME,NONE,0.0,,
2477,fixed-time,0,26,0,8,0.0,103.0,NONE,NONE,False,NONE,FIXED_TIME,NONE,0.0,,
2478,fixed-time,0,27,0,10,0.0,113.0,NONE,NONE,False,NONE,FIXED_TIME,NONE,0.0,,
2479,fixed-time,0,28,0,10,0.0,123.0,NONE,NONE,False,NONE,FIXED_TIME,NONE,0.0,,
2480,fixed-time,0,29,0,10,0.0,133.0,NONE,NONE,False,NONE,FIXED_TIME,NONE,0.0,,
2481,fixed-time,1,0,0,10,0.0,143.0,NONE,NONE,False,NONE,FIXED_TIME,NONE,0.0,,
2482,fixed-time,1,1,0,10,0.0,153.0,NONE,NONE,False,NONE,FIXED_TIME,NONE,0.0,,
2483,fixed-time,1,2,0,10,0.0,163.0,NONE,NONE,False,NONE,FIXED_TIME,NONE,0.0,,
2484,fixed-time,2,0,1,12,1.0,175.0,NONE,NONE,False,NONE,FIXED_TIME,NONE,0.0,,
2485,fixed-time,2,1,1,12,2.0,187.0,NONE,NONE,False,NONE,FIXED_TIME,NONE,0.0,,
2486,fixed-time,3,0,1,10,3.0,138.0,NONE,NONE,False,NONE,FIXED_TIME,NONE,0.0,,
2487,fixed-time,3,1,1,8,4.0,97.0,NONE,NONE,False,NONE,FIXED_TIME,NONE,0.0,,
2488,fixed-time,3,2,1,6,5.0,61.0,NONE,NONE,False,NONE,FIXED_TIME,NONE,0.0,,
2489,fixed-time,3,3,3,4,8.0,36.0,NONE,NONE,False,NONE,FIXED_TIME,NONE,0.0,,
2490,fixed-time,3,4,3,2,11.0,14.0,NONE,NONE,False,NONE,FIXED_TIME,NONE,0.0,,
2491,fixed-time,3,5,3,1,14.0,1.0,NONE,NONE,False,NONE,FIXED_TIME,NONE,0.0,,
2492,fixed-time,3,6,3,0,17.0,0.0,NONE,NONE,False,NONE,FIXED_TIME,NONE,0.0,,
2493,fixed-time,3,7,3,0,20.0,0.0,NONE,NONE,False,NONE,FIXED_TIME,NONE,0.0,,
2494,fixed-time,3,8,4,0,24.0,0.0,NONE,NONE,False,NONE,FIXED_TIME,NONE,0.0,,
2495,fixed-time,3,9,5,0,29.0,0.0,NONE,NONE,False,NONE,FIXED_TIME,NONE,0.0,,
2496,fixed-time,3,10,5,0,34.0,0.0,NONE,NONE,False,NONE,FIXED_TIME,NONE,0.0,,
2497,fixed-time,3,11,5,0,39.0,0.0,NONE,NONE,False,NONE,FIXED_TIME,NONE,0.0,,
2498,fixed-time,3,12,5,0,44.0,0.0,NONE,NONE,False,NONE,FIXED_TIME,NONE,0.0,,
2499,fixed-time,3,13,5,0,49.0,0.0,NONE,NONE,False,NONE,FIXED_TIME,NONE,0.0,,
2500,fixed-time,3,14,6,0,55.0,0.0,NONE,NONE,False,NONE,FIXED_TIME,NONE,0.0,,
2501,fixed-time,3,15,7,0,62.0,0.0,NONE,NONE,False,NONE,FIXED_TIME,NONE,0.0,,
2502,fixed-time,3,16,7,0,69.0,0.0,NONE,NONE,False,NONE,FIXED_TIME,NONE,0.0,,
2503,fixed-time,3,17,7,0,76.0,0.0,NONE,NONE,False,NONE,FIXED_TIME,NONE,0.0,,
2504,fixed-time,3,18,7,0,83.0,0.0,NONE,NONE,False,NONE,FIXED_TIME,NONE,0.0,,
2505,fixed-time,3,19,8,0,91.0,0.0,NONE,NONE,False,NONE,FIXED_TIME,NONE,0.0,,
2506,fixed-time,3,20,9,0,100.0,0.0,NONE,NONE,False,NONE,FIXED_TIME,NONE,0.0,,
2507,fixed-time,3,21,9,0,109.0,0.0,NONE,NONE,False,NONE,FIXED_TIME,NONE,0.0,,
2508,fixed-time,3,22,9,0,118.0,0.0,NONE,NONE,False,NONE,FIXED_TIME,NONE,0.0,,
2509,fixed-time,3,23,9,0,127.0,0.0,NONE,NONE,False,NONE,FIXED_TIME,NONE,0.0,,
2510,fixed-time,3,24,10,0,137.0,0.0,NONE,NONE,False,NONE,FIXED_TIME,NONE,0.0,,
2511,fixed-time,3,25,11,0,148.0,0.0,NONE,NONE,False,NONE,FIXED_TIME,NONE,0.0,,
2512,fixed-time,3,26,11,0,159.0,0.0,NONE,NONE,False,NONE,FIXED_TIME,NONE,0.0,,
2513,fixed-time,3,27,11,0,170.0,0.0,NONE,NONE,False,NONE,FIXED_TIME,NONE,0.0,,
2514,fixed-time,3,28,11,0,181.0,0.0,NONE,NONE,False,NONE,FIXED_TIME,NONE,0.0,,
2515,fixed-time,3,29,11,0,192.0,0.0,NONE,NONE,False,NONE,FIXED_TIME,NONE,0.0,,
2516,fixed-time,4,0,13,0,205.0,0.0,NONE,NONE,False,NONE,FIXED_TIME,NONE,0.0,,
2517,fixed-time,4,1,13,0,218.0,0.0,NONE,NONE,False,NONE,FIXED_TIME,NONE,0.0,,
2518,fixed-time,4,2,13,0,231.0,0.0,NONE,NONE,False,NONE,FIXED_TIME,NONE,0.0,,
2519,fixed-time,5,0,13,0,244.0,0.0,NONE,NONE,False,NONE,FIXED_TIME,NONE,0.0,,
2520,fixed-time,5,1,13,0,257.0,0.0,NONE,NONE,False,NONE,FIXED_TIME,NONE,0.0,,
2521,fixed-time,0,0,12,0,200.0,0.0,NONE,NONE,False,NONE,FIXED_TIME,NONE,0.0,,
2522,fixed-time,0,1,11,0,151.0,0.0,NONE,NONE,False,NONE,FIXED_TIME,NONE,0.0,,
2523,fixed-time,0,2,9,0,109.0,0.0,NONE,NONE,False,NONE,FIXED_TIME,NONE,0.0,,
2524,fixed-time,0,3,7,0,74.0,0.0,NONE,NONE,False,NONE,FIXED_TIME,NONE,0.0,,
2525,fixed-time,0,4,5,0,45.0,0.0,NONE,NONE,False,NONE,FIXED_TIME,NONE,0.0,,
2526,fixed-time,0,5,4,1,23.0,1.0,NONE,NONE,False,NONE,FIXED_TIME,NONE,0.0,,
2527,fixed-time,0,6,3,1,10.0,2.0,NONE,NONE,False,NONE,FIXED_TIME,NONE,0.0,,
2528,fixed-time,0,7,2,2,5.0,4.0,NONE,NONE,False,NONE,FIXED_TIME,NONE,0.0,,
2529,fixed-time,0,8,0,2,0.0,6.0,NONE,NONE,False,NONE,FIXED_TIME,NONE,0.0,,
2530,fixed-time,0,9,0,2,0.0,8.0,NONE,NONE,False,NONE,FIXED_TIME,NONE,0.0,,
2531,fixed-time,0,10,0,3,0.0,11.0,NONE,NONE,False,NONE,FIXED_TIME,NONE,0.0,,
2532,fixed-time,0,11,0,4,0.0,15.0,NONE,NONE,False,NONE,FIXED_TIME,NONE,0.0,,
2533,fixed-time,0,12,0,4,0.0,19.0,NONE,NONE,False,NONE,FIXED_TIME,NONE,0.0,,
2534,fixed-time,0,13,0,4,0.0,23.0,NONE,NONE,False,NONE,FIXED_TIME,NONE,0.0,,
2535,fixed-time,0,14,0,4,0.0,27.0,NONE,NONE,False,NONE,FIXED_TIME,NONE,0.0,,
2536,fixed-time,0,15,0,4,0.0,31.0,NONE,NONE,False,NONE,FIXED_TIME,NONE,0.0,,
2537,fixed-time,0,16,0,6,0.0,37.0,NONE,NONE,False,NONE,FIXED_TIME,NONE,0.0,,
2538,fixed-time,0,17,0,6,0.0,43.0,NONE,NONE,False,NONE,FIXED_TIME,NONE,0.0,,
2539,fixed-time,0,18,0,6,0.0,49.0,NONE,NONE,False,NONE,FIXED_TIME,NONE,0.0,,
2540,fixed-time,0,19,0,6,0.0,55.0,NONE,NONE,False,NONE,FIXED_TIME,NONE,0.0,,
2541,fixed-time,0,20,0,6,0.0,61.0,NONE,NONE,False,NONE,FIXED_TIME,NONE,0.0,,
2542,fixed-time,0,21,0,6,0.0,67.0,NONE,NONE,False,NONE,FIXED_TIME,NONE,0.0,,
2543,fixed-time,0,22,0,8,0.0,75.0,NONE,NONE,False,NONE,FIXED_TIME,NONE,0.0,,
2544,fixed-time,0,23,0,8,0.0,83.0,NONE,NONE,False,NONE,FIXED_TIME,NONE,0.0,,
2545,fixed-time,0,24,0,8,0.0,91.0,NONE,NONE,False,NONE,FIXED_TIME,NONE,0.0,,
2546,fixed-time,0,25,0,8,0.0,99.0,NONE,NONE,False,NONE,FIXED_TIME,NONE,0.0,,
2547,fixed-time,0,26,0,8,0.0,107.0,NONE,NONE,False,NONE,FIXED_TIME,NONE,0.0,,
2548,fixed-time,0,27,0,8,0.0,115.0,NONE,NONE,False,NONE,FIXED_TIME,NONE,0.0,,
2549,fixed-time,0,28,0,9,0.0,124.0,NONE,NONE,False,NONE,FIXED_TIME,NONE,0.0,,
2550,fixed-time,0,29,0,10,0.0,134.0,NONE,NONE,False,NONE,FIXED_TIME,NONE,0.0,,
2551,fixed-time,1,0,0,10,0.0,144.0,NONE,NONE,False,NONE,FIXED_TIME,NONE,0.0,,
2552,fixed-time,1,1,0,10,0.0,154.0,NONE,NONE,False,NONE,FIXED_TIME,NONE,0.0,,
2553,fixed-time,1,2,0,10,0.0,164.0,NONE,NONE,False,NONE,FIXED_TIME,NONE,0.0,,
2554,fixed-time,2,0,1,10,1.0,174.0,NONE,NONE,False,NONE,FIXED_TIME,NONE,0.0,,
2555,fixed-time,2,1,2,12,3.0,186.0,NONE,NONE,False,NONE,FIXED_TIME,NONE,0.0,,
2556,fixed-time,3,0,2,10,5.0,138.0,NONE,NONE,False,NONE,FIXED_TIME,NONE,0.0,,
2557,fixed-time,3,1,2,8,7.0,95.0,NONE,NONE,False,NONE,FIXED_TIME,NONE,0.0,,
2558,fixed-time,3,2,2,6,9.0,59.0,NONE,NONE,False,NONE,FIXED_TIME,NONE,0.0,,
2559,fixed-time,3,3,2,5,11.0,32.0,NONE,NONE,False,NONE,FIXED_TIME,NONE,0.0,,
2560,fixed-time,3,4,2,4,13.0,15.0,NONE,NONE,False,NONE,FIXED_TIME,NONE,0.0,,
2561,fixed-time,3,5,4,2,17.0,5.0,NONE,NONE,False,NONE,FIXED_TIME,NONE,0.0,,
2562,fixed-time,3,6,4,0,21.0,0.0,NONE,NONE,False,NONE,FIXED_TIME,NONE,0.0,,
2563,fixed-time,3,7,4,0,25.0,0.0,NONE,NONE,False,NONE,FIXED_TIME,NONE,0.0,,
2564,fixed-time,3,8,4,0,29.0,0.0,NONE,NONE,False,NONE,FIXED_TIME,NONE,0.0,,
2565,fixed-time,3,9,4,0,33.0,0.0,NONE,NONE,False,NONE,FIXED_TIME,NONE,0.0,,
2566,fixed-time,3,10,6,0,39.0,0.0,NONE,NONE,False,NONE,FIXED_TIME,NONE,0.0,,
2567,fixed-time,3,11,6,0,45.0,0.0,NONE,NONE,False,NONE,FIXED_TIME,NONE,0.0,,
2568,fixed-time,3,12,6,0,51.0,0.0,NONE,NONE,False,NONE,FIXED_TIME,NONE,0.0,,
2569,fixed-time,3,13,6,0,57.0,0.0,NONE,NONE,False,NONE,FIXED_TIME,NONE,0.0,,
2570,fixed-time,3,14,6,0,63.0,0.0,NONE,NONE,False,NONE,FIXED_TIME,NONE,0.0,,
2571,fixed-time,3,15,8,0,71.0,0.0,NONE,NONE,False,NONE,FIXED_TIME,NONE,0.0,,
2572,fixed-time,3,16,8,0,79.0,0.0,NONE,NONE,False,NONE,FIXED_TIME,NONE,0.0,,
2573,fixed-time,3,17,8,0,87.0,0.0,NONE,NONE,False,NONE,FIXED_TIME,NONE,0.0,,
2574,fixed-time,3,18,8,0,95.0,0.0,NONE,NONE,False,NONE,FIXED_TIME,NONE,0.0,,
2575,fixed-time,3,19,8,0,103.0,0.0,NONE,NONE,False,NONE,FIXED_TIME,NONE,0.0,,
2576,fixed-time,3,20,9,0,112.0,0.0,NONE,NONE,False,NONE,FIXED_TIME,NONE,0.0,,
2577,fixed-time,3,21,9,0,121.0,0.0,NONE,NONE,False,NONE,FIXED_TIME,NONE,0.0,,
2578,fixed-time,3,22,10,0,131.0,0.0,NONE,NONE,False,NONE,FIXED_TIME,NONE,0.0,,
2579,fixed-time,3,23,10,0,141.0,0.0,NONE,NONE,False,NONE,FIXED_TIME,NONE,0.0,,
2580,fixed-time,3,24,10,0,151.0,0.0,NONE,NONE,False,NONE,FIXED_TIME,NONE,0.0,,
2581,fixed-time,3,25,11,0,162.0,0.0,NONE,NONE,False,NONE,FIXED_TIME,NONE,0.0,,
2582,fixed-time,3,26,11,0,173.0,0.0,NONE,NONE,False,NONE,FIXED_TIME,NONE,0.0,,
2583,fixed-time,3,27,11,0,184.0,0.0,NONE,NONE,False,NONE,FIXED_TIME,NONE,0.0,,
2584,fixed-time,3,28,11,0,195.0,0.0,NONE,NONE,False,NONE,FIXED_TIME,NONE,0.0,,
2585,fixed-time,3,29,11,0,206.0,0.0,NONE,NONE,False,NONE,FIXED_TIME,NONE,0.0,,
2586,fixed-time,4,0,12,0,218.0,0.0,NONE,NONE,False,NONE,FIXED_TIME,NONE,0.0,,
2587,fixed-time,4,1,12,0,230.0,0.0,NONE,NONE,False,NONE,FIXED_TIME,NONE,0.0,,
2588,fixed-time,4,2,13,0,243.0,0.0,NONE,NONE,False,NONE,FIXED_TIME,NONE,0.0,,
2589,fixed-time,5,0,14,0,257.0,0.0,NONE,NONE,False,NONE,FIXED_TIME,NONE,0.0,,
2590,fixed-time,5,1,14,0,271.0,0.0,NONE,NONE,False,NONE,FIXED_TIME,NONE,0.0,,
2591,fixed-time,0,0,12,0,210.0,0.0,NONE,NONE,False,NONE,FIXED_TIME,NONE,0.0,,
2592,fixed-time,0,1,10,0,158.0,0.0,NONE,NONE,False,NONE,FIXED_TIME,NONE,0.0,,
2593,fixed-time,0,2,9,0,113.0,0.0,NONE,NONE,False,NONE,FIXED_TIME,NONE,0.0,,
2594,fixed-time,0,3,8,0,75.0,0.0,NONE,NONE,False,NONE,FIXED_TIME,NONE,0.0,,
2595,fixed-time,0,4,6,1,45.0,1.0,NONE,NONE,False,NONE,FIXED_TIME,NONE,0.0,,
2596,fixed-time,0,5,4,2,24.0,3.0,NONE,NONE,False,NONE,FIXED_TIME,NONE,0.0,,
2597,fixed-time,0,6,2,2,9.0,5.0,NONE,NONE,False,NONE,FIXED_TIME,NONE,0.0,,
2598,fixed-time,0,7,0,2,0.0,7.0,NONE,NONE,False,NONE,FIXED_TIME,NONE,0.0,,
2599,fixed-time,0,8,0,2,0.0,9.0,NONE,NONE,False,NONE,FIXED_TIME,NONE,0.0,,
2600,fixed-time,0,9,0,2,0.0,11.0,NONE,NONE,False,NONE,FIXED_TIME,NONE,0.0,,
2601,fixed-time,0,10,0,3,0.0,14.0,NONE,NONE,False,NONE,FIXED_TIME,NONE,0.0,,
2602,fixed-time,0,11,0,3,0.0,17.0,NONE,NONE,False,NONE,FIXED_TIME,NONE,0.0,,
2603,fixed-time,0,12,0,4,0.0,21.0,NONE,NONE,False,NONE,FIXED_TIME,NONE,0.0,,
2604,fixed-time,0,13,0,4,0.0,25.0,NONE,NONE,False,NONE,FIXED_TIME,NONE,0.0,,
2605,fixed-time,0,14,0,4,0.0,29.0,NONE,NONE,False,NONE,FIXED_TIME,NONE,0.0,,
2606,fixed-time,0,15,0,4,0.0,33.0,NONE,NONE,False,NONE,FIXED_TIME,NONE,0.0,,
2607,fixed-time,0,16,0,5,0.0,38.0,NONE,NONE,False,NONE,FIXED_TIME,NONE,0.0,,
2608,fixed-time,0,17,0,6,0.0,44.0,NONE,NONE,False,NONE,FIXED_TIME,NONE,0.0,,
2609,fixed-time,0,18,0,6,0.0,50.0,NONE,NONE,False,NONE,FIXED_TIME,NONE,0.0,,
2610,fixed-time,0,19,0,6,0.0,56.0,NONE,NONE,False,NONE,FIXED_TIME,NONE,0.0,,
2611,fixed-time,0,20,0,6,0.0,62.0,NONE,NONE,False,NONE,FIXED_TIME,NONE,0.0,,
2612,fixed-time,0,21,0,8,0.0,70.0,NONE,NONE,False,NONE,FIXED_TIME,NONE,0.0,,
2613,fixed-time,0,22,0,8,0.0,78.0,NONE,NONE,False,NONE,FIXED_TIME,NONE,0.0,,
2614,fixed-time,0,23,0,8,0.0,86.0,NONE,NONE,False,NONE,FIXED_TIME,NONE,0.0,,
2615,fixed-time,0,24,0,8,0.0,94.0,NONE,NONE,False,NONE,FIXED_TIME,NONE,0.0,,
2616,fixed-time,0,25,0,8,0.0,102.0,NONE,NONE,False,NONE,FIXED_TIME,NONE,0.0,,
2617,fixed-time,0,26,0,10,0.0,112.0,NONE,NONE,False,NONE,FIXED_TIME,NONE,0.0,,
2618,fixed-time,0,27,0,10,0.0,122.0,NONE,NONE,False,NONE,FIXED_TIME,NONE,0.0,,
2619,fixed-time,0,28,0,10,0.0,132.0,NONE,NONE,False,NONE,FIXED_TIME,NONE,0.0,,
2620,fixed-time,0,29,0,10,0.0,142.0,NONE,NONE,False,NONE,FIXED_TIME,NONE,0.0,,
2621,fixed-time,1,0,0,10,0.0,152.0,NONE,NONE,False,NONE,FIXED_TIME,NONE,0.0,,
2622,fixed-time,1,1,0,10,0.0,162.0,NONE,NONE,False,NONE,FIXED_TIME,NONE,0.0,,
2623,fixed-time,1,2,0,11,0.0,173.0,NONE,NONE,False,NONE,FIXED_TIME,NONE,0.0,,
2624,fixed-time,2,0,0,12,0.0,185.0,NONE,NONE,False,NONE,FIXED_TIME,NONE,0.0,,
2625,fixed-time,2,1,0,12,0.0,197.0,NONE,NONE,False,NONE,FIXED_TIME,NONE,0.0,,
2626,fixed-time,3,0,0,10,0.0,146.0,NONE,NONE,False,NONE,FIXED_TIME,NONE,0.0,,
2627,fixed-time,3,1,1,8,1.0,104.0,NONE,NONE,False,NONE,FIXED_TIME,NONE,0.0,,
2628,fixed-time,3,2,2,6,3.0,69.0,NONE,NONE,False,NONE,FIXED_TIME,NONE,0.0,,
2629,fixed-time,3,3,2,5,5.0,40.0,NONE,NONE,False,NONE,FIXED_TIME,NONE,0.0,,
2630,fixed-time,3,4,2,4,7.0,18.0,NONE,NONE,False,NONE,FIXED_TIME,NONE,0.0,,
2631,fixed-time,3,5,2,2,9.0,5.0,NONE,NONE,False,NONE,FIXED_TIME,NONE,0.0,,
2632,fixed-time,3,6,2,0,11.0,0.0,NONE,NONE,False,NONE,FIXED_TIME,NONE,0.0,,
2633,fixed-time,3,7,3,0,14.0,0.0,NONE,NONE,False,NONE,FIXED_TIME,NONE,0.0,,
2634,fixed-time,3,8,4,0,18.0,0.0,NONE,NONE,False,NONE,FIXED_TIME,NONE,0.0,,
2635,fixed-time,3,9,4,0,22.0,0.0,NONE,NONE,False,NONE,FIXED_TIME,NONE,0.0,,
2636,fixed-time,3,10,4,0,26.0,0.0,NONE,NONE,False,NONE,FIXED_TIME,NONE,0.0,,
2637,fixed-time,3,11,4,0,30.0,0.0,NONE,NONE,False,NONE,FIXED_TIME,NONE,0.0,,
2638,fixed-time,3,12,5,0,35.0,0.0,NONE,NONE,False,NONE,FIXED_TIME,NONE,0.0,,
2639,fixed-time,3,13,5,0,40.0,0.0,NONE,NONE,False,NONE,FIXED_TIME,NONE,0.0,,
2640,fixed-time,3,14,5,0,45.0,0.0,NONE,NONE,False,NONE,FIXED_TIME,NONE,0.0,,
2641,fixed-time,3,15,6,0,51.0,0.0,NONE,NONE,False,NONE,FIXED_TIME,NONE,0.0,,
2642,fixed-time,3,16,6,0,57.0,0.0,NONE,NONE,False,NONE,FIXED_TIME,NONE,0.0,,
2643,fixed-time,3,17,6,0,63.0,0.0,NONE,NONE,False,NONE,FIXED_TIME,NONE,0.0,,
2644,fixed-time,3,18,7,0,70.0,0.0,NONE,NONE,False,NONE,FIXED_TIME,NONE,0.0,,
2645,fixed-time,3,19,8,0,78.0,0.0,NONE,NONE,False,NONE,FIXED_TIME,NONE,0.0,,
2646,fixed-time,3,20,8,0,86.0,0.0,NONE,NONE,False,NONE,FIXED_TIME,NONE,0.0,,
2647,fixed-time,3,21,8,0,94.0,0.0,NONE,NONE,False,NONE,FIXED_TIME,NONE,0.0,,
2648,fixed-time,3,22,8,0,102.0,0.0,NONE,NONE,False,NONE,FIXED_TIME,NONE,0.0,,
2649,fixed-time,3,23,9,0,111.0,0.0,NONE,NONE,False,NONE,FIXED_TIME,NONE,0.0,,
2650,fixed-time,3,24,9,0,120.0,0.0,NONE,NONE,False,NONE,FIXED_TIME,NONE,0.0,,
2651,fixed-time,3,25,10,0,130.0,0.0,NONE,NONE,False,NONE,FIXED_TIME,NONE,0.0,,
2652,fixed-time,3,26,10,0,140.0,0.0,NONE,NONE,False,NONE,FIXED_TIME,NONE,0.0,,
2653,fixed-time,3,27,10,0,150.0,0.0,NONE,NONE,False,NONE,FIXED_TIME,NONE,0.0,,
2654,fixed-time,3,28,10,0,160.0,0.0,NONE,NONE,False,NONE,FIXED_TIME,NONE,0.0,,
2655,fixed-time,3,29,12,0,172.0,0.0,NONE,NONE,False,NONE,FIXED_TIME,NONE,0.0,,
2656,fixed-time,4,0,12,0,184.0,0.0,NONE,NONE,False,NONE,FIXED_TIME,NONE,0.0,,
2657,fixed-time,4,1,12,0,196.0,0.0,NONE,NONE,False,NONE,FIXED_TIME,NONE,0.0,,
2658,fixed-time,4,2,12,0,208.0,0.0,NONE,NONE,False,NONE,FIXED_TIME,NONE,0.0,,
2659,fixed-time,5,0,12,0,220.0,0.0,NONE,NONE,False,NONE,FIXED_TIME,NONE,0.0,,
2660,fixed-time,5,1,13,0,233.0,0.0,NONE,NONE,False,NONE,FIXED_TIME,NONE,0.0,,
2661,fixed-time,0,0,12,0,178.0,0.0,NONE,NONE,False,NONE,FIXED_TIME,NONE,0.0,,
2662,fixed-time,0,1,10,0,131.0,0.0,NONE,NONE,False,NONE,FIXED_TIME,NONE,0.0,,
2663,fixed-time,0,2,8,0,92.0,0.0,NONE,NONE,False,NONE,FIXED_TIME,NONE,0.0,,
2664,fixed-time,0,3,6,1,59.0,1.0,NONE,NONE,False,NONE,FIXED_TIME,NONE,0.0,,
2665,fixed-time,0,4,5,2,34.0,3.0,NONE,NONE,False,NONE,FIXED_TIME,NONE,0.0,,
2666,fixed-time,0,5,4,2,16.0,5.0,NONE,NONE,False,NONE,FIXED_TIME,NONE,0.0,,
2667,fixed-time,0,6,2,2,5.0,7.0,NONE,NONE,False,NONE,FIXED_TIME,NONE,0.0,,
2668,fixed-time,0,7,0,2,0.0,9.0,NONE,NONE,False,NONE,FIXED_TIME,NONE,0.0,,
2669,fixed-time,0,8,0,2,0.0,11.0,NONE,NONE,False,NONE,FIXED_TIME,NONE,0.0,,
2670,fixed-time,0,9,0,3,0.0,14.0,NONE,NONE,False,NONE,FIXED_TIME,NONE,0.0,,
2671,fixed-time,0,10,0,3,0.0,17.0,NONE,NONE,False,NONE,FIXED_TIME,NONE,0.0,,
2672,fixed-time,0,11,0,4,0.0,21.0,NONE,NONE,False,NONE,FIXED_TIME,NONE,0.0,,
2673,fixed-time,0,12,0,4,0.0,25.0,NONE,NONE,False,NONE,FIXED_TIME,NONE,0.0,,
2674,fixed-time,0,13,0,4,0.0,29.0,NONE,NONE,False,NONE,FIXED_TIME,NONE,0.0,,
2675,fixed-time,0,14,0,5,0.0,34.0,NONE,NONE,False,NONE,FIXED_TIME,NONE,0.0,,
2676,fixed-time,0,15,0,5,0.0,39.0,NONE,NONE,False,NONE,FIXED_TIME,NONE,0.0,,
2677,fixed-time,0,16,0,6,0.0,45.0,NONE,NONE,False,NONE,FIXED_TIME,NONE,0.0,,
2678,fixed-time,0,17,0,6,0.0,51.0,NONE,NONE,False,NONE,FIXED_TIME,NONE,0.0,,
2679,fixed-time,0,18,0,6,0.0,57.0,NONE,NONE,False,NONE,FIXED_TIME,NONE,0.0,,
2680,fixed-time,0,19,0,6,0.0,63.0,NONE,NONE,False,NONE,FIXED_TIME,NONE,0.0,,
2681,fixed-time,0,20,0,7,0.0,70.0,NONE,NONE,False,NONE,FIXED_TIME,NONE,0.0,,
2682,fixed-time,0,21,0,7,0.0,77.0,NONE,NONE,False,NONE,FIXED_TIME,NONE,0.0,,
2683,fixed-time,0,22,0,8,0.0,85.0,NONE,NONE,False,NONE,FIXED_TIME,NONE,0.0,,
2684,fixed-time,0,23,0,8,0.0,93.0,NONE,NONE,False,NONE,FIXED_TIME,NONE,0.0,,
2685,fixed-time,0,24,0,8,0.0,101.0,NONE,NONE,False,NONE,FIXED_TIME,NONE,0.0,,
2686,fixed-time,0,25,0,8,0.0,109.0,NONE,NONE,False,NONE,FIXED_TIME,NONE,0.0,,
2687,fixed-time,0,26,0,9,0.0,118.0,NONE,NONE,False,NONE,FIXED_TIME,NONE,0.0,,
2688,fixed-time,0,27,0,10,0.0,128.0,NONE,NONE,False,NONE,FIXED_TIME,NONE,0.0,,
2689,fixed-time,0,28,0,10,0.0,138.0,NONE,NONE,False,NONE,FIXED_TIME,NONE,0.0,,
2690,fixed-time,0,29,0,10,0.0,148.0,NONE,NONE,False,NONE,FIXED_TIME,NONE,0.0,,
2691,fixed-time,1,0,0,10,0.0,158.0,NONE,NONE,False,NONE,FIXED_TIME,NONE,0.0,,
2692,fixed-time,1,1,0,10,0.0,168.0,NONE,NONE,False,NONE,FIXED_TIME,NONE,0.0,,
2693,fixed-time,1,2,0,11,0.0,179.0,NONE,NONE,False,NONE,FIXED_TIME,NONE,0.0,,
2694,fixed-time,2,0,0,11,0.0,190.0,NONE,NONE,False,NONE,FIXED_TIME,NONE,0.0,,
2695,fixed-time,2,1,0,12,0.0,202.0,NONE,NONE,False,NONE,FIXED_TIME,NONE,0.0,,
2696,fixed-time,3,0,0,10,0.0,149.0,NONE,NONE,False,NONE,FIXED_TIME,NONE,0.0,,
2697,fixed-time,3,1,0,8,0.0,105.0,NONE,NONE,False,NONE,FIXED_TIME,NONE,0.0,,
2698,fixed-time,3,2,0,7,0.0,68.0,NONE,NONE,False,NONE,FIXED_TIME,NONE,0.0,,
2699,fixed-time,3,3,2,6,2.0,40.0,NONE,NONE,False,NONE,FIXED_TIME,NONE,0.0,,
2700,fixed-time,3,4,2,4,4.0,19.0,NONE,NONE,False,NONE,FIXED_TIME,NONE,0.0,,
2701,fixed-time,3,5,2,2,6.0,7.0,NONE,NONE,False,NONE,FIXED_TIME,NONE,0.0,,
2702,fixed-time,3,6,2,0,8.0,0.0,NONE,NONE,False,NONE,FIXED_TIME,NONE,0.0,,
2703,fixed-time,3,7,2,0,10.0,0.0,NONE,NONE,False,NONE,FIXED_TIME,NONE,0.0,,
2704,fixed-time,3,8,2,0,12.0,0.0,NONE,NONE,False,NONE,FIXED_TIME,NONE,0.0,,
2705,fixed-time,3,9,3,0,15.0,0.0,NONE,NONE,False,NONE,FIXED_TIME,NONE,0.0,,
2706,fixed-time,3,10,4,0,19.0,0.0,NONE,NONE,False,NONE,FIXED_TIME,NONE,0.0,,
2707,fixed-time,3,11,4,0,23.0,0.0,NONE,NONE,False,NONE,FIXED_TIME,NONE,0.0,,
2708,fixed-time,3,12,4,0,27.0,0.0,NONE,NONE,False,NONE,FIXED_TIME,NONE,0.0,,
2709,fixed-time,3,13,4,0,31.0,0.0,NONE,NONE,False,NONE,FIXED_TIME,NONE,0.0,,
2710,fixed-time,3,14,5,0,36.0,0.0,NONE,NONE,False,NONE,FIXED_TIME,NONE,0.0,,
2711,fixed-time,3,15,6,0,42.0,0.0,NONE,NONE,False,NONE,FIXED_TIME,NONE,0.0,,
2712,fixed-time,3,16,6,0,48.0,0.0,NONE,NONE,False,NONE,FIXED_TIME,NONE,0.0,,
2713,fixed-time,3,17,6,0,54.0,0.0,NONE,NONE,False,NONE,FIXED_TIME,NONE,0.0,,
2714,fixed-time,3,18,6,0,60.0,0.0,NONE,NONE,False,NONE,FIXED_TIME,NONE,0.0,,
2715,fixed-time,3,19,8,0,68.0,0.0,NONE,NONE,False,NONE,FIXED_TIME,NONE,0.0,,
2716,fixed-time,3,20,8,0,76.0,0.0,NONE,NONE,False,NONE,FIXED_TIME,NONE,0.0,,
2717,fixed-time,3,21,8,0,84.0,0.0,NONE,NONE,False,NONE,FIXED_TIME,NONE,0.0,,
2718,fixed-time,3,22,8,0,92.0,0.0,NONE,NONE,False,NONE,FIXED_TIME,NONE,0.0,,
2719,fixed-time,3,23,8,0,100.0,0.0,NONE,NONE,False,NONE,FIXED_TIME,NONE,0.0,,
2720,fixed-time,3,24,8,0,108.0,0.0,NONE,NONE,False,NONE,FIXED_TIME,NONE,0.0,,
2721,fixed-time,3,25,10,0,118.0,0.0,NONE,NONE,False,NONE,FIXED_TIME,NONE,0.0,,
2722,fixed-time,3,26,10,0,128.0,0.0,NONE,NONE,False,NONE,FIXED_TIME,NONE,0.0,,
2723,fixed-time,3,27,10,0,138.0,0.0,NONE,NONE,False,NONE,FIXED_TIME,NONE,0.0,,
2724,fixed-time,3,28,10,0,148.0,0.0,NONE,NONE,False,NONE,FIXED_TIME,NONE,0.0,,
2725,fixed-time,3,29,10,0,158.0,0.0,NONE,NONE,False,NONE,FIXED_TIME,NONE,0.0,,
2726,fixed-time,4,0,10,0,168.0,0.0,NONE,NONE,False,NONE,FIXED_TIME,NONE,0.0,,
2727,fixed-time,4,1,12,0,180.0,0.0,NONE,NONE,False,NONE,FIXED_TIME,NONE,0.0,,
2728,fixed-time,4,2,12,0,192.0,0.0,NONE,NONE,False,NONE,FIXED_TIME,NONE,0.0,,
2729,fixed-time,5,0,12,0,204.0,0.0,NONE,NONE,False,NONE,FIXED_TIME,NONE,0.0,,
2730,fixed-time,5,1,12,0,216.0,0.0,NONE,NONE,False,NONE,FIXED_TIME,NONE,0.0,,
2731,fixed-time,0,0,10,0,162.0,0.0,NONE,NONE,False,NONE,FIXED_TIME,NONE,0.0,,
2732,fixed-time,0,1,10,0,119.0,0.0,NONE,NONE,False,NONE,FIXED_TIME,NONE,0.0,,
2733,fixed-time,0,2,8,0,82.0,0.0,NONE,NONE,False,NONE,FIXED_TIME,NONE,0.0,,
2734,fixed-time,0,3,6,1,50.0,1.0,NONE,NONE,False,NONE,FIXED_TIME,NONE,0.0,,
2735,fixed-time,0,4,4,2,26.0,3.0,NONE,NONE,False,NONE,FIXED_TIME,NONE,0.0,,
2736,fixed-time,0,5,2,2,10.0,5.0,NONE,NONE,False,NONE,FIXED_TIME,NONE,0.0,,
2737,fixed-time,0,6,0,2,0.0,7.0,NONE,NONE,False,NONE,FIXED_TIME,NONE,0.0,,
2738,fixed-time,0,7,0,2,0.0,9.0,NONE,NONE,False,NONE,FIXED_TIME,NONE,0.0,,
2739,fixed-time,0,8,0,3,0.0,12.0,NONE,NONE,False,NONE,FIXED_TIME,NONE,0.0,,
2740,fixed-time,0,9,0,3,0.0,15.0,NONE,NONE,False,NONE,FIXED_TIME,NONE,0.0,,
2741,fixed-time,0,10,0,4,0.0,19.0,NONE,NONE,False,NONE,FIXED_TIME,NONE,0.0,,
2742,fixed-time,0,11,0,4,0.0,23.0,NONE,NONE,False,NONE,FIXED_TIME,NONE,0.0,,
2743,fixed-time,0,12,0,4,0.0,27.0,NONE,NONE,False,NONE,FIXED_TIME,NONE,0.0,,
2744,fixed-time,0,13,0,4,0.0,31.0,NONE,NONE,False,NONE,FIXED_TIME,NONE,0.0,,
2745,fixed-time,0,14,0,6,0.0,37.0,NONE,NONE,False,NONE,FIXED_TIME,NONE,0.0,,
2746,fixed-time,0,15,0,6,0.0,43.0,NONE,NONE,False,NONE,FIXED_TIME,NONE,0.0,,
2747,fixed-time,0,16,0,6,0.0,49.0,NONE,NONE,False,NONE,FIXED_TIME,NONE,0.0,,
2748,fixed-time,0,17,0,6,0.0,55.0,NONE,NONE,False,NONE,FIXED_TIME,NONE,0.0,,
2749,fixed-time,0,18,0,6,0.0,61.0,NONE,NONE,False,NONE,FIXED_TIME,NONE,0.0,,
2750,fixed-time,0,19,0,6,0.0,67.0,NONE,NONE,False,NONE,FIXED_TIME,NONE,0.0,,
2751,fixed-time,0,20,0,6,0.0,73.0,NONE,NONE,False,NONE,FIXED_TIME,NONE,0.0,,
2752,fixed-time,0,21,0,7,0.0,80.0,NONE,NONE,False,NONE,FIXED_TIME,NONE,0.0,,
2753,fixed-time,0,22,0,8,0.0,88.0,NONE,NONE,False,NONE,FIXED_TIME,NONE,0.0,,
2754,fixed-time,0,23,0,8,0.0,96.0,NONE,NONE,False,NONE,FIXED_TIME,NONE,0.0,,
2755,fixed-time,0,24,0,8,0.0,104.0,NONE,NONE,False,NONE,FIXED_TIME,NONE,0.0,,
2756,fixed-time,0,25,0,9,0.0,113.0,NONE,NONE,False,NONE,FIXED_TIME,NONE,0.0,,
2757,fixed-time,0,26,0,9,0.0,122.0,NONE,NONE,False,NONE,FIXED_TIME,NONE,0.0,,
2758,fixed-time,0,27,0,9,0.0,131.0,NONE,NONE,False,NONE,FIXED_TIME,NONE,0.0,,
2759,fixed-time,0,28,0,10,0.0,141.0,NONE,NONE,False,NONE,FIXED_TIME,NONE,0.0,,
2760,fixed-time,0,29,0,10,0.0,151.0,NONE,NONE,False,NONE,FIXED_TIME,NONE,0.0,,
2761,fixed-time,1,0,0,10,0.0,161.0,NONE,NONE,False,NONE,FIXED_TIME,NONE,0.0,,
2762,fixed-time,1,1,0,11,0.0,172.0,NONE,NONE,False,NONE,FIXED_TIME,NONE,0.0,,
2763,fixed-time,1,2,0,12,0.0,184.0,NONE,NONE,False,NONE,FIXED_TIME,NONE,0.0,,
2764,fixed-time,2,0,0,12,0.0,196.0,NONE,NONE,False,NONE,FIXED_TIME,NONE,0.0,,
2765,fixed-time,2,1,1,12,1.0,208.0,NONE,NONE,False,NONE,FIXED_TIME,NONE,0.0,,
2766,fixed-time,3,0,2,10,3.0,155.0,NONE,NONE,False,NONE,FIXED_TIME,NONE,0.0,,
2767,fixed-time,3,1,2,8,5.0,109.0,NONE,NONE,False,NONE,FIXED_TIME,NONE,0.0,,
2768,fixed-time,3,2,2,6,7.0,69.0,NONE,NONE,False,NONE,FIXED_TIME,NONE,0.0,,
2769,fixed-time,3,3,2,6,9.0,42.0,NONE,NONE,False,NONE,FIXED_TIME,NONE,0.0,,
2770,fixed-time,3,4,4,4,13.0,21.0,NONE,NONE,False,NONE,FIXED_TIME,NONE,0.0,,
2771,fixed-time,3,5,4,2,17.0,6.0,NONE,NONE,False,NONE,FIXED_TIME,NONE,0.0,,
2772,fixed-time,3,6,4,0,21.0,0.0,NONE,NONE,False,NONE,FIXED_TIME,NONE,0.0,,
2773,fixed-time,3,7,4,0,25.0,0.0,NONE,NONE,False,NONE,FIXED_TIME,NONE,0.0,,
2774,fixed-time,3,8,4,0,29.0,0.0,NONE,NONE,False,NONE,FIXED_TIME,NONE,0.0,,
2775,fixed-time,3,9,4,0,33.0,0.0,NONE,NONE,False,NONE,FIXED_TIME,NONE,0.0,,
2776,fixed-time,3,10,5,0,38.0,0.0,NONE,NONE,False,NONE,FIXED_TIME,NONE,0.0,,
2777,fixed-time,3,11,6,0,44.0,0.0,NONE,NONE,False,NONE,FIXED_TIME,NONE,0.0,,
2778,fixed-time,3,12,6,0,50.0,0.0,NONE,NONE,False,NONE,FIXED_TIME,NONE,0.0,,
2779,fixed-time,3,13,6,0,56.0,0.0,NONE,NONE,False,NONE,FIXED_TIME,NONE,0.0,,
2780,fixed-time,3,14,6,0,62.0,0.0,NONE,NONE,False,NONE,FIXED_TIME,NONE,0.0,,
2781,fixed-time,3,15,6,0,68.0,0.0,NONE,NONE,False,NONE,FIXED_TIME,NONE,0.0,,
2782,fixed-time,3,16,8,0,76.0,0.0,NONE,NONE,False,NONE,FIXED_TIME,NONE,0.0,,
2783,fixed-time,3,17,8,0,84.0,0.0,NONE,NONE,False,NONE,FIXED_TIME,NONE,0.0,,
2784,fixed-time,3,18,8,0,92.0,0.0,NONE,NONE,False,NONE,FIXED_TIME,NONE,0.0,,
2785,fixed-time,3,19,8,0,100.0,0.0,NONE,NONE,False,NONE,FIXED_TIME,NONE,0.0,,
2786,fixed-time,3,20,9,0,109.0,0.0,NONE,NONE,False,NONE,FIXED_TIME,NONE,0.0,,
2787,fixed-time,3,21,10,0,119.0,0.0,NONE,NONE,False,NONE,FIXED_TIME,NONE,0.0,,
2788,fixed-time,3,22,10,0,129.0,0.0,NONE,NONE,False,NONE,FIXED_TIME,NONE,0.0,,
2789,fixed-time,3,23,10,0,139.0,0.0,NONE,NONE,False,NONE,FIXED_TIME,NONE,0.0,,
2790,fixed-time,3,24,10,0,149.0,0.0,NONE,NONE,False,NONE,FIXED_TIME,NONE,0.0,,
2791,fixed-time,3,25,10,0,159.0,0.0,NONE,NONE,False,NONE,FIXED_TIME,NONE,0.0,,
2792,fixed-time,3,26,11,0,170.0,0.0,NONE,NONE,False,NONE,FIXED_TIME,NONE,0.0,,
2793,fixed-time,3,27,12,0,182.0,0.0,NONE,NONE,False,NONE,FIXED_TIME,NONE,0.0,,
2794,fixed-time,3,28,12,0,194.0,0.0,NONE,NONE,False,NONE,FIXED_TIME,NONE,0.0,,
2795,fixed-time,3,29,12,0,206.0,0.0,NONE,NONE,False,NONE,FIXED_TIME,NONE,0.0,,
2796,fixed-time,4,0,12,0,218.0,0.0,NONE,NONE,False,NONE,FIXED_TIME,NONE,0.0,,
2797,fixed-time,4,1,13,0,231.0,0.0,NONE,NONE,False,NONE,FIXED_TIME,NONE,0.0,,
2798,fixed-time,4,2,14,0,245.0,0.0,NONE,NONE,False,NONE,FIXED_TIME,NONE,0.0,,
2799,fixed-time,5,0,14,0,259.0,0.0,NONE,NONE,False,NONE,FIXED_TIME,NONE,0.0,,
2800,fixed-time,5,1,14,0,273.0,0.0,NONE,NONE,False,NONE,FIXED_TIME,NONE,0.0,,
2801,fixed-time,0,0,12,0,214.0,0.0,NONE,NONE,False,NONE,FIXED_TIME,NONE,0.0,,
2802,fixed-time,0,1,10,0,160.0,0.0,NONE,NONE,False,NONE,FIXED_TIME,NONE,0.0,,
2803,fixed-time,0,2,8,0,115.0,0.0,NONE,NONE,False,NONE,FIXED_TIME,NONE,0.0,,
2804,fixed-time,0,3,8,1,79.0,1.0,NONE,NONE,False,NONE,FIXED_TIME,NONE,0.0,,
2805,fixed-time,0,4,6,2,48.0,3.0,NONE,NONE,False,NONE,FIXED_TIME,NONE,0.0,,
2806,fixed-time,0,5,4,2,25.0,5.0,NONE,NONE,False,NONE,FIXED_TIME,NONE,0.0,,
2807,fixed-time,0,6,2,2,8.0,7.0,NONE,NONE,False,NONE,FIXED_TIME,NONE,0.0,,
2808,fixed-time,0,7,2,2,6.0,9.0,NONE,NONE,False,NONE,FIXED_TIME,NONE,0.0,,
2809,fixed-time,0,8,1,3,2.0,12.0,NONE,NONE,False,NONE,FIXED_TIME,NONE,0.0,,
2810,fixed-time,0,9,0,4,0.0,16.0,NONE,NONE,False,NONE,FIXED_TIME,NONE,0.0,,
2811,fixed-time,0,10,0,4,0.0,20.0,NONE,NONE,False,NONE,FIXED_TIME,NONE,0.0,,
2812,fixed-time,0,11,0,4,0.0,24.0,NONE,NONE,False,NONE,FIXED_TIME,NONE,0.0,,
2813,fixed-time,0,12,0,4,0.0,28.0,NONE,NONE,False,NONE,FIXED_TIME,NONE,0.0,,
2814,fixed-time,0,13,0,4,0.0,32.0,NONE,NONE,False,NONE,FIXED_TIME,NONE,0.0,,
2815,fixed-time,0,14,0,4,0.0,36.0,NONE,NONE,False,NONE,FIXED_TIME,NONE,0.0,,
2816,fixed-time,0,15,0,6,0.0,42.0,NONE,NONE,False,NONE,FIXED_TIME,NONE,0.0,,
2817,fixed-time,0,16,0,6,0.0,48.0,NONE,NONE,False,NONE,FIXED_TIME,NONE,0.0,,
2818,fixed-time,0,17,0,6,0.0,54.0,NONE,NONE,False,NONE,FIXED_TIME,NONE,0.0,,
2819,fixed-time,0,18,0,6,0.0,60.0,NONE,NONE,False,NONE,FIXED_TIME,NONE,0.0,,
2820,fixed-time,0,19,0,8,0.0,68.0,NONE,NONE,False,NONE,FIXED_TIME,NONE,0.0,,
2821,fixed-time,0,20,0,8,0.0,76.0,NONE,NONE,False,NONE,FIXED_TIME,NONE,0.0,,
2822,fixed-time,0,21,0,8,0.0,84.0,NONE,NONE,False,NONE,FIXED_TIME,NONE,0.0,,
2823,fixed-time,0,22,0,8,0.0,92.0,NONE,NONE,False,NONE,FIXED_TIME,NONE,0.0,,
2824,fixed-time,0,23,0,8,0.0,100.0,NONE,NONE,False,NONE,FIXED_TIME,NONE,0.0,,
2825,fixed-time,0,24,0,8,0.0,108.0,NONE,NONE,False,NONE,FIXED_TIME,NONE,0.0,,
2826,fixed-time,0,25,0,8,0.0,116.0,NONE,NONE,False,NONE,FIXED_TIME,NONE,0.0,,
2827,fixed-time,0,26,0,10,0.0,126.0,NONE,NONE,False,NONE,FIXED_TIME,NONE,0.0,,
2828,fixed-time,0,27,0,10,0.0,136.0,NONE,NONE,False,NONE,FIXED_TIME,NONE,0.0,,
2829,fixed-time,0,28,0,10,0.0,146.0,NONE,NONE,False,NONE,FIXED_TIME,NONE,0.0,,
2830,fixed-time,0,29,0,10,0.0,156.0,NONE,NONE,False,NONE,FIXED_TIME,NONE,0.0,,
2831,fixed-time,1,0,0,10,0.0,166.0,NONE,NONE,False,NONE,FIXED_TIME,NONE,0.0,,
2832,fixed-time,1,1,0,11,0.0,177.0,NONE,NONE,False,NONE,FIXED_TIME,NONE,0.0,,
2833,fixed-time,1,2,0,12,0.0,189.0,NONE,NONE,False,NONE,FIXED_TIME,NONE,0.0,,
2834,fixed-time,2,0,0,12,0.0,201.0,NONE,NONE,False,NONE,FIXED_TIME,NONE,0.0,,
2835,fixed-time,2,1,0,12,0.0,213.0,NONE,NONE,False,NONE,FIXED_TIME,NONE,0.0,,
2836,fixed-time,3,0,2,10,2.0,160.0,NONE,NONE,False,NONE,FIXED_TIME,NONE,0.0,,
2837,fixed-time,3,1,2,8,4.0,113.0,NONE,NONE,False,NONE,FIXED_TIME,NONE,0.0,,
2838,fixed-time,3,2,2,6,6.0,75.0,NONE,NONE,False,NONE,FIXED_TIME,NONE,0.0,,
2839,fixed-time,3,3,2,6,8.0,43.0,NONE,NONE,False,NONE,FIXED_TIME,NONE,0.0,,
2840,fixed-time,3,4,2,4,10.0,21.0,NONE,NONE,False,NONE,FIXED_TIME,NONE,0.0,,
2841,fixed-time,3,5,2,2,12.0,6.0,NONE,NONE,False,NONE,FIXED_TIME,NONE,0.0,,
2842,fixed-time,3,6,2,0,14.0,0.0,NONE,NONE,False,NONE,FIXED_TIME,NONE,0.0,,
2843,fixed-time,3,7,3,0,17.0,0.0,NONE,NONE,False,NONE,FIXED_TIME,NONE,0.0,,
2844,fixed-time,3,8,4,0,21.0,0.0,NONE,NONE,False,NONE,FIXED_TIME,NONE,0.0,,
2845,fixed-time,3,9,4,0,25.0,0.0,NONE,NONE,False,NONE,FIXED_TIME,NONE,0.0,,
2846,fixed-time,3,10,4,0,29.0,0.0,NONE,NONE,False,NONE,FIXED_TIME,NONE,0.0,,
2847,fixed-time,3,11,4,0,33.0,0.0,NONE,NONE,False,NONE,FIXED_TIME,NONE,0.0,,
2848,fixed-time,3,12,5,0,38.0,0.0,NONE,NONE,False,NONE,FIXED_TIME,NONE,0.0,,
2849,fixed-time,3,13,6,0,44.0,0.0,NONE,NONE,False,NONE,FIXED_TIME,NONE,0.0,,
2850,fixed-time,3,14,6,0,50.0,0.0,NONE,NONE,False,NONE,FIXED_TIME,NONE,0.0,,
2851,fixed-time,3,15,6,0,56.0,0.0,NONE,NONE,False,NONE,FIXED_TIME,NONE,0.0,,
2852,fixed-time,3,16,6,0,62.0,0.0,NONE,NONE,False,NONE,FIXED_TIME,NONE,0.0,,
2853,fixed-time,3,17,7,0,69.0,0.0,NONE,NONE,False,NONE,FIXED_TIME,NONE,0.0,,
2854,fixed-time,3,18,8,0,77.0,0.0,NONE,NONE,False,NONE,FIXED_TIME,NONE,0.0,,
2855,fixed-time,3,19,8,0,85.0,0.0,NONE,NONE,False,NONE,FIXED_TIME,NONE,0.0,,
2856,fixed-time,3,20,8,0,93.0,0.0,NONE,NONE,False,NONE,FIXED_TIME,NONE,0.0,,
2857,fixed-time,3,21,8,0,101.0,0.0,NONE,NONE,False,NONE,FIXED_TIME,NONE,0.0,,
2858,fixed-time,3,22,9,0,110.0,0.0,NONE,NONE,False,NONE,FIXED_TIME,NONE,0.0,,
2859,fixed-time,3,23,10,0,120.0,0.0,NONE,NONE,False,NONE,FIXED_TIME,NONE,0.0,,
2860,fixed-time,3,24,10,0,130.0,0.0,NONE,NONE,False,NONE,FIXED_TIME,NONE,0.0,,
2861,fixed-time,3,25,10,0,140.0,0.0,NONE,NONE,False,NONE,FIXED_TIME,NONE,0.0,,
2862,fixed-time,3,26,10,0,150.0,0.0,NONE,NONE,False,NONE,FIXED_TIME,NONE,0.0,,
2863,fixed-time,3,27,10,0,160.0,0.0,NONE,NONE,False,NONE,FIXED_TIME,NONE,0.0,,
2864,fixed-time,3,28,11,0,171.0,0.0,NONE,NONE,False,NONE,FIXED_TIME,NONE,0.0,,
2865,fixed-time,3,29,12,0,183.0,0.0,NONE,NONE,False,NONE,FIXED_TIME,NONE,0.0,,
2866,fixed-time,4,0,12,0,195.0,0.0,NONE,NONE,False,NONE,FIXED_TIME,NONE,0.0,,
2867,fixed-time,4,1,12,0,207.0,0.0,NONE,NONE,False,NONE,FIXED_TIME,NONE,0.0,,
2868,fixed-time,4,2,12,0,219.0,0.0,NONE,NONE,False,NONE,FIXED_TIME,NONE,0.0,,
2869,fixed-time,5,0,12,0,231.0,0.0,NONE,NONE,False,NONE,FIXED_TIME,NONE,0.0,,
2870,fixed-time,5,1,12,0,243.0,0.0,NONE,NONE,False,NONE,FIXED_TIME,NONE,0.0,,
2871,fixed-time,0,0,12,0,185.0,0.0,NONE,NONE,False,NONE,FIXED_TIME,NONE,0.0,,
2872,fixed-time,0,1,10,0,138.0,0.0,NONE,NONE,False,NONE,FIXED_TIME,NONE,0.0,,
2873,fixed-time,0,2,8,1,97.0,1.0,NONE,NONE,False,NONE,FIXED_TIME,NONE,0.0,,
2874,fixed-time,0,3,6,1,62.0,2.0,NONE,NONE,False,NONE,FIXED_TIME,NONE,0.0,,
2875,fixed-time,0,4,5,2,34.0,4.0,NONE,NONE,False,NONE,FIXED_TIME,NONE,0.0,,
2876,fixed-time,0,5,4,2,15.0,6.0,NONE,NONE,False,NONE,FIXED_TIME,NONE,0.0,,
2877,fixed-time,0,6,2,2,5.0,8.0,NONE,NONE,False,NONE,FIXED_TIME,NONE,0.0,,
2878,fixed-time,0,7,0,2,0.0,10.0,NONE,NONE,False,NONE,FIXED_TIME,NONE,0.0,,
2879,fixed-time,0,8,0,2,0.0,12.0,NONE,NONE,False,NONE,FIXED_TIME,NONE,0.0,,
2880,fixed-time,0,9,0,4,0.0,16.0,NONE,NONE,False,NONE,FIXED_TIME,NONE,0.0,,
2881,fixed-time,0,10,0,4,0.0,20.0,NONE,NONE,False,NONE,FIXED_TIME,NONE,0.0,,
2882,fixed-time,0,11,0,4,0.0,24.0,NONE,NONE,False,NONE,FIXED_TIME,NONE,0.0,,
2883,fixed-time,0,12,0,4,0.0,28.0,NONE,NONE,False,NONE,FIXED_TIME,NONE,0.0,,
2884,fixed-time,0,13,0,6,0.0,34.0,NONE,NONE,False,NONE,FIXED_TIME,NONE,0.0,,
2885,fixed-time,0,14,0,6,0.0,40.0,NONE,NONE,False,NONE,FIXED_TIME,NONE,0.0,,
2886,fixed-time,0,15,0,6,0.0,46.0,NONE,NONE,False,NONE,FIXED_TIME,NONE,0.0,,
2887,fixed-time,0,16,0,6,0.0,52.0,NONE,NONE,False,NONE,FIXED_TIME,NONE,0.0,,
2888,fixed-time,0,17,0,6,0.0,58.0,NONE,NONE,False,NONE,FIXED_TIME,NONE,0.0,,
2889,fixed-time,0,18,0,6,0.0,64.0,NONE,NONE,False,NONE,FIXED_TIME,NONE,0.0,,
2890,fixed-time,0,19,0,6,0.0,70.0,NONE,NONE,False,NONE,FIXED_TIME,NONE,0.0,,
2891,fixed-time,0,20,0,8,0.0,78.0,NONE,NONE,False,NONE,FIXED_TIME,NONE,0.0,,
2892,fixed-time,0,21,0,8,0.0,86.0,NONE,NONE,False,NONE,FIXED_TIME,NONE,0.0,,
2893,fixed-time,0,22,0,8,0.0,94.0,NONE,NONE,False,NONE,FIXED_TIME,NONE,0.0,,
2894,fixed-time,0,23,0,8,0.0,102.0,NONE,NONE,False,NONE,FIXED_TIME,NONE,0.0,,
2895,fixed-time,0,24,0,8,0.0,110.0,NONE,NONE,False,NONE,FIXED_TIME,NONE,0.0,,
2896,fixed-time,0,25,0,10,0.0,120.0,NONE,NONE,False,NONE,FIXED_TIME,NONE,0.0,,
2897,fixed-time,0,26,0,10,0.0,130.0,NONE,NONE,False,NONE,FIXED_TIME,NONE,0.0,,
2898,fixed-time,0,27,0,10,0.0,140.0,NONE,NONE,False,NONE,FIXED_TIME,NONE,0.0,,
2899,fixed-time,0,28,0,10,0.0,150.0,NONE,NONE,False,NONE,FIXED_TIME,NONE,0.0,,
2900,fixed-time,0,29,0,10,0.0,160.0,NONE,NONE,False,NONE,FIXED_TIME,NONE,0.0,,
2901,fixed-time,1,0,0,10,0.0,170.0,NONE,NONE,False,NONE,FIXED_TIME,NONE,0.0,,
2902,fixed-time,1,1,0,12,0.0,182.0,NONE,NONE,False,NONE,FIXED_TIME,NONE,0.0,,
2903,fixed-time,1,2,0,12,0.0,194.0,NONE,NONE,False,NONE,FIXED_TIME,NONE,0.0,,
2904,fixed-time,2,0,0,12,0.0,206.0,NONE,NONE,False,NONE,FIXED_TIME,NONE,0.0,,
2905,fixed-time,2,1,0,12,0.0,218.0,NONE,NONE,False,NONE,FIXED_TIME,NONE,0.0,,
2906,fixed-time,3,0,0,10,0.0,164.0,NONE,NONE,False,NONE,FIXED_TIME,NONE,0.0,,
2907,fixed-time,3,1,0,9,0.0,119.0,NONE,NONE,False,NONE,FIXED_TIME,NONE,0.0,,
2908,fixed-time,3,2,0,8,0.0,79.0,NONE,NONE,False,NONE,FIXED_TIME,NONE,0.0,,
2909,fixed-time,3,3,1,6,1.0,49.0,NONE,NONE,False,NONE,FIXED_TIME,NONE,0.0,,
2910,fixed-time,3,4,2,4,3.0,25.0,NONE,NONE,False,NONE,FIXED_TIME,NONE,0.0,,
2911,fixed-time,3,5,2,2,5.0,9.0,NONE,NONE,False,NONE,FIXED_TIME,NONE,0.0,,
2912,fixed-time,3,6,2,0,7.0,0.0,NONE,NONE,False,NONE,FIXED_TIME,NONE,0.0,,
2913,fixed-time,3,7,2,0,9.0,0.0,NONE,NONE,False,NONE,FIXED_TIME,NONE,0.0,,
2914,fixed-time,3,8,2,0,11.0,0.0,NONE,NONE,False,NONE,FIXED_TIME,NONE,0.0,,
2915,fixed-time,3,9,3,0,14.0,0.0,NONE,NONE,False,NONE,FIXED_TIME,NONE,0.0,,
2916,fixed-time,3,10,4,0,18.0,0.0,NONE,NONE,False,NONE,FIXED_TIME,NONE,0.0,,
2917,fixed-time,3,11,4,0,22.0,0.0,NONE,NONE,False,NONE,FIXED_TIME,NONE,0.0,,
2918,fixed-time,3,12,4,0,26.0,0.0,NONE,NONE,False,NONE,FIXED_TIME,NONE,0.0,,
2919,fixed-time,3,13,4,0,30.0,0.0,NONE,NONE,False,NONE,FIXED_TIME,NONE,0.0,,
2920,fixed-time,3,14,6,0,36.0,0.0,NONE,NONE,False,NONE,FIXED_TIME,NONE,0.0,,
2921,fixed-time,3,15,6,0,42.0,0.0,NONE,NONE,False,NONE,FIXED_TIME,NONE,0.0,,
2922,fixed-time,3,16,6,0,48.0,0.0,NONE,NONE,False,NONE,FIXED_TIME,NONE,0.0,,
2923,fixed-time,3,17,6,0,54.0,0.0,NONE,NONE,False,NONE,FIXED_TIME,NONE,0.0,,
2924,fixed-time,3,18,6,0,60.0,0.0,NONE,NONE,False,NONE,FIXED_TIME,NONE,0.0,,
2925,fixed-time,3,19,7,0,67.0,0.0,NONE,NONE,False,NONE,FIXED_TIME,NONE,0.0,,
2926,fixed-time,3,20,8,0,75.0,0.0,NONE,NONE,False,NONE,FIXED_TIME,NONE,0.0,,
2927,fixed-time,3,21,8,0,83.0,0.0,NONE,NONE,False,NONE,FIXED_TIME,NONE,0.0,,
2928,fixed-time,3,22,8,0,91.0,0.0,NONE,NONE,False,NONE,FIXED_TIME,NONE,0.0,,
2929,fixed-time,3,23,8,0,99.0,0.0,NONE,NONE,False,NONE,FIXED_TIME,NONE,0.0,,
2930,fixed-time,3,24,9,0,108.0,0.0,NONE,NONE,False,NONE,FIXED_TIME,NONE,0.0,,
2931,fixed-time,3,25,9,0,117.0,0.0,NONE,NONE,False,NONE,FIXED_TIME,NONE,0.0,,
2932,fixed-time,3,26,10,0,127.0,0.0,NONE,NONE,False,NONE,FIXED_TIME,NONE,0.0,,
2933,fixed-time,3,27,10,0,137.0,0.0,NONE,NONE,False,NONE,FIXED_TIME,NONE,0.0,,
2934,fixed-time,3,28,10,0,147.0,0.0,NONE,NONE,False,NONE,FIXED_TIME,NONE,0.0,,
2935,fixed-time,3,29,10,0,157.0,0.0,NONE,NONE,False,NONE,FIXED_TIME,NONE,0.0,,
2936,fixed-time,4,0,11,0,168.0,0.0,NONE,NONE,False,NONE,FIXED_TIME,NONE,0.0,,
2937,fixed-time,4,1,12,0,180.0,0.0,NONE,NONE,False,NONE,FIXED_TIME,NONE,0.0,,
2938,fixed-time,4,2,12,0,192.0,0.0,NONE,NONE,False,NONE,FIXED_TIME,NONE,0.0,,
2939,fixed-time,5,0,12,0,204.0,0.0,NONE,NONE,False,NONE,FIXED_TIME,NONE,0.0,,
2940,fixed-time,5,1,12,0,216.0,0.0,NONE,NONE,False,NONE,FIXED_TIME,NONE,0.0,,
2941,fixed-time,0,0,10,0,163.0,0.0,NONE,NONE,False,NONE,FIXED_TIME,NONE,0.0,,
2942,fixed-time,0,1,10,1,120.0,1.0,NONE,NONE,False,NONE,FIXED_TIME,NONE,0.0,,
2943,fixed-time,0,2,8,2,82.0,3.0,NONE,NONE,False,NONE,FIXED_TIME,NONE,0.0,,
2944,fixed-time,0,3,6,2,51.0,5.0,NONE,NONE,False,NONE,FIXED_TIME,NONE,0.0,,
2945,fixed-time,0,4,4,2,27.0,7.0,NONE,NONE,False,NONE,FIXED_TIME,NONE,0.0,,
2946,fixed-time,0,5,3,2,11.0,9.0,NONE,NONE,False,NONE,FIXED_TIME,NONE,0.0,,
2947,fixed-time,0,6,1,2,2.0,11.0,NONE,NONE,False,NONE,FIXED_TIME,NONE,0.0,,
2948,fixed-time,0,7,0,3,0.0,14.0,NONE,NONE,False,NONE,FIXED_TIME,NONE,0.0,,
2949,fixed-time,0,8,0,4,0.0,18.0,NONE,NONE,False,NONE,FIXED_TIME,NONE,0.0,,
2950,fixed-time,0,9,0,4,0.0,22.0,NONE,NONE,False,NONE,FIXED_TIME,NONE,0.0,,
2951,fixed-time,0,10,0,4,0.0,26.0,NONE,NONE,False,NONE,FIXED_TIME,NONE,0.0,,
2952,fixed-time,0,11,0,4,0.0,30.0,NONE,NONE,False,NONE,FIXED_TIME,NONE,0.0,,
2953,fixed-time,0,12,0,5,0.0,35.0,NONE,NONE,False,NONE,FIXED_TIME,NONE,0.0,,
2954,fixed-time,0,13,0,5,0.0,40.0,NONE,NONE,False,NONE,FIXED_TIME,NONE,0.0,,
2955,fixed-time,0,14,0,5,0.0,45.0,NONE,NONE,False,NONE,FIXED_TIME,NONE,0.0,,
2956,fixed-time,0,15,0,6,0.0,51.0,NONE,NONE,False,NONE,FIXED_TIME,NONE,0.0,,
2957,fixed-time,0,16,0,6,0.0,57.0,NONE,NONE,False,NONE,FIXED_TIME,NONE,0.0,,
2958,fixed-time,0,17,0,6,0.0,63.0,NONE,NONE,False,NONE,FIXED_TIME,NONE,0.0,,
2959,fixed-time,0,18,0,6,0.0,69.0,NONE,NONE,False,NONE,FIXED_TIME,NONE,0.0,,
2960,fixed-time,0,19,0,7,0.0,76.0,NONE,NONE,False,NONE,FIXED_TIME,NONE,0.0,,
2961,fixed-time,0,20,0,8,0.0,84.0,NONE,NONE,False,NONE,FIXED_TIME,NONE,0.0,,
2962,fixed-time,0,21,0,8,0.0,92.0,NONE,NONE,False,NONE,FIXED_TIME,NONE,0.0,,
2963,fixed-time,0,22,0,8,0.0,100.0,NONE,NONE,False,NONE,FIXED_TIME,NONE,0.0,,
2964,fixed-time,0,23,0,8,0.0,108.0,NONE,NONE,False,NONE,FIXED_TIME,NONE,0.0,,
2965,fixed-time,0,24,0,9,0.0,117.0,NONE,NONE,False,NONE,FIXED_TIME,NONE,0.0,,
2966,fixed-time,0,25,0,10,0.0,127.0,NONE,NONE,False,NONE,FIXED_TIME,NONE,0.0,,
2967,fixed-time,0,26,0,10,0.0,137.0,NONE,NONE,False,NONE,FIXED_TIME,NONE,0.0,,
2968,fixed-time,0,27,0,10,0.0,147.0,NONE,NONE,False,NONE,FIXED_TIME,NONE,0.0,,
2969,fixed-time,0,28,0,10,0.0,157.0,NONE,NONE,False,NONE,FIXED_TIME,NONE,0.0,,
2970,fixed-time,0,29,0,10,0.0,167.0,NONE,NONE,False,NONE,FIXED_TIME,NONE,0.0,,
2971,fixed-time,1,0,0,11,0.0,178.0,NONE,NONE,False,NONE,FIXED_TIME,NONE,0.0,,
2972,fixed-time,1,1,0,12,0.0,190.0,NONE,NONE,False,NONE,FIXED_TIME,NONE,0.0,,
2973,fixed-time,1,2,0,12,0.0,202.0,NONE,NONE,False,NONE,FIXED_TIME,NONE,0.0,,
2974,fixed-time,2,0,0,12,0.0,214.0,NONE,NONE,False,NONE,FIXED_TIME,NONE,0.0,,
2975,fixed-time,2,1,1,12,1.0,226.0,NONE,NONE,False,NONE,FIXED_TIME,NONE,0.0,,
2976,fixed-time,3,0,1,12,2.0,171.0,NONE,NONE,False,NONE,FIXED_TIME,NONE,0.0,,
2977,fixed-time,3,1,2,10,4.0,124.0,NONE,NONE,False,NONE,FIXED_TIME,NONE,0.0,,
2978,fixed-time,3,2,2,8,6.0,85.0,NONE,NONE,False,NONE,FIXED_TIME,NONE,0.0,,
2979,fixed-time,3,3,2,6,8.0,54.0,NONE,NONE,False,NONE,FIXED_TIME,NONE,0.0,,
2980,fixed-time,3,4,2,4,10.0,29.0,NONE,NONE,False,NONE,FIXED_TIME,NONE,0.0,,
2981,fixed-time,3,5,3,2,13.0,12.0,NONE,NONE,False,NONE,FIXED_TIME,NONE,0.0,,
2982,fixed-time,3,6,4,1,17.0,1.0,NONE,NONE,False,NONE,FIXED_TIME,NONE,0.0,,
2983,fixed-time,3,7,4,0,21.0,0.0,NONE,NONE,False,NONE,FIXED_TIME,NONE,0.0,,
2984,fixed-time,3,8,4,0,25.0,0.0,NONE,NONE,False,NONE,FIXED_TIME,NONE,0.0,,
2985,fixed-time,3,9,4,0,29.0,0.0,NONE,NONE,False,NONE,FIXED_TIME,NONE,0.0,,
2986,fixed-time,3,10,5,0,34.0,0.0,NONE,NONE,False,NONE,FIXED_TIME,NONE,0.0,,
2987,fixed-time,3,11,6,0,40.0,0.0,NONE,NONE,False,NONE,FIXED_TIME,NONE,0.0,,
2988,fixed-time,3,12,6,0,46.0,0.0,NONE,NONE,False,NONE,FIXED_TIME,NONE,0.0,,
2989,fixed-time,3,13,6,0,52.0,0.0,NONE,NONE,False,NONE,FIXED_TIME,NONE,0.0,,
2990,fixed-time,3,14,6,0,58.0,0.0,NONE,NONE,False,NONE,FIXED_TIME,NONE,0.0,,
2991,fixed-time,3,15,6,0,64.0,0.0,NONE,NONE,False,NONE,FIXED_TIME,NONE,0.0,,
2992,fixed-time,3,16,7,0,71.0,0.0,NONE,NONE,False,NONE,FIXED_TIME,NONE,0.0,,
2993,fixed-time,3,17,8,0,79.0,0.0,NONE,NONE,False,NONE,FIXED_TIME,NONE,0.0,,
2994,fixed-time,3,18,8,0,87.0,0.0,NONE,NONE,False,NONE,FIXED_TIME,NONE,0.0,,
2995,fixed-time,3,19,8,0,95.0,0.0,NONE,NONE,False,NONE,FIXED_TIME,NONE,0.0,,
2996,fixed-time,3,20,9,0,104.0,0.0,NONE,NONE,False,NONE,FIXED_TIME,NONE,0.0,,
2997,fixed-time,3,21,9,0,113.0,0.0,NONE,NONE,False,NONE,FIXED_TIME,NONE,0.0,,
2998,fixed-time,3,22,10,0,123.0,0.0,NONE,NONE,False,NONE,FIXED_TIME,NONE,0.0,,
2999,fixed-time,3,23,10,0,133.0,0.0,NONE,NONE,False,NONE,FIXED_TIME,NONE,0.0,,
3000,fixed-time,3,24,10,0,143.0,0.0,NONE,NONE,False,NONE,FIXED_TIME,NONE,0.0,,
3001,fixed-time,3,25,10,0,153.0,0.0,NONE,NONE,False,NONE,FIXED_TIME,NONE,0.0,,
3002,fixed-time,3,26,10,0,163.0,0.0,NONE,NONE,False,NONE,FIXED_TIME,NONE,0.0,,
3003,fixed-time,3,27,12,0,175.0,0.0,NONE,NONE,False,NONE,FIXED_TIME,NONE,0.0,,
3004,fixed-time,3,28,12,0,187.0,0.0,NONE,NONE,False,NONE,FIXED_TIME,NONE,0.0,,
3005,fixed-time,3,29,12,0,199.0,0.0,NONE,NONE,False,NONE,FIXED_TIME,NONE,0.0,,
3006,fixed-time,4,0,12,0,211.0,0.0,NONE,NONE,False,NONE,FIXED_TIME,NONE,0.0,,
3007,fixed-time,4,1,12,0,223.0,0.0,NONE,NONE,False,NONE,FIXED_TIME,NONE,0.0,,
3008,fixed-time,4,2,14,0,237.0,0.0,NONE,NONE,False,NONE,FIXED_TIME,NONE,0.0,,
3009,fixed-time,5,0,14,0,251.0,0.0,NONE,NONE,False,NONE,FIXED_TIME,NONE,0.0,,
3010,fixed-time,5,1,14,0,265.0,0.0,NONE,NONE,False,NONE,FIXED_TIME,NONE,0.0,,
3011,fixed-time,0,0,12,0,207.0,0.0,NONE,NONE,False,NONE,FIXED_TIME,NONE,0.0,,
3012,fixed-time,0,1,10,1,156.0,1.0,NONE,NONE,False,NONE,FIXED_TIME,NONE,0.0,,
3013,fixed-time,0,2,9,1,112.0,2.0,NONE,NONE,False,NONE,FIXED_TIME,NONE,0.0,,
3014,fixed-time,0,3,8,2,77.0,4.0,NONE,NONE,False,NONE,FIXED_TIME,NONE,0.0,,
3015,fixed-time,0,4,6,2,47.0,6.0,NONE,NONE,False,NONE,FIXED_TIME,NONE,0.0,,
3016,fixed-time,0,5,4,2,25.0,8.0,NONE,NONE,False,NONE,FIXED_TIME,NONE,0.0,,
3017,fixed-time,0,6,2,2,9.0,10.0,NONE,NONE,False,NONE,FIXED_TIME,NONE,0.0,,
3018,fixed-time,0,7,0,3,0.0,13.0,NONE,NONE,False,NONE,FIXED_TIME,NONE,0.0,,
3019,fixed-time,0,8,0,4,0.0,17.0,NONE,NONE,False,NONE,FIXED_TIME,NONE,0.0,,
3020,fixed-time,0,9,0,4,0.0,21.0,NONE,NONE,False,NONE,FIXED_TIME,NONE,0.0,,
3021,fixed-time,0,10,0,4,0.0,25.0,NONE,NONE,False,NONE,FIXED_TIME,NONE,0.0,,
3022,fixed-time,0,11,0,4,0.0,29.0,NONE,NONE,False,NONE,FIXED_TIME,NONE,0.0,,
3023,fixed-time,0,12,0,5,0.0,34.0,NONE,NONE,False,NONE,FIXED_TIME,NONE,0.0,,
3024,fixed-time,0,13,0,5,0.0,39.0,NONE,NONE,False,NONE,FIXED_TIME,NONE,0.0,,
3025,fixed-time,0,14,0,6,0.0,45.0,NONE,NONE,False,NONE,FIXED_TIME,NONE,0.0,,
3026,fixed-time,0,15,0,6,0.0,51.0,NONE,NONE,False,NONE,FIXED_TIME,NONE,0.0,,
3027,fixed-time,0,16,0,6,0.0,57.0,NONE,NONE,False,NONE,FIXED_TIME,NONE,0.0,,
3028,fixed-time,0,17,0,6,0.0,63.0,NONE,NONE,False,NONE,FIXED_TIME,NONE,0.0,,
3029,fixed-time,0,18,0,6,0.0,69.0,NONE,NONE,False,NONE,FIXED_TIME,NONE,0.0,,
3030,fixed-time,0,19,0,8,0.0,77.0,NONE,NONE,False,NONE,FIXED_TIME,NONE,0.0,,
3031,fixed-time,0,20,0,8,0.0,85.0,NONE,NONE,False,NONE,FIXED_TIME,NONE,0.0,,
3032,fixed-time,0,21,0,8,0.0,93.0,NONE,NONE,False,NONE,FIXED_TIME,NONE,0.0,,
3033,fixed-time,0,22,0,8,0.0,101.0,NONE,NONE,False,NONE,FIXED_TIME,NONE,0.0,,
3034,fixed-time,0,23,0,8,0.0,109.0,NONE,NONE,False,NONE,FIXED_TIME,NONE,0.0,,
3035,fixed-time,0,24,0,10,0.0,119.0,NONE,NONE,False,NONE,FIXED_TIME,NONE,0.0,,
3036,fixed-time,0,25,0,10,0.0,129.0,NONE,NONE,False,NONE,FIXED_TIME,NONE,0.0,,
3037,fixed-time,0,26,0,10,0.0,139.0,NONE,NONE,False,NONE,FIXED_TIME,NONE,0.0,,
3038,fixed-time,0,27,0,10,0.0,149.0,NONE,NONE,False,NONE,FIXED_TIME,NONE,0.0,,
3039,fixed-time,0,28,0,10,0.0,159.0,NONE,NONE,False,NONE,FIXED_TIME,NONE,0.0,,
3040,fixed-time,0,29,0,11,0.0,170.0,NONE,NONE,False,NONE,FIXED_TIME,NONE,0.0,,
3041,fixed-time,1,0,0,12,0.0,182.0,NONE,NONE,False,NONE,FIXED_TIME,NONE,0.0,,
3042,fixed-time,1,1,0,12,0.0,194.0,NONE,NONE,False,NONE,FIXED_TIME,NONE,0.0,,
3043,fixed-time,1,2,0,12,0.0,206.0,NONE,NONE,False,NONE,FIXED_TIME,NONE,0.0,,
3044,fixed-time,2,0,0,12,0.0,218.0,NONE,NONE,False,NONE,FIXED_TIME,NONE,0.0,,
3045,fixed-time,2,1,0,12,0.0,230.0,NONE,NONE,False,NONE,FIXED_TIME,NONE,0.0,,
3046,fixed-time,3,0,0,11,0.0,175.0,NONE,NONE,False,NONE,FIXED_TIME,NONE,0.0,,
3047,fixed-time,3,1,1,9,1.0,127.0,NONE,NONE,False,NONE,FIXED_TIME,NONE,0.0,,
3048,fixed-time,3,2,2,8,3.0,87.0,NONE,NONE,False,NONE,FIXED_TIME,NONE,0.0,,
3049,fixed-time,3,3,2,6,5.0,55.0,NONE,NONE,False,NONE,FIXED_TIME,NONE,0.0,,
3050,fixed-time,3,4,2,4,7.0,29.0,NONE,NONE,False,NONE,FIXED_TIME,NONE,0.0,,
3051,fixed-time,3,5,2,3,9.0,11.0,NONE,NONE,False,NONE,FIXED_TIME,NONE,0.0,,
3052,fixed-time,3,6,2,1,11.0,2.0,NONE,NONE,False,NONE,FIXED_TIME,NONE,0.0,,
3053,fixed-time,3,7,3,0,14.0,0.0,NONE,NONE,False,NONE,FIXED_TIME,NONE,0.0,,
3054,fixed-time,3,8,4,0,18.0,0.0,NONE,NONE,False,NONE,FIXED_TIME,NONE,0.0,,
3055,fixed-time,3,9,4,0,22.0,0.0,NONE,NONE,False,NONE,FIXED_TIME,NONE,0.0,,
3056,fixed-time,3,10,4,0,26.0,0.0,NONE,NONE,False,NONE,FIXED_TIME,NONE,0.0,,
3057,fixed-time,3,11,5,0,31.0,0.0,NONE,NONE,False,NONE,FIXED_TIME,NONE,0.0,,
3058,fixed-time,3,12,6,0,37.0,0.0,NONE,NONE,False,NONE,FIXED_TIME,NONE,0.0,,
3059,fixed-time,3,13,6,0,43.0,0.0,NONE,NONE,False,NONE,FIXED_TIME,NONE,0.0,,
3060,fixed-time,3,14,6,0,49.0,0.0,NONE,NONE,False,NONE,FIXED_TIME,NONE,0.0,,
3061,fixed-time,3,15,6,0,55.0,0.0,NONE,NONE,False,NONE,FIXED_TIME,NONE,0.0,,
3062,fixed-time,3,16,6,0,61.0,0.0,NONE,NONE,False,NONE,FIXED_TIME,NONE,0.0,,
3063,fixed-time,3,17,7,0,68.0,0.0,NONE,NONE,False,NONE,FIXED_TIME,NONE,0.0,,
3064,fixed-time,3,18,7,0,75.0,0.0,NONE,NONE,False,NONE,FIXED_TIME,NONE,0.0,,
3065,fixed-time,3,19,8,0,83.0,0.0,NONE,NONE,False,NONE,FIXED_TIME,NONE,0.0,,
3066,fixed-time,3,20,8,0,91.0,0.0,NONE,NONE,False,NONE,FIXED_TIME,NONE,0.0,,
3067,fixed-time,3,21,8,0,99.0,0.0,NONE,NONE,False,NONE,FIXED_TIME,NONE,0.0,,
3068,fixed-time,3,22,8,0,107.0,0.0,NONE,NONE,False,NONE,FIXED_TIME,NONE,0.0,,
3069,fixed-time,3,23,8,0,115.0,0.0,NONE,NONE,False,NONE,FIXED_TIME,NONE,0.0,,
3070,fixed-time,3,24,10,0,125.0,0.0,NONE,NONE,False,NONE,FIXED_TIME,NONE,0.0,,
3071,fixed-time,3,25,10,0,135.0,0.0,NONE,NONE,False,NONE,FIXED_TIME,NONE,0.0,,
3072,fixed-time,3,26,10,0,145.0,0.0,NONE,NONE,False,NONE,FIXED_TIME,NONE,0.0,,
3073,fixed-time,3,27,10,0,155.0,0.0,NONE,NONE,False,NONE,FIXED_TIME,NONE,0.0,,
3074,fixed-time,3,28,11,0,166.0,0.0,NONE,NONE,False,NONE,FIXED_TIME,NONE,0.0,,
3075,fixed-time,3,29,11,0,177.0,0.0,NONE,NONE,False,NONE,FIXED_TIME,NONE,0.0,,
3076,fixed-time,4,0,12,0,189.0,0.0,NONE,NONE,False,NONE,FIXED_TIME,NONE,0.0,,
3077,fixed-time,4,1,12,0,201.0,0.0,NONE,NONE,False,NONE,FIXED_TIME,NONE,0.0,,
3078,fixed-time,4,2,12,0,213.0,0.0,NONE,NONE,False,NONE,FIXED_TIME,NONE,0.0,,
3079,fixed-time,5,0,12,0,225.0,0.0,NONE,NONE,False,NONE,FIXED_TIME,NONE,0.0,,
3080,fixed-time,5,1,14,0,239.0,0.0,NONE,NONE,False,NONE,FIXED_TIME,NONE,0.0,,
3081,fixed-time,0,0,12,2,184.0,2.0,NONE,NONE,False,NONE,FIXED_TIME,NONE,0.0,,
3082,fixed-time,0,1,10,2,137.0,4.0,NONE,NONE,False,NONE,FIXED_TIME,NONE,0.0,,
3083,fixed-time,0,2,8,2,94.0,6.0,NONE,NONE,False,NONE,FIXED_TIME,NONE,0.0,,
3084,fixed-time,0,3,7,2,61.0,8.0,NONE,NONE,False,NONE,FIXED_TIME,NONE,0.0,,
3085,fixed-time,0,4,6,2,37.0,10.0,NONE,NONE,False,NONE,FIXED_TIME,NONE,0.0,,
3086,fixed-time,0,5,4,2,19.0,12.0,NONE,NONE,False,NONE,FIXED_TIME,NONE,0.0,,
3087,fixed-time,0,6,2,4,7.0,16.0,NONE,NONE,False,NONE,FIXED_TIME,NONE,0.0,,
3088,fixed-time,0,7,0,4,0.0,20.0,NONE,NONE,False,NONE,FIXED_TIME,NONE,0.0,,
3089,fixed-time,0,8,0,4,0.0,24.0,NONE,NONE,False,NONE,FIXED_TIME,NONE,0.0,,
3090,fixed-time,0,9,0,4,0.0,28.0,NONE,NONE,False,NONE,FIXED_TIME,NONE,0.0,,
3091,fixed-time,0,10,0,4,0.0,32.0,NONE,NONE,False,NONE,FIXED_TIME,NONE,0.0,,
3092,fixed-time,0,11,0,4,0.0,36.0,NONE,NONE,False,NONE,FIXED_TIME,NONE,0.0,,
3093,fixed-time,0,12,0,5,0.0,41.0,NONE,NONE,False,NONE,FIXED_TIME,NONE,0.0,,
3094,fixed-time,0,13,0,5,0.0,46.0,NONE,NONE,False,NONE,FIXED_TIME,NONE,0.0,,
3095,fixed-time,0,14,0,6,0.0,52.0,NONE,NONE,False,NONE,FIXED_TIME,NONE,0.0,,
3096,fixed-time,0,15,0,6,0.0,58.0,NONE,NONE,False,NONE,FIXED_TIME,NONE,0.0,,
3097,fixed-time,0,16,0,6,0.0,64.0,NONE,NONE,False,NONE,FIXED_TIME,NONE,0.0,,
3098,fixed-time,0,17,0,6,0.0,70.0,NONE,NONE,False,NONE,FIXED_TIME,NONE,0.0,,
3099,fixed-time,0,18,0,7,0.0,77.0,NONE,NONE,False,NONE,FIXED_TIME,NONE,0.0,,
3100,fixed-time,0,19,0,8,0.0,85.0,NONE,NONE,False,NONE,FIXED_TIME,NONE,0.0,,
3101,fixed-time,0,20,0,8,0.0,93.0,NONE,NONE,False,NONE,FIXED_TIME,NONE,0.0,,
3102,fixed-time,0,21,0,8,0.0,101.0,NONE,NONE,False,NONE,FIXED_TIME,NONE,0.0,,
3103,fixed-time,0,22,0,8,0.0,109.0,NONE,NONE,False,NONE,FIXED_TIME,NONE,0.0,,
3104,fixed-time,0,23,0,9,0.0,118.0,NONE,NONE,False,NONE,FIXED_TIME,NONE,0.0,,
3105,fixed-time,0,24,0,10,0.0,128.0,NONE,NONE,False,NONE,FIXED_TIME,NONE,0.0,,
3106,fixed-time,0,25,0,10,0.0,138.0,NONE,NONE,False,NONE,FIXED_TIME,NONE,0.0,,
3107,fixed-time,0,26,0,10,0.0,148.0,NONE,NONE,False,NONE,FIXED_TIME,NONE,0.0,,
3108,fixed-time,0,27,0,10,0.0,158.0,NONE,NONE,False,NONE,FIXED_TIME,NONE,0.0,,
3109,fixed-time,0,28,0,10,0.0,168.0,NONE,NONE,False,NONE,FIXED_TIME,NONE,0.0,,
3110,fixed-time,0,29,0,10,0.0,178.0,NONE,NONE,False,NONE,FIXED_TIME,NONE,0.0,,
3111,fixed-time,1,0,0,11,0.0,189.0,NONE,NONE,False,NONE,FIXED_TIME,NONE,0.0,,
3112,fixed-time,1,1,0,12,0.0,201.0,NONE,NONE,False,NONE,FIXED_TIME,NONE,0.0,,
3113,fixed-time,1,2,0,12,0.0,213.0,NONE,NONE,False,NONE,FIXED_TIME,NONE,0.0,,
3114,fixed-time,2,0,0,12,0.0,225.0,NONE,NONE,False,NONE,FIXED_TIME,NONE,0.0,,
3115,fixed-time,2,1,1,12,1.0,237.0,NONE,NONE,False,NONE,FIXED_TIME,NONE,0.0,,
3116,fixed-time,3,0,1,12,2.0,179.0,NONE,NONE,False,NONE,FIXED_TIME,NONE,0.0,,
3117,fixed-time,3,1,1,10,3.0,129.0,NONE,NONE,False,NONE,FIXED_TIME,NONE,0.0,,
3118,fixed-time,3,2,1,8,4.0,89.0,NONE,NONE,False,NONE,FIXED_TIME,NONE,0.0,,
3119,fixed-time,3,3,2,6,6.0,56.0,NONE,NONE,False,NONE,FIXED_TIME,NONE,0.0,,
3120,fixed-time,3,4,3,4,9.0,29.0,NONE,NONE,False,NONE,FIXED_TIME,NONE,0.0,,
3121,fixed-time,3,5,3,4,12.0,14.0,NONE,NONE,False,NONE,FIXED_TIME,NONE,0.0,,
3122,fixed-time,3,6,3,2,15.0,4.0,NONE,NONE,False,NONE,FIXED_TIME,NONE,0.0,,
3123,fixed-time,3,7,3,0,18.0,0.0,NONE,NONE,False,NONE,FIXED_TIME,NONE,0.0,,
3124,fixed-time,3,8,4,0,22.0,0.0,NONE,NONE,False,NONE,FIXED_TIME,NONE,0.0,,
3125,fixed-time,3,9,4,0,26.0,0.0,NONE,NONE,False,NONE,FIXED_TIME,NONE,0.0,,
3126,fixed-time,3,10,4,0,30.0,0.0,NONE,NONE,False,NONE,FIXED_TIME,NONE,0.0,,
3127,fixed-time,3,11,5,0,35.0,0.0,NONE,NONE,False,NONE,FIXED_TIME,NONE,0.0,,
3128,fixed-time,3,12,5,0,40.0,0.0,NONE,NONE,False,NONE,FIXED_TIME,NONE,0.0,,
3129,fixed-time,3,13,5,0,45.0,0.0,NONE,NONE,False,NONE,FIXED_TIME,NONE,0.0,,
3130,fixed-time,3,14,6,0,51.0,0.0,NONE,NONE,False,NONE,FIXED_TIME,NONE,0.0,,
3131,fixed-time,3,15,7,0,58.0,0.0,NONE,NONE,False,NONE,FIXED_TIME,NONE,0.0,,
3132,fixed-time,3,16,7,0,65.0,0.0,NONE,NONE,False,NONE,FIXED_TIME,NONE,0.0,,
3133,fixed-time,3,17,7,0,72.0,0.0,NONE,NONE,False,NONE,FIXED_TIME,NONE,0.0,,
3134,fixed-time,3,18,8,0,80.0,0.0,NONE,NONE,False,NONE,FIXED_TIME,NONE,0.0,,
3135,fixed-time,3,19,9,0,89.0,0.0,NONE,NONE,False,NONE,FIXED_TIME,NONE,0.0,,
3136,fixed-time,3,20,9,0,98.0,0.0,NONE,NONE,False,NONE,FIXED_TIME,NONE,0.0,,
3137,fixed-time,3,21,9,0,107.0,0.0,NONE,NONE,False,NONE,FIXED_TIME,NONE,0.0,,
3138,fixed-time,3,22,9,0,116.0,0.0,NONE,NONE,False,NONE,FIXED_TIME,NONE,0.0,,
3139,fixed-time,3,23,9,0,125.0,0.0,NONE,NONE,False,NONE,FIXED_TIME,NONE,0.0,,
3140,fixed-time,3,24,9,0,134.0,0.0,NONE,NONE,False,NONE,FIXED_TIME,NONE,0.0,,
3141,fixed-time,3,25,10,0,144.0,0.0,NONE,NONE,False,NONE,FIXED_TIME,NONE,0.0,,
3142,fixed-time,3,26,11,0,155.0,0.0,NONE,NONE,False,NONE,FIXED_TIME,NONE,0.0,,
3143,fixed-time,3,27,11,0,166.0,0.0,NONE,NONE,False,NONE,FIXED_TIME,NONE,0.0,,
3144,fixed-time,3,28,11,0,177.0,0.0,NONE,NONE,False,NONE,FIXED_TIME,NONE,0.0,,
3145,fixed-time,3,29,11,0,188.0,0.0,NONE,NONE,False,NONE,FIXED_TIME,NONE,0.0,,
3146,fixed-time,4,0,12,0,200.0,0.0,NONE,NONE,False,NONE,FIXED_TIME,NONE,0.0,,
3147,fixed-time,4,1,13,0,213.0,0.0,NONE,NONE,False,NONE,FIXED_TIME,NONE,0.0,,
3148,fixed-time,4,2,13,0,226.0,0.0,NONE,NONE,False,NONE,FIXED_TIME,NONE,0.0,,
3149,fixed-time,5,0,13,0,239.0,0.0,NONE,NONE,False,NONE,FIXED_TIME,NONE,0.0,,
3150,fixed-time,5,1,13,1,252.0,1.0,NONE,NONE,False,NONE,FIXED_TIME,NONE,0.0,,
3151,fixed-time,0,0,13,2,198.0,3.0,NONE,NONE,False,NONE,FIXED_TIME,NONE,0.0,,
3152,fixed-time,0,1,11,2,151.0,5.0,NONE,NONE,False,NONE,FIXED_TIME,NONE,0.0,,
3153,fixed-time,0,2,9,2,109.0,7.0,NONE,NONE,False,NONE,FIXED_TIME,NONE,0.0,,
3154,fixed-time,0,3,7,2,73.0,9.0,NONE,NONE,False,NONE,FIXED_TIME,NONE,0.0,,
3155,fixed-time,0,4,5,2,43.0,11.0,NONE,NONE,False,NONE,FIXED_TIME,NONE,0.0,,
3156,fixed-time,0,5,3,2,23.0,13.0,NONE,NONE,False,NONE,FIXED_TIME,NONE,0.0,,
3157,fixed-time,0,6,2,3,8.0,16.0,NONE,NONE,False,NONE,FIXED_TIME,NONE,0.0,,
3158,fixed-time,0,7,1,4,1.0,20.0,NONE,NONE,False,NONE,FIXED_TIME,NONE,0.0,,
3159,fixed-time,0,8,1,4,2.0,24.0,NONE,NONE,False,NONE,FIXED_TIME,NONE,0.0,,
3160,fixed-time,0,9,0,4,0.0,28.0,NONE,NONE,False,NONE,FIXED_TIME,NONE,0.0,,
3161,fixed-time,0,10,0,4,0.0,32.0,NONE,NONE,False,NONE,FIXED_TIME,NONE,0.0,,
3162,fixed-time,0,11,0,6,0.0,38.0,NONE,NONE,False,NONE,FIXED_TIME,NONE,0.0,,
3163,fixed-time,0,12,0,6,0.0,44.0,NONE,NONE,False,NONE,FIXED_TIME,NONE,0.0,,
3164,fixed-time,0,13,0,6,0.0,50.0,NONE,NONE,False,NONE,FIXED_TIME,NONE,0.0,,
3165,fixed-time,0,14,0,6,0.0,56.0,NONE,NONE,False,NONE,FIXED_TIME,NONE,0.0,,
3166,fixed-time,0,15,0,6,0.0,62.0,NONE,NONE,False,NONE,FIXED_TIME,NONE,0.0,,
3167,fixed-time,0,16,0,7,0.0,69.0,NONE,NONE,False,NONE,FIXED_TIME,NONE,0.0,,
3168,fixed-time,0,17,0,7,0.0,76.0,NONE,NONE,False,NONE,FIXED_TIME,NONE,0.0,,
3169,fixed-time,0,18,0,8,0.0,84.0,NONE,NONE,False,NONE,FIXED_TIME,NONE,0.0,,
3170,fixed-time,0,19,0,8,0.0,92.0,NONE,NONE,False,NONE,FIXED_TIME,NONE,0.0,,
3171,fixed-time,0,20,0,8,0.0,100.0,NONE,NONE,False,NONE,FIXED_TIME,NONE,0.0,,
3172,fixed-time,0,21,0,8,0.0,108.0,NONE,NONE,False,NONE,FIXED_TIME,NONE,0.0,,
3173,fixed-time,0,22,0,8,0.0,116.0,NONE,NONE,False,NONE,FIXED_TIME,NONE,0.0,,
3174,fixed-time,0,23,0,9,0.0,125.0,NONE,NONE,False,NONE,FIXED_TIME,NONE,0.0,,
3175,fixed-time,0,24,0,10,0.0,135.0,NONE,NONE,False,NONE,FIXED_TIME,NONE,0.0,,
3176,fixed-time,0,25,0,10,0.0,145.0,NONE,NONE,False,NONE,FIXED_TIME,NONE,0.0,,
3177,fixed-time,0,26,0,10,0.0,155.0,NONE,NONE,False,NONE,FIXED_TIME,NONE,0.0,,
3178,fixed-time,0,27,0,10,0.0,165.0,NONE,NONE,False,NONE,FIXED_TIME,NONE,0.0,,
3179,fixed-time,0,28,0,10,0.0,175.0,NONE,NONE,False,NONE,FIXED_TIME,NONE,0.0,,
3180,fixed-time,0,29,0,11,0.0,186.0,NONE,NONE,False,NONE,FIXED_TIME,NONE,0.0,,
3181,fixed-time,1,0,0,12,0.0,198.0,NONE,NONE,False,NONE,FIXED_TIME,NONE,0.0,,
3182,fixed-time,1,1,0,12,0.0,210.0,NONE,NONE,False,NONE,FIXED_TIME,NONE,0.0,,
3183,fixed-time,1,2,0,12,0.0,222.0,NONE,NONE,False,NONE,FIXED_TIME,NONE,0.0,,
3184,fixed-time,2,0,0,12,0.0,234.0,NONE,NONE,False,NONE,FIXED_TIME,NONE,0.0,,
3185,fixed-time,2,1,1,14,1.0,248.0,NONE,NONE,False,NONE,FIXED_TIME,NONE,0.0,,
3186,fixed-time,3,0,2,12,3.0,189.0,NONE,NONE,False,NONE,FIXED_TIME,NONE,0.0,,
3187,fixed-time,3,1,2,10,5.0,140.0,NONE,NONE,False,NONE,FIXED_TIME,NONE,0.0,,
3188,fixed-time,3,2,2,8,7.0,96.0,NONE,NONE,False,NONE,FIXED_TIME,NONE,0.0,,
3189,fixed-time,3,3,2,6,9.0,60.0,NONE,NONE,False,NONE,FIXED_TIME,NONE,0.0,,
3190,fixed-time,3,4,2,4,11.0,33.0,NONE,NONE,False,NONE,FIXED_TIME,NONE,0.0,,
3191,fixed-time,3,5,4,2,15.0,14.0,NONE,NONE,False,NONE,FIXED_TIME,NONE,0.0,,
3192,fixed-time,3,6,4,1,19.0,1.0,NONE,NONE,False,NONE,FIXED_TIME,NONE,0.0,,
3193,fixed-time,3,7,4,0,23.0,0.0,NONE,NONE,False,NONE,FIXED_TIME,NONE,0.0,,
3194,fixed-time,3,8,4,0,27.0,0.0,NONE,NONE,False,NONE,FIXED_TIME,NONE,0.0,,
3195,fixed-time,3,9,4,0,31.0,0.0,NONE,NONE,False,NONE,FIXED_TIME,NONE,0.0,,
3196,fixed-time,3,10,4,0,35.0,0.0,NONE,NONE,False,NONE,FIXED_TIME,NONE,0.0,,
3197,fixed-time,3,11,5,0,40.0,0.0,NONE,NONE,False,NONE,FIXED_TIME,NONE,0.0,,
3198,fixed-time,3,12,6,0,46.0,0.0,NONE,NONE,False,NONE,FIXED_TIME,NONE,0.0,,
3199,fixed-time,3,13,6,0,52.0,0.0,NONE,NONE,False,NONE,FIXED_TIME,NONE,0.0,,
3200,fixed-time,3,14,6,0,58.0,0.0,NONE,NONE,False,NONE,FIXED_TIME,NONE,0.0,,
3201,fixed-time,3,15,7,0,65.0,0.0,NONE,NONE,False,NONE,FIXED_TIME,NONE,0.0,,
3202,fixed-time,3,16,8,0,73.0,0.0,NONE,NONE,False,NONE,FIXED_TIME,NONE,0.0,,
3203,fixed-time,3,17,8,0,81.0,0.0,NONE,NONE,False,NONE,FIXED_TIME,NONE,0.0,,
3204,fixed-time,3,18,8,0,89.0,0.0,NONE,NONE,False,NONE,FIXED_TIME,NONE,0.0,,
3205,fixed-time,3,19,8,0,97.0,0.0,NONE,NONE,False,NONE,FIXED_TIME,NONE,0.0,,
3206,fixed-time,3,20,8,0,105.0,0.0,NONE,NONE,False,NONE,FIXED_TIME,NONE,0.0,,
3207,fixed-time,3,21,8,0,113.0,0.0,NONE,NONE,False,NONE,FIXED_TIME,NONE,0.0,,
3208,fixed-time,3,22,9,0,122.0,0.0,NONE,NONE,False,NONE,FIXED_TIME,NONE,0.0,,
3209,fixed-time,3,23,10,0,132.0,0.0,NONE,NONE,False,NONE,FIXED_TIME,NONE,0.0,,
3210,fixed-time,3,24,10,0,142.0,0.0,NONE,NONE,False,NONE,FIXED_TIME,NONE,0.0,,
3211,fixed-time,3,25,10,0,152.0,0.0,NONE,NONE,False,NONE,FIXED_TIME,NONE,0.0,,
3212,fixed-time,3,26,11,0,163.0,0.0,NONE,NONE,False,NONE,FIXED_TIME,NONE,0.0,,
3213,fixed-time,3,27,12,0,175.0,0.0,NONE,NONE,False,NONE,FIXED_TIME,NONE,0.0,,
3214,fixed-time,3,28,12,0,187.0,0.0,NONE,NONE,False,NONE,FIXED_TIME,NONE,0.0,,
3215,fixed-time,3,29,12,0,199.0,0.0,NONE,NONE,False,NONE,FIXED_TIME,NONE,0.0,,
3216,fixed-time,4,0,12,0,211.0,0.0,NONE,NONE,False,NONE,FIXED_TIME,NONE,0.0,,
3217,fixed-time,4,1,12,0,223.0,0.0,NONE,NONE,False,NONE,FIXED_TIME,NONE,0.0,,
3218,fixed-time,4,2,14,0,237.0,0.0,NONE,NONE,False,NONE,FIXED_TIME,NONE,0.0,,
3219,fixed-time,5,0,14,1,251.0,1.0,NONE,NONE,False,NONE,FIXED_TIME,NONE,0.0,,
3220,fixed-time,5,1,14,1,265.0,2.0,NONE,NONE,False,NONE,FIXED_TIME,NONE,0.0,,
3221,fixed-time,0,0,12,2,206.0,4.0,NONE,NONE,False,NONE,FIXED_TIME,NONE,0.0,,
3222,fixed-time,0,1,11,2,155.0,6.0,NONE,NONE,False,NONE,FIXED_TIME,NONE,0.0,,
3223,fixed-time,0,2,10,2,114.0,8.0,NONE,NONE,False,NONE,FIXED_TIME,NONE,0.0,,
3224,fixed-time,0,3,8,2,77.0,10.0,NONE,NONE,False,NONE,FIXED_TIME,NONE,0.0,,
3225,fixed-time,0,4,6,4,50.0,14.0,NONE,NONE,False,NONE,FIXED_TIME,NONE,0.0,,
3226,fixed-time,0,5,4,4,27.0,18.0,NONE,NONE,False,NONE,FIXED_TIME,NONE,0.0,,
3227,fixed-time,0,6,2,4,11.0,22.0,NONE,NONE,False,NONE,FIXED_TIME,NONE,0.0,,
3228,fixed-time,0,7,0,4,0.0,26.0,NONE,NONE,False,NONE,FIXED_TIME,NONE,0.0,,
3229,fixed-time,0,8,0,4,0.0,30.0,NONE,NONE,False,NONE,FIXED_TIME,NONE,0.0,,
3230,fixed-time,0,9,0,4,0.0,34.0,NONE,NONE,False,NONE,FIXED_TIME,NONE,0.0,,
3231,fixed-time,0,10,0,5,0.0,39.0,NONE,NONE,False,NONE,FIXED_TIME,NONE,0.0,,
3232,fixed-time,0,11,0,5,0.0,44.0,NONE,NONE,False,NONE,FIXED_TIME,NONE,0.0,,
3233,fixed-time,0,12,0,5,0.0,49.0,NONE,NONE,False,NONE,FIXED_TIME,NONE,0.0,,
3234,fixed-time,0,13,0,6,0.0,55.0,NONE,NONE,False,NONE,FIXED_TIME,NONE,0.0,,
3235,fixed-time,0,14,0,6,0.0,61.0,NONE,NONE,False,NONE,FIXED_TIME,NONE,0.0,,
3236,fixed-time,0,15,0,6,0.0,67.0,NONE,NONE,False,NONE,FIXED_TIME,NONE,0.0,,
3237,fixed-time,0,16,0,7,0.0,74.0,NONE,NONE,False,NONE,FIXED_TIME,NONE,0.0,,
3238,fixed-time,0,17,0,8,0.0,82.0,NONE,NONE,False,NONE,FIXED_TIME,NONE,0.0,,
3239,fixed-time,0,18,0,8,0.0,90.0,NONE,NONE,False,NONE,FIXED_TIME,NONE,0.0,,
3240,fixed-time,0,19,0,8,0.0,98.0,NONE,NONE,False,NONE,FIXED_TIME,NONE,0.0,,
3241,fixed-time,0,20,0,8,0.0,106.0,NONE,NONE,False,NONE,FIXED_TIME,NONE,0.0,,
3242,fixed-time,0,21,0,8,0.0,114.0,NONE,NONE,False,NONE,FIXED_TIME,NONE,0.0,,
3243,fixed-time,0,22,0,9,0.0,123.0,NONE,NONE,False,NONE,FIXED_TIME,NONE,0.0,,
3244,fixed-time,0,23,0,10,0.0,133.0,NONE,NONE,False,NONE,FIXED_TIME,NONE,0.0,,
3245,fixed-time,0,24,0,10,0.0,143.0,NONE,NONE,False,NONE,FIXED_TIME,NONE,0.0,,
3246,fixed-time,0,25,0,10,0.0,153.0,NONE,NONE,False,NONE,FIXED_TIME,NONE,0.0,,
3247,fixed-time,0,26,0,10,0.0,163.0,NONE,NONE,False,NONE,FIXED_TIME,NONE,0.0,,
3248,fixed-time,0,27,0,10,0.0,173.0,NONE,NONE,False,NONE,FIXED_TIME,NONE,0.0,,
3249,fixed-time,0,28,0,11,0.0,184.0,NONE,NONE,False,NONE,FIXED_TIME,NONE,0.0,,
3250,fixed-time,0,29,0,11,0.0,195.0,NONE,NONE,False,NONE,FIXED_TIME,NONE,0.0,,
3251,fixed-time,1,0,0,12,0.0,207.0,NONE,NONE,False,NONE,FIXED_TIME,NONE,0.0,,
3252,fixed-time,1,1,0,12,0.0,219.0,NONE,NONE,False,NONE,FIXED_TIME,NONE,0.0,,
3253,fixed-time,1,2,0,12,0.0,231.0,NONE,NONE,False,NONE,FIXED_TIME,NONE,0.0,,
3254,fixed-time,2,0,0,12,0.0,243.0,NONE,NONE,False,NONE,FIXED_TIME,NONE,0.0,,
3255,fixed-time,2,1,0,14,0.0,257.0,NONE,NONE,False,NONE,FIXED_TIME,NONE,0.0,,
3256,fixed-time,3,0,2,12,2.0,197.0,NONE,NONE,False,NONE,FIXED_TIME,NONE,0.0,,
3257,fixed-time,3,1,2,10,4.0,143.0,NONE,NONE,False,NONE,FIXED_TIME,NONE,0.0,,
3258,fixed-time,3,2,2,8,6.0,100.0,NONE,NONE,False,NONE,FIXED_TIME,NONE,0.0,,
3259,fixed-time,3,3,2,6,8.0,63.0,NONE,NONE,False,NONE,FIXED_TIME,NONE,0.0,,
3260,fixed-time,3,4,2,5,10.0,35.0,NONE,NONE,False,NONE,FIXED_TIME,NONE,0.0,,
3261,fixed-time,3,5,2,4,12.0,17.0,NONE,NONE,False,NONE,FIXED_TIME,NONE,0.0,,
3262,fixed-time,3,6,4,2,16.0,5.0,NONE,NONE,False,NONE,FIXED_TIME,NONE,0.0,,
3263,fixed-time,3,7,4,0,20.0,0.0,NONE,NONE,False,NONE,FIXED_TIME,NONE,0.0,,
3264,fixed-time,3,8,4,0,24.0,0.0,NONE,NONE,False,NONE,FIXED_TIME,NONE,0.0,,
3265,fixed-time,3,9,4,0,28.0,0.0,NONE,NONE,False,NONE,FIXED_TIME,NONE,0.0,,
3266,fixed-time,3,10,4,0,32.0,0.0,NONE,NONE,False,NONE,FIXED_TIME,NONE,0.0,,
3267,fixed-time,3,11,4,0,36.0,0.0,NONE,NONE,False,NONE,FIXED_TIME,NONE,0.0,,
3268,fixed-time,3,12,6,0,42.0,0.0,NONE,NONE,False,NONE,FIXED_TIME,NONE,0.0,,
3269,fixed-time,3,13,6,0,48.0,0.0,NONE,NONE,False,NONE,FIXED_TIME,NONE,0.0,,
3270,fixed-time,3,14,6,0,54.0,0.0,NONE,NONE,False,NONE,FIXED_TIME,NONE,0.0,,
3271,fixed-time,3,15,6,0,60.0,0.0,NONE,NONE,False,NONE,FIXED_TIME,NONE,0.0,,
3272,fixed-time,3,16,6,0,66.0,0.0,NONE,NONE,False,NONE,FIXED_TIME,NONE,0.0,,
3273,fixed-time,3,17,7,0,73.0,0.0,NONE,NONE,False,NONE,FIXED_TIME,NONE,0.0,,
3274,fixed-time,3,18,8,0,81.0,0.0,NONE,NONE,False,NONE,FIXED_TIME,NONE,0.0,,
3275,fixed-time,3,19,8,0,89.0,0.0,NONE,NONE,False,NONE,FIXED_TIME,NONE,0.0,,
3276,fixed-time,3,20,8,0,97.0,0.0,NONE,NONE,False,NONE,FIXED_TIME,NONE,0.0,,
3277,fixed-time,3,21,8,0,105.0,0.0,NONE,NONE,False,NONE,FIXED_TIME,NONE,0.0,,
3278,fixed-time,3,22,8,0,113.0,0.0,NONE,NONE,False,NONE,FIXED_TIME,NONE,0.0,,
3279,fixed-time,3,23,9,0,122.0,0.0,NONE,NONE,False,NONE,FIXED_TIME,NONE,0.0,,
3280,fixed-time,3,24,10,0,132.0,0.0,NONE,NONE,False,NONE,FIXED_TIME,NONE,0.0,,
3281,fixed-time,3,25,10,0,142.0,0.0,NONE,NONE,False,NONE,FIXED_TIME,NONE,0.0,,
3282,fixed-time,3,26,10,0,152.0,0.0,NONE,NONE,False,NONE,FIXED_TIME,NONE,0.0,,
3283,fixed-time,3,27,10,0,162.0,0.0,NONE,NONE,False,NONE,FIXED_TIME,NONE,0.0,,
3284,fixed-time,3,28,11,0,173.0,0.0,NONE,NONE,False,NONE,FIXED_TIME,NONE,0.0,,
3285,fixed-time,3,29,12,0,185.0,0.0,NONE,NONE,False,NONE,FIXED_TIME,NONE,0.0,,
3286,fixed-time,4,0,12,0,197.0,0.0,NONE,NONE,False,NONE,FIXED_TIME,NONE,0.0,,
3287,fixed-time,4,1,12,0,209.0,0.0,NONE,NONE,False,NONE,FIXED_TIME,NONE,0.0,,
3288,fixed-time,4,2,12,0,221.0,0.0,NONE,NONE,False,NONE,FIXED_TIME,NONE,0.0,,
3289,fixed-time,5,0,12,1,233.0,1.0,NONE,NONE,False,NONE,FIXED_TIME,NONE,0.0,,
3290,fixed-time,5,1,13,1,246.0,2.0,NONE,NONE,False,NONE,FIXED_TIME,NONE,0.0,,
3291,fixed-time,0,0,12,2,188.0,4.0,NONE,NONE,False,NONE,FIXED_TIME,NONE,0.0,,
3292,fixed-time,0,1,10,2,138.0,6.0,NONE,NONE,False,NONE,FIXED_TIME,NONE,0.0,,
3293,fixed-time,0,2,8,2,96.0,8.0,NONE,NONE,False,NONE,FIXED_TIME,NONE,0.0,,
3294,fixed-time,0,3,6,2,61.0,10.0,NONE,NONE,False,NONE,FIXED_TIME,NONE,0.0,,
3295,fixed-time,0,4,5,2,35.0,12.0,NONE,NONE,False,NONE,FIXED_TIME,NONE,0.0,,
3296,fixed-time,0,5,4,3,16.0,15.0,NONE,NONE,False,NONE,FIXED_TIME,NONE,0.0,,
3297,fixed-time,0,6,2,3,5.0,18.0,NONE,NONE,False,NONE,FIXED_TIME,NONE,0.0,,
3298,fixed-time,0,7,0,4,0.0,22.0,NONE,NONE,False,NONE,FIXED_TIME,NONE,0.0,,
3299,fixed-time,0,8,0,4,0.0,26.0,NONE,NONE,False,NONE,FIXED_TIME,NONE,0.0,,
3300,fixed-time,0,9,0,5,0.0,31.0,NONE,NONE,False,NONE,FIXED_TIME,NONE,0.0,,
3301,fixed-time,0,10,0,6,0.0,37.0,NONE,NONE,False,NONE,FIXED_TIME,NONE,0.0,,
3302,fixed-time,0,11,0,6,0.0,43.0,NONE,NONE,False,NONE,FIXED_TIME,NONE,0.0,,
3303,fixed-time,0,12,0,6,0.0,49.0,NONE,NONE,False,NONE,FIXED_TIME,NONE,0.0,,
3304,fixed-time,0,13,0,6,0.0,55.0,NONE,NONE,False,NONE,FIXED_TIME,NONE,0.0,,
3305,fixed-time,0,14,0,6,0.0,61.0,NONE,NONE,False,NONE,FIXED_TIME,NONE,0.0,,
3306,fixed-time,0,15,0,6,0.0,67.0,NONE,NONE,False,NONE,FIXED_TIME,NONE,0.0,,
3307,fixed-time,0,16,0,8,0.0,75.0,NONE,NONE,False,NONE,FIXED_TIME,NONE,0.0,,
3308,fixed-time,0,17,0,8,0.0,83.0,NONE,NONE,False,NONE,FIXED_TIME,NONE,0.0,,
3309,fixed-time,0,18,0,8,0.0,91.0,NONE,NONE,False,NONE,FIXED_TIME,NONE,0.0,,
3310,fixed-time,0,19,0,8,0.0,99.0,NONE,NONE,False,NONE,FIXED_TIME,NONE,0.0,,
3311,fixed-time,0,20,0,8,0.0,107.0,NONE,NONE,False,NONE,FIXED_TIME,NONE,0.0,,
3312,fixed-time,0,21,0,8,0.0,115.0,NONE,NONE,False,NONE,FIXED_TIME,NONE,0.0,,
3313,fixed-time,0,22,0,8,0.0,123.0,NONE,NONE,False,NONE,FIXED_TIME,NONE,0.0,,
3314,fixed-time,0,23,0,10,0.0,133.0,NONE,NONE,False,NONE,FIXED_TIME,NONE,0.0,,
3315,fixed-time,0,24,0,10,0.0,143.0,NONE,NONE,False,NONE,FIXED_TIME,NONE,0.0,,
3316,fixed-time,0,25,0,10,0.0,153.0,NONE,NONE,False,NONE,FIXED_TIME,NONE,0.0,,
3317,fixed-time,0,26,0,10,0.0,163.0,NONE,NONE,False,NONE,FIXED_TIME,NONE,0.0,,
3318,fixed-time,0,27,0,11,0.0,174.0,NONE,NONE,False,NONE,FIXED_TIME,NONE,0.0,,
3319,fixed-time,0,28,0,12,0.0,186.0,NONE,NONE,False,NONE,FIXED_TIME,NONE,0.0,,
3320,fixed-time,0,29,0,12,0.0,198.0,NONE,NONE,False,NONE,FIXED_TIME,NONE,0.0,,
3321,fixed-time,1,0,0,12,0.0,210.0,NONE,NONE,False,NONE,FIXED_TIME,NONE,0.0,,
3322,fixed-time,1,1,0,12,0.0,222.0,NONE,NONE,False,NONE,FIXED_TIME,NONE,0.0,,
3323,fixed-time,1,2,0,12,0.0,234.0,NONE,NONE,False,NONE,FIXED_TIME,NONE,0.0,,
3324,fixed-time,2,0,0,13,0.0,247.0,NONE,NONE,False,NONE,FIXED_TIME,NONE,0.0,,
3325,fixed-time,2,1,0,14,0.0,261.0,NONE,NONE,False,NONE,FIXED_TIME,NONE,0.0,,
3326,fixed-time,3,0,0,12,0.0,201.0,NONE,NONE,False,NONE,FIXED_TIME,NONE,0.0,,
3327,fixed-time,3,1,0,10,0.0,151.0,NONE,NONE,False,NONE,FIXED_TIME,NONE,0.0,,
3328,fixed-time,3,2,0,8,0.0,104.0,NONE,NONE,False,NONE,FIXED_TIME,NONE,0.0,,
3329,fixed-time,3,3,0,6,0.0,66.0,NONE,NONE,False,NONE,FIXED_TIME,NONE,0.0,,
3330,fixed-time,3,4,1,5,1.0,39.0,NONE,NONE,False,NONE,FIXED_TIME,NONE,0.0,,
3331,fixed-time,3,5,2,4,3.0,18.0,NONE,NONE,False,NONE,FIXED_TIME,NONE,0.0,,
3332,fixed-time,3,6,2,2,5.0,5.0,NONE,NONE,False,NONE,FIXED_TIME,NONE,0.0,,
3333,fixed-time,3,7,2,0,7.0,0.0,NONE,NONE,False,NONE,FIXED_TIME,NONE,0.0,,
3334,fixed-time,3,8,4,0,11.0,0.0,NONE,NONE,False,NONE,FIXED_TIME,NONE,0.0,,
3335,fixed-time,3,9,4,0,15.0,0.0,NONE,NONE,False,NONE,FIXED_TIME,NONE,0.0,,
3336,fixed-time,3,10,4,0,19.0,0.0,NONE,NONE,False,NONE,FIXED_TIME,NONE,0.0,,
3337,fixed-time,3,11,4,0,23.0,0.0,NONE,NONE,False,NONE,FIXED_TIME,NONE,0.0,,
3338,fixed-time,3,12,4,0,27.0,0.0,NONE,NONE,False,NONE,FIXED_TIME,NONE,0.0,,
3339,fixed-time,3,13,5,0,32.0,0.0,NONE,NONE,False,NONE,FIXED_TIME,NONE,0.0,,
3340,fixed-time,3,14,5,0,37.0,0.0,NONE,NONE,False,NONE,FIXED_TIME,NONE,0.0,,
3341,fixed-time,3,15,6,0,43.0,0.0,NONE,NONE,False,NONE,FIXED_TIME,NONE,0.0,,
3342,fixed-time,3,16,6,0,49.0,0.0,NONE,NONE,False,NONE,FIXED_TIME,NONE,0.0,,
3343,fixed-time,3,17,6,0,55.0,0.0,NONE,NONE,False,NONE,FIXED_TIME,NONE,0.0,,
3344,fixed-time,3,18,6,0,61.0,0.0,NONE,NONE,False,NONE,FIXED_TIME,NONE,0.0,,
3345,fixed-time,3,19,7,0,68.0,0.0,NONE,NONE,False,NONE,FIXED_TIME,NONE,0.0,,
3346,fixed-time,3,20,7,0,75.0,0.0,NONE,NONE,False,NONE,FIXED_TIME,NONE,0.0,,
3347,fixed-time,3,21,8,0,83.0,0.0,NONE,NONE,False,NONE,FIXED_TIME,NONE,0.0,,
3348,fixed-time,3,22,8,0,91.0,0.0,NONE,NONE,False,NONE,FIXED_TIME,NONE,0.0,,
3349,fixed-time,3,23,8,0,99.0,0.0,NONE,NONE,False,NONE,FIXED_TIME,NONE,0.0,,
3350,fixed-time,3,24,8,0,107.0,0.0,NONE,NONE,False,NONE,FIXED_TIME,NONE,0.0,,
3351,fixed-time,3,25,9,0,116.0,0.0,NONE,NONE,False,NONE,FIXED_TIME,NONE,0.0,,
3352,fixed-time,3,26,10,0,126.0,0.0,NONE,NONE,False,NONE,FIXED_TIME,NONE,0.0,,
3353,fixed-time,3,27,10,0,136.0,0.0,NONE,NONE,False,NONE,FIXED_TIME,NONE,0.0,,
3354,fixed-time,3,28,10,0,146.0,0.0,NONE,NONE,False,NONE,FIXED_TIME,NONE,0.0,,
3355,fixed-time,3,29,10,0,156.0,0.0,NONE,NONE,False,NONE,FIXED_TIME,NONE,0.0,,
3356,fixed-time,4,0,11,0,167.0,0.0,NONE,NONE,False,NONE,FIXED_TIME,NONE,0.0,,
3357,fixed-time,4,1,12,0,179.0,0.0,NONE,NONE,False,NONE,FIXED_TIME,NONE,0.0,,
3358,fixed-time,4,2,12,1,191.0,1.0,NONE,NONE,False,NONE,FIXED_TIME,NONE,0.0,,
3359,fixed-time,5,0,12,2,203.0,3.0,NONE,NONE,False,NONE,FIXED_TIME,NONE,0.0,,
3360,fixed-time,5,1,12,2,215.0,5.0,NONE,NONE,False,NONE,FIXED_TIME,NONE,0.0,,
3361,fixed-time,0,0,10,2,164.0,7.0,NONE,NONE,False,NONE,FIXED_TIME,NONE,0.0,,
3362,fixed-time,0,1,10,2,118.0,9.0,NONE,NONE,False,NONE,FIXED_TIME,NONE,0.0,,
3363,fixed-time,0,2,8,2,80.0,11.0,NONE,NONE,False,NONE,FIXED_TIME,NONE,0.0,,
3364,fixed-time,0,3,6,2,50.0,13.0,NONE,NONE,False,NONE,FIXED_TIME,NONE,0.0,,
3365,fixed-time,0,4,4,4,27.0,17.0,NONE,NONE,False,NONE,FIXED_TIME,NONE,0.0,,
3366,fixed-time,0,5,2,4,10.0,21.0,NONE,NONE,False,NONE,FIXED_TIME,NONE,0.0,,
3367,fixed-time,0,6,1,4,1.0,25.0,NONE,NONE,False,NONE,FIXED_TIME,NONE,0.0,,
3368,fixed-time,0,7,0,4,0.0,29.0,NONE,NONE,False,NONE,FIXED_TIME,NONE,0.0,,
3369,fixed-time,0,8,0,4,0.0,33.0,NONE,NONE,False,NONE,FIXED_TIME,NONE,0.0,,
3370,fixed-time,0,9,0,5,0.0,38.0,NONE,NONE,False,NONE,FIXED_TIME,NONE,0.0,,
3371,fixed-time,0,10,0,6,0.0,44.0,NONE,NONE,False,NONE,FIXED_TIME,NONE,0.0,,
3372,fixed-time,0,11,0,6,0.0,50.0,NONE,NONE,False,NONE,FIXED_TIME,NONE,0.0,,
3373,fixed-time,0,12,0,6,0.0,56.0,NONE,NONE,False,NONE,FIXED_TIME,NONE,0.0,,
3374,fixed-time,0,13,0,6,0.0,62.0,NONE,NONE,False,NONE,FIXED_TIME,NONE,0.0,,
3375,fixed-time,0,14,0,6,0.0,68.0,NONE,NONE,False,NONE,FIXED_TIME,NONE,0.0,,
3376,fixed-time,0,15,0,7,0.0,75.0,NONE,NONE,False,NONE,FIXED_TIME,NONE,0.0,,
3377,fixed-time,0,16,0,8,0.0,83.0,NONE,NONE,False,NONE,FIXED_TIME,NONE,0.0,,
3378,fixed-time,0,17,0,8,0.0,91.0,NONE,NONE,False,NONE,FIXED_TIME,NONE,0.0,,
3379,fixed-time,0,18,0,8,0.0,99.0,NONE,NONE,False,NONE,FIXED_TIME,NONE,0.0,,
3380,fixed-time,0,19,0,8,0.0,107.0,NONE,NONE,False,NONE,FIXED_TIME,NONE,0.0,,
3381,fixed-time,0,20,0,8,0.0,115.0,NONE,NONE,False,NONE,FIXED_TIME,NONE,0.0,,
3382,fixed-time,0,21,0,9,0.0,124.0,NONE,NONE,False,NONE,FIXED_TIME,NONE,0.0,,
3383,fixed-time,0,22,0,10,0.0,134.0,NONE,NONE,False,NONE,FIXED_TIME,NONE,0.0,,
3384,fixed-time,0,23,0,10,0.0,144.0,NONE,NONE,False,NONE,FIXED_TIME,NONE,0.0,,
3385,fixed-time,0,24,0,10,0.0,154.0,NONE,NONE,False,NONE,FIXED_TIME,NONE,0.0,,
3386,fixed-time,0,25,0,10,0.0,164.0,NONE,NONE,False,NONE,FIXED_TIME,NONE,0.0,,
3387,fixed-time,0,26,0,10,0.0,174.0,NONE,NONE,False,NONE,FIXED_TIME,NONE,0.0,,
3388,fixed-time,0,27,0,11,0.0,185.0,NONE,NONE,False,NONE,FIXED_TIME,NONE,0.0,,
3389,fixed-time,0,28,0,12,0.0,197.0,NONE,NONE,False,NONE,FIXED_TIME,NONE,0.0,,
3390,fixed-time,0,29,0,12,0.0,209.0,NONE,NONE,False,NONE,FIXED_TIME,NONE,0.0,,
3391,fixed-time,1,0,0,12,0.0,221.0,NONE,NONE,False,NONE,FIXED_TIME,NONE,0.0,,
3392,fixed-time,1,1,0,12,0.0,233.0,NONE,NONE,False,NONE,FIXED_TIME,NONE,0.0,,
3393,fixed-time,1,2,0,12,0.0,245.0,NONE,NONE,False,NONE,FIXED_TIME,NONE,0.0,,
3394,fixed-time,2,0,1,14,1.0,259.0,NONE,NONE,False,NONE,FIXED_TIME,NONE,0.0,,
3395,fixed-time,2,1,1,14,2.0,273.0,NONE,NONE,False,NONE,FIXED_TIME,NONE,0.0,,
3396,fixed-time,3,0,2,12,4.0,210.0,NONE,NONE,False,NONE,FIXED_TIME,NONE,0.0,,
3397,fixed-time,3,1,2,10,6.0,156.0,NONE,NONE,False,NONE,FIXED_TIME,NONE,0.0,,
3398,fixed-time,3,2,2,9,8.0,110.0,NONE,NONE,False,NONE,FIXED_TIME,NONE,0.0,,
3399,fixed-time,3,3,2,7,10.0,72.0,NONE,NONE,False,NONE,FIXED_TIME,NONE,0.0,,
3400,fixed-time,3,4,3,6,13.0,43.0,NONE,NONE,False,NONE,FIXED_TIME,NONE,0.0,,
3401,fixed-time,3,5,4,4,17.0,22.0,NONE,NONE,False,NONE,FIXED_TIME,NONE,0.0,,
3402,fixed-time,3,6,4,2,21.0,8.0,NONE,NONE,False,NONE,FIXED_TIME,NONE,0.0,,
3403,fixed-time,3,7,4,0,25.0,0.0,NONE,NONE,False,NONE,FIXED_TIME,NONE,0.0,,
3404,fixed-time,3,8,4,0,29.0,0.0,NONE,NONE,False,NONE,FIXED_TIME,NONE,0.0,,
3405,fixed-time,3,9,4,0,33.0,0.0,NONE,NONE,False,NONE,FIXED_TIME,NONE,0.0,,
3406,fixed-time,3,10,5,0,38.0,0.0,NONE,NONE,False,NONE,FIXED_TIME,NONE,0.0,,
3407,fixed-time,3,11,6,0,44.0,0.0,NONE,NONE,False,NONE,FIXED_TIME,NONE,0.0,,
3408,fixed-time,3,12,6,0,50.0,0.0,NONE,NONE,False,NONE,FIXED_TIME,NONE,0.0,,
3409,fixed-time,3,13,6,0,56.0,0.0,NONE,NONE,False,NONE,FIXED_TIME,NONE,0.0,,
3410,fixed-time,3,14,6,0,62.0,0.0,NONE,NONE,False,NONE,FIXED_TIME,NONE,0.0,,
3411,fixed-time,3,15,6,0,68.0,0.0,NONE,NONE,False,NONE,FIXED_TIME,NONE,0.0,,
3412,fixed-time,3,16,7,0,75.0,0.0,NONE,NONE,False,NONE,FIXED_TIME,NONE,0.0,,
3413,fixed-time,3,17,8,0,83.0,0.0,NONE,NONE,False,NONE,FIXED_TIME,NONE,0.0,,
3414,fixed-time,3,18,8,0,91.0,0.0,NONE,NONE,False,NONE,FIXED_TIME,NONE,0.0,,
3415,fixed-time,3,19,8,0,99.0,0.0,NONE,NONE,False,NONE,FIXED_TIME,NONE,0.0,,
3416,fixed-time,3,20,8,0,107.0,0.0,NONE,NONE,False,NONE,FIXED_TIME,NONE,0.0,,
3417,fixed-time,3,21,10,0,117.0,0.0,NONE,NONE,False,NONE,FIXED_TIME,NONE,0.0,,
3418,fixed-time,3,22,10,0,127.0,0.0,NONE,NONE,False,NONE,FIXED_TIME,NONE,0.0,,
3419,fixed-time,3,23,10,0,137.0,0.0,NONE,NONE,False,NONE,FIXED_TIME,NONE,0.0,,
3420,fixed-time,3,24,10,0,147.0,0.0,NONE,NONE,False,NONE,FIXED_TIME,NONE,0.0,,
3421,fixed-time,3,25,10,0,157.0,0.0,NONE,NONE,False,NONE,FIXED_TIME,NONE,0.0,,
3422,fixed-time,3,26,10,0,167.0,0.0,NONE,NONE,False,NONE,FIXED_TIME,NONE,0.0,,
3423,fixed-time,3,27,11,0,178.0,0.0,NONE,NONE,False,NONE,FIXED_TIME,NONE,0.0,,
3424,fixed-time,3,28,12,0,190.0,0.0,NONE,NONE,False,NONE,FIXED_TIME,NONE,0.0,,
3425,fixed-time,3,29,12,0,202.0,0.0,NONE,NONE,False,NONE,FIXED_TIME,NONE,0.0,,
3426,fixed-time,4,0,12,0,214.0,0.0,NONE,NONE,False,NONE,FIXED_TIME,NONE,0.0,,
3427,fixed-time,4,1,12,0,226.0,0.0,NONE,NONE,False,NONE,FIXED_TIME,NONE,0.0,,
3428,fixed-time,4,2,13,0,239.0,0.0,NONE,NONE,False,NONE,FIXED_TIME,NONE,0.0,,
3429,fixed-time,5,0,14,0,253.0,0.0,NONE,NONE,False,NONE,FIXED_TIME,NONE,0.0,,
3430,fixed-time,5,1,14,0,267.0,0.0,NONE,NONE,False,NONE,FIXED_TIME,NONE,0.0,,
3431,fixed-time,0,0,12,0,207.0,0.0,NONE,NONE,False,NONE,FIXED_TIME,NONE,0.0,,
3432,fixed-time,0,1,10,0,154.0,0.0,NONE,NONE,False,NONE,FIXED_TIME,NONE,0.0,,
3433,fixed-time,0,2,9,0,110.0,0.0,NONE,NONE,False,NONE,FIXED_TIME,NONE,0.0,,
3434,fixed-time,0,3,8,0,75.0,0.0,NONE,NONE,False,NONE,FIXED_TIME,NONE,0.0,,
3435,fixed-time,0,4,6,1,45.0,1.0,NONE,NONE,False,NONE,FIXED_TIME,NONE,0.0,,
3436,fixed-time,0,5,4,2,24.0,3.0,NONE,NONE,False,NONE,FIXED_TIME,NONE,0.0,,
3437,fixed-time,0,6,2,2,9.0,5.0,NONE,NONE,False,NONE,FIXED_TIME,NONE,0.0,,
3438,fixed-time,0,7,0,2,0.0,7.0,NONE,NONE,False,NONE,FIXED_TIME,NONE,0.0,,
3439,fixed-time,0,8,0,2,0.0,9.0,NONE,NONE,False,NONE,FIXED_TIME,NONE,0.0,,
3440,fixed-time,0,9,0,4,0.0,13.0,NONE,NONE,False,NONE,FIXED_TIME,NONE,0.0,,
3441,fixed-time,0,10,0,4,0.0,17.0,NONE,NONE,False,NONE,FIXED_TIME,NONE,0.0,,
3442,fixed-time,0,11,0,4,0.0,21.0,NONE,NONE,False,NONE,FIXED_TIME,NONE,0.0,,
3443,fixed-time,0,12,0,4,0.0,25.0,NONE,NONE,False,NONE,FIXED_TIME,NONE,0.0,,
3444,fixed-time,0,13,0,4,0.0,29.0,NONE,NONE,False,NONE,FIXED_TIME,NONE,0.0,,
3445,fixed-time,0,14,0,5,0.0,34.0,NONE,NONE,False,NONE,FIXED_TIME,NONE,0.0,,
3446,fixed-time,0,15,0,5,0.0,39.0,NONE,NONE,False,NONE,FIXED_TIME,NONE,0.0,,
3447,fixed-time,0,16,0,5,0.0,44.0,NONE,NONE,False,NONE,FIXED_TIME,NONE,0.0,,
3448,fixed-time,0,17,0,6,0.0,50.0,NONE,NONE,False,NONE,FIXED_TIME,NONE,0.0,,
3449,fixed-time,0,18,0,6,0.0,56.0,NONE,NONE,False,NONE,FIXED_TIME,NONE,0.0,,
3450,fixed-time,0,19,0,6,0.0,62.0,NONE,NONE,False,NONE,FIXED_TIME,NONE,0.0,,
3451,fixed-time,0,20,0,6,0.0,68.0,NONE,NONE,False,NONE,FIXED_TIME,NONE,0.0,,
3452,fixed-time,0,21,0,7,0.0,75.0,NONE,NONE,False,NONE,FIXED_TIME,NONE,0.0,,
3453,fixed-time,0,22,0,8,0.0,83.0,NONE,NONE,False,NONE,FIXED_TIME,NONE,0.0,,
3454,fixed-time,0,23,0,8,0.0,91.0,NONE,NONE,False,NONE,FIXED_TIME,NONE,0.0,,
3455,fixed-time,0,24,0,8,0.0,99.0,NONE,NONE,False,NONE,FIXED_TIME,NONE,0.0,,
3456,fixed-time,0,25,0,8,0.0,107.0,NONE,NONE,False,NONE,FIXED_TIME,NONE,0.0,,
3457,fixed-time,0,26,0,8,0.0,115.0,NONE,NONE,False,NONE,FIXED_TIME,NONE,0.0,,
3458,fixed-time,0,27,0,10,0.0,125.0,NONE,NONE,False,NONE,FIXED_TIME,NONE,0.0,,
3459,fixed-time,0,28,0,10,0.0,135.0,NONE,NONE,False,NONE,FIXED_TIME,NONE,0.0,,
3460,fixed-time,0,29,0,10,0.0,145.0,NONE,NONE,False,NONE,FIXED_TIME,NONE,0.0,,
3461,fixed-time,1,0,0,10,0.0,155.0,NONE,NONE,False,NONE,FIXED_TIME,NONE,0.0,,
3462,fixed-time,1,1,0,10,0.0,165.0,NONE,NONE,False,NONE,FIXED_TIME,NONE,0.0,,
3463,fixed-time,1,2,0,11,0.0,176.0,NONE,NONE,False,NONE,FIXED_TIME,NONE,0.0,,
3464,fixed-time,2,0,0,12,0.0,188.0,NONE,NONE,False,NONE,FIXED_TIME,NONE,0.0,,
3465,fixed-time,2,1,0,12,0.0,200.0,NONE,NONE,False,NONE,FIXED_TIME,NONE,0.0,,
3466,fixed-time,3,0,0,10,0.0,149.0,NONE,NONE,False,NONE,FIXED_TIME,NONE,0.0,,
3467,fixed-time,3,1,0,8,0.0,103.0,NONE,NONE,False,NONE,FIXED_TIME,NONE,0.0,,
3468,fixed-time,3,2,2,6,2.0,66.0,NONE,NONE,False,NONE,FIXED_TIME,NONE,0.0,,
3469,fixed-time,3,3,2,4,4.0,37.0,NONE,NONE,False,NONE,FIXED_TIME,NONE,0.0,,
3470,fixed-time,3,4,2,4,6.0,17.0,NONE,NONE,False,NONE,FIXED_TIME,NONE,0.0,,
3471,fixed-time,3,5,2,2,8.0,4.0,NONE,NONE,False,NONE,FIXED_TIME,NONE,0.0,,
3472,fixed-time,3,6,4,0,12.0,0.0,NONE,NONE,False,NONE,FIXED_TIME,NONE,0.0,,
3473,fixed-time,3,7,4,0,16.0,0.0,NONE,NONE,False,NONE,FIXED_TIME,NONE,0.0,,
3474,fixed-time,3,8,4,0,20.0,0.0,NONE,NONE,False,NONE,FIXED_TIME,NONE,0.0,,
3475,fixed-time,3,9,4,0,24.0,0.0,NONE,NONE,False,NONE,FIXED_TIME,NONE,0.0,,
3476,fixed-time,3,10,4,0,28.0,0.0,NONE,NONE,False,NONE,FIXED_TIME,NONE,0.0,,
3477,fixed-time,3,11,5,0,33.0,0.0,NONE,NONE,False,NONE,FIXED_TIME,NONE,0.0,,
3478,fixed-time,3,12,5,0,38.0,0.0,NONE,NONE,False,NONE,FIXED_TIME,NONE,0.0,,
3479,fixed-time,3,13,5,0,43.0,0.0,NONE,NONE,False,NONE,FIXED_TIME,NONE,0.0,,
3480,fixed-time,3,14,6,0,49.0,0.0,NONE,NONE,False,NONE,FIXED_TIME,NONE,0.0,,
3481,fixed-time,3,15,6,0,55.0,0.0,NONE,NONE,False,NONE,FIXED_TIME,NONE,0.0,,
3482,fixed-time,3,16,6,0,61.0,0.0,NONE,NONE,False,NONE,FIXED_TIME,NONE,0.0,,
3483,fixed-time,3,17,7,0,68.0,0.0,NONE,NONE,False,NONE,FIXED_TIME,NONE,0.0,,
3484,fixed-time,3,18,8,0,76.0,0.0,NONE,NONE,False,NONE,FIXED_TIME,NONE,0.0,,
3485,fixed-time,3,19,8,0,84.0,0.0,NONE,NONE,False,NONE,FIXED_TIME,NONE,0.0,,
3486,fixed-time,3,20,8,0,92.0,0.0,NONE,NONE,False,NONE,FIXED_TIME,NONE,0.0,,
3487,fixed-time,3,21,8,0,100.0,0.0,NONE,NONE,False,NONE,FIXED_TIME,NONE,0.0,,
3488,fixed-time,3,22,9,0,109.0,0.0,NONE,NONE,False,NONE,FIXED_TIME,NONE,0.0,,
3489,fixed-time,3,23,10,0,119.0,0.0,NONE,NONE,False,NONE,FIXED_TIME,NONE,0.0,,
3490,fixed-time,3,24,10,0,129.0,0.0,NONE,NONE,False,NONE,FIXED_TIME,NONE,0.0,,
3491,fixed-time,3,25,10,0,139.0,0.0,NONE,NONE,False,NONE,FIXED_TIME,NONE,0.0,,
3492,fixed-time,3,26,10,0,149.0,0.0,NONE,NONE,False,NONE,FIXED_TIME,NONE,0.0,,
3493,fixed-time,3,27,10,0,159.0,0.0,NONE,NONE,False,NONE,FIXED_TIME,NONE,0.0,,
3494,fixed-time,3,28,12,0,171.0,0.0,NONE,NONE,False,NONE,FIXED_TIME,NONE,0.0,,
3495,fixed-time,3,29,12,0,183.0,0.0,NONE,NONE,False,NONE,FIXED_TIME,NONE,0.0,,
3496,fixed-time,4,0,12,0,195.0,0.0,NONE,NONE,False,NONE,FIXED_TIME,NONE,0.0,,
3497,fixed-time,4,1,12,0,207.0,0.0,NONE,NONE,False,NONE,FIXED_TIME,NONE,0.0,,
3498,fixed-time,4,2,12,0,219.0,0.0,NONE,NONE,False,NONE,FIXED_TIME,NONE,0.0,,
3499,fixed-time,5,0,12,0,231.0,0.0,NONE,NONE,False,NONE,FIXED_TIME,NONE,0.0,,
3500,fixed-time,5,1,13,0,244.0,0.0,NONE,NONE,False,NONE,FIXED_TIME,NONE,0.0,,
3501,fixed-time,0,0,12,0,190.0,0.0,NONE,NONE,False,NONE,FIXED_TIME,NONE,0.0,,
3502,fixed-time,0,1,10,0,140.0,0.0,NONE,NONE,False,NONE,FIXED_TIME,NONE,0.0,,
3503,fixed-time,0,2,8,0,99.0,0.0,NONE,NONE,False,NONE,FIXED_TIME,NONE,0.0,,
3504,fixed-time,0,3,6,1,64.0,1.0,NONE,NONE,False,NONE,FIXED_TIME,NONE,0.0,,
3505,fixed-time,0,4,5,2,36.0,3.0,NONE,NONE,False,NONE,FIXED_TIME,NONE,0.0,,
3506,fixed-time,0,5,4,2,16.0,5.0,NONE,NONE,False,NONE,FIXED_TIME,NONE,0.0,,
3507,fixed-time,0,6,2,2,5.0,7.0,NONE,NONE,False,NONE,FIXED_TIME,NONE,0.0,,
3508,fixed-time,0,7,1,2,4.0,9.0,NONE,NONE,False,NONE,FIXED_TIME,NONE,0.0,,
3509,fixed-time,0,8,0,2,0.0,11.0,NONE,NONE,False,NONE,FIXED_TIME,NONE,0.0,,
3510,fixed-time,0,9,0,3,0.0,14.0,NONE,NONE,False,NONE,FIXED_TIME,NONE,0.0,,
3511,fixed-time,0,10,0,4,0.0,18.0,NONE,NONE,False,NONE,FIXED_TIME,NONE,0.0,,
3512,fixed-time,0,11,0,4,0.0,22.0,NONE,NONE,False,NONE,FIXED_TIME,NONE,0.0,,
3513,fixed-time,0,12,0,4,0.0,26.0,NONE,NONE,False,NONE,FIXED_TIME,NONE,0.0,,
3514,fixed-time,0,13,0,4,0.0,30.0,NONE,NONE,False,NONE,FIXED_TIME,NONE,0.0,,
3515,fixed-time,0,14,0,4,0.0,34.0,NONE,NONE,False,NONE,FIXED_TIME,NONE,0.0,,
3516,fixed-time,0,15,0,6,0.0,40.0,NONE,NONE,False,NONE,FIXED_TIME,NONE,0.0,,
3517,fixed-time,0,16,0,6,0.0,46.0,NONE,NONE,False,NONE,FIXED_TIME,NONE,0.0,,
3518,fixed-time,0,17,0,6,0.0,52.0,NONE,NONE,False,NONE,FIXED_TIME,NONE,0.0,,
3519,fixed-time,0,18,0,6,0.0,58.0,NONE,NONE,False,NONE,FIXED_TIME,NONE,0.0,,
3520,fixed-time,0,19,0,6,0.0,64.0,NONE,NONE,False,NONE,FIXED_TIME,NONE,0.0,,
3521,fixed-time,0,20,0,6,0.0,70.0,NONE,NONE,False,NONE,FIXED_TIME,NONE,0.0,,
3522,fixed-time,0,21,0,8,0.0,78.0,NONE,NONE,False,NONE,FIXED_TIME,NONE,0.0,,
3523,fixed-time,0,22,0,8,0.0,86.0,NONE,NONE,False,NONE,FIXED_TIME,NONE,0.0,,
3524,fixed-time,0,23,0,8,0.0,94.0,NONE,NONE,False,NONE,FIXED_TIME,NONE,0.0,,
3525,fixed-time,0,24,0,8,0.0,102.0,NONE,NONE,False,NONE,FIXED_TIME,NONE,0.0,,
3526,fixed-time,0,25,0,8,0.0,110.0,NONE,NONE,False,NONE,FIXED_TIME,NONE,0.0,,
3527,fixed-time,0,26,0,9,0.0,119.0,NONE,NONE,False,NONE,FIXED_TIME,NONE,0.0,,
3528,fixed-time,0,27,0,9,0.0,128.0,NONE,NONE,False,NONE,FIXED_TIME,NONE,0.0,,
3529,fixed-time,0,28,0,10,0.0,138.0,NONE,NONE,False,NONE,FIXED_TIME,NONE,0.0,,
3530,fixed-time,0,29,0,10,0.0,148.0,NONE,NONE,False,NONE,FIXED_TIME,NONE,0.0,,
3531,fixed-time,1,0,0,10,0.0,158.0,NONE,NONE,False,NONE,FIXED_TIME,NONE,0.0,,
3532,fixed-time,1,1,0,10,0.0,168.0,NONE,NONE,False,NONE,FIXED_TIME,NONE,0.0,,
3533,fixed-time,1,2,0,11,0.0,179.0,NONE,NONE,False,NONE,FIXED_TIME,NONE,0.0,,
3534,fixed-time,2,0,0,11,0.0,190.0,NONE,NONE,False,NONE,FIXED_TIME,NONE,0.0,,
3535,fixed-time,2,1,0,12,0.0,202.0,NONE,NONE,False,NONE,FIXED_TIME,NONE,0.0,,
3536,fixed-time,3,0,0,10,0.0,149.0,NONE,NONE,False,NONE,FIXED_TIME,NONE,0.0,,
3537,fixed-time,3,1,0,8,0.0,104.0,NONE,NONE,False,NONE,FIXED_TIME,NONE,0.0,,
3538,fixed-time,3,2,1,6,1.0,66.0,NONE,NONE,False,NONE,FIXED_TIME,NONE,0.0,,
3539,fixed-time,3,3,2,6,3.0,38.0,NONE,NONE,False,NONE,FIXED_TIME,NONE,0.0,,
3540,fixed-time,3,4,2,4,5.0,18.0,NONE,NONE,False,NONE,FIXED_TIME,NONE,0.0,,
3541,fixed-time,3,5,2,2,7.0,6.0,NONE,NONE,False,NONE,FIXED_TIME,NONE,0.0,,
3542,fixed-time,3,6,2,0,9.0,0.0,NONE,NONE,False,NONE,FIXED_TIME,NONE,0.0,,
3543,fixed-time,3,7,2,0,11.0,0.0,NONE,NONE,False,NONE,FIXED_TIME,NONE,0.0,,
3544,fixed-time,3,8,2,0,13.0,0.0,NONE,NONE,False,NONE,FIXED_TIME,NONE,0.0,,
3545,fixed-time,3,9,3,0,16.0,0.0,NONE,NONE,False,NONE,FIXED_TIME,NONE,0.0,,
3546,fixed-time,3,10,4,0,20.0,0.0,NONE,NONE,False,NONE,FIXED_TIME,NONE,0.0,,
3547,fixed-time,3,11,4,0,24.0,0.0,NONE,NONE,False,NONE,FIXED_TIME,NONE,0.0,,
3548,fixed-time,3,12,4,0,28.0,0.0,NONE,NONE,False,NONE,FIXED_TIME,NONE,0.0,,
3549,fixed-time,3,13,5,0,33.0,0.0,NONE,NONE,False,NONE,FIXED_TIME,NONE,0.0,,
3550,fixed-time,3,14,6,0,39.0,0.0,NONE,NONE,False,NONE,FIXED_TIME,NONE,0.0,,
3551,fixed-time,3,15,6,0,45.0,0.0,NONE,NONE,False,NONE,FIXED_TIME,NONE,0.0,,
3552,fixed-time,3,16,6,0,51.0,0.0,NONE,NONE,False,NONE,FIXED_TIME,NONE,0.0,,
3553,fixed-time,3,17,6,0,57.0,0.0,NONE,NONE,False,NONE,FIXED_TIME,NONE,0.0,,
3554,fixed-time,3,18,6,0,63.0,0.0,NONE,NONE,False,NONE,FIXED_TIME,NONE,0.0,,
3555,fixed-time,3,19,7,0,70.0,0.0,NONE,NONE,False,NONE,FIXED_TIME,NONE,0.0,,
3556,fixed-time,3,20,8,0,78.0,0.0,NONE,NONE,False,NONE,FIXED_TIME,NONE,0.0,,
3557,fixed-time,3,21,8,0,86.0,0.0,NONE,NONE,False,NONE,FIXED_TIME,NONE,0.0,,
3558,fixed-time,3,22,8,0,94.0,0.0,NONE,NONE,False,NONE,FIXED_TIME,NONE,0.0,,
3559,fixed-time,3,23,8,0,102.0,0.0,NONE,NONE,False,NONE,FIXED_TIME,NONE,0.0,,
3560,fixed-time,3,24,8,0,110.0,0.0,NONE,NONE,False,NONE,FIXED_TIME,NONE,0.0,,
3561,fixed-time,3,25,8,0,118.0,0.0,NONE,NONE,False,NONE,FIXED_TIME,NONE,0.0,,
3562,fixed-time,3,26,10,0,128.0,0.0,NONE,NONE,False,NONE,FIXED_TIME,NONE,0.0,,
3563,fixed-time,3,27,10,0,138.0,0.0,NONE,NONE,False,NONE,FIXED_TIME,NONE,0.0,,
3564,fixed-time,3,28,10,0,148.0,0.0,NONE,NONE,False,NONE,FIXED_TIME,NONE,0.0,,
3565,fixed-time,3,29,10,0,158.0,0.0,NONE,NONE,False,NONE,FIXED_TIME,NONE,0.0,,
3566,fixed-time,4,0,10,0,168.0,0.0,NONE,NONE,False,NONE,FIXED_TIME,NONE,0.0,,
3567,fixed-time,4,1,12,0,180.0,0.0,NONE,NONE,False,NONE,FIXED_TIME,NONE,0.0,,
3568,fixed-time,4,2,12,0,192.0,0.0,NONE,NONE,False,NONE,FIXED_TIME,NONE,0.0,,
3569,fixed-time,5,0,12,0,204.0,0.0,NONE,NONE,False,NONE,FIXED_TIME,NONE,0.0,,
3570,fixed-time,5,1,12,0,216.0,0.0,NONE,NONE,False,NONE,FIXED_TIME,NONE,0.0,,
3571,fixed-time,0,0,10,0,161.0,0.0,NONE,NONE,False,NONE,FIXED_TIME,NONE,0.0,,
3572,fixed-time,0,1,9,0,117.0,0.0,NONE,NONE,False,NONE,FIXED_TIME,NONE,0.0,,
3573,fixed-time,0,2,8,0,78.0,0.0,NONE,NONE,False,NONE,FIXED_TIME,NONE,0.0,,
3574,fixed-time,0,3,6,1,47.0,1.0,NONE,NONE,False,NONE,FIXED_TIME,NONE,0.0,,
3575,fixed-time,0,4,4,2,25.0,3.0,NONE,NONE,False,NONE,FIXED_TIME,NONE,0.0,,
3576,fixed-time,0,5,3,2,10.0,5.0,NONE,NONE,False,NONE,FIXED_TIME,NONE,0.0,,
3577,fixed-time,0,6,1,2,2.0,7.0,NONE,NONE,False,NONE,FIXED_TIME,NONE,0.0,,
3578,fixed-time,0,7,0,2,0.0,9.0,NONE,NONE,False,NONE,FIXED_TIME,NONE,0.0,,
3579,fixed-time,0,8,0,3,0.0,12.0,NONE,NONE,False,NONE,FIXED_TIME,NONE,0.0,,
3580,fixed-time,0,9,0,3,0.0,15.0,NONE,NONE,False,NONE,FIXED_TIME,NONE,0.0,,
3581,fixed-time,0,10,0,4,0.0,19.0,NONE,NONE,False,NONE,FIXED_TIME,NONE,0.0,,
3582,fixed-time,0,11,0,4,0.0,23.0,NONE,NONE,False,NONE,FIXED_TIME,NONE,0.0,,
3583,fixed-time,0,12,0,4,0.0,27.0,NONE,NONE,False,NONE,FIXED_TIME,NONE,0.0,,
3584,fixed-time,0,13,0,4,0.0,31.0,NONE,NONE,False,NONE,FIXED_TIME,NONE,0.0,,
3585,fixed-time,0,14,0,4,0.0,35.0,NONE,NONE,False,NONE,FIXED_TIME,NONE,0.0,,
3586,fixed-time,0,15,0,6,0.0,41.0,NONE,NONE,False,NONE,FIXED_TIME,NONE,0.0,,
3587,fixed-time,0,16,0,6,0.0,47.0,NONE,NONE,False,NONE,FIXED_TIME,NONE,0.0,,
3588,fixed-time,0,17,0,6,0.0,53.0,NONE,NONE,False,NONE,FIXED_TIME,NONE,0.0,,
3589,fixed-time,0,18,0,6,0.0,59.0,NONE,NONE,False,NONE,FIXED_TIME,NONE,0.0,,
3590,fixed-time,0,19,0,6,0.0,65.0,NONE,NONE,False,NONE,FIXED_TIME,NONE,0.0,,
3591,fixed-time,0,20,0,7,0.0,72.0,NONE,NONE,False,NONE,FIXED_TIME,NONE,0.0,,
3592,fixed-time,0,21,0,7,0.0,79.0,NONE,NONE,False,NONE,FIXED_TIME,NONE,0.0,,
3593,fixed-time,0,22,0,8,0.0,87.0,NONE,NONE,False,NONE,FIXED_TIME,NONE,0.0,,
3594,fixed-time,0,23,0,8,0.0,95.0,NONE,NONE,False,NONE,FIXED_TIME,NONE,0.0,,
3595,fixed-time,0,24,0,8,0.0,103.0,NONE,NONE,False,NONE,FIXED_TIME,NONE,0.0,,
3596,fixed-time,0,25,0,10,0.0,113.0,NONE,NONE,False,NONE,FIXED_TIME,NONE,0.0,,
3597,fixed-time,0,26,0,10,0.0,123.0,NONE,NONE,False,NONE,FIXED_TIME,NONE,0.0,,
3598,fixed-time,0,27,0,10,0.0,133.0,NONE,NONE,False,NONE,FIXED_TIME,NONE,0.0,,
3599,fixed-time,0,28,0,10,0.0,143.0,NONE,NONE,False,NONE,FIXED_TIME,NONE,0.0,,
3600,fixed-time,0,29,0,10,0.0,153.0,NONE,NONE,False,NONE,FIXED_TIME,NONE,0.0,,
