Time,Policy,Phase,Phase_Elapsed,Queue_NS,Queue_EW,WaitTime_NS,WaitTime_EW,Allowed_Actions,Proposed_Action,Is_Fallback,Fallback_Reason,Final_Executed_Action,Supervisor_Feedback,LLM_Latency_ms,LLM_Explanation,LLM_ReasonCodes
1,pressure,0,0,0,0,0.0,0.0,HOLD,HOLD,False,NONE,HOLD,LLM_HOLD,0.0,,
2,pressure,0,1,0,0,0.0,0.0,HOLD,HOLD,False,NONE,HOLD,LLM_HOLD,0.0,,
3,pressure,0,2,0,0,0.0,0.0,HOLD,HOLD,False,NONE,HOLD,LLM_HOLD,0.0,,
4,pressure,0,3,0,0,0.0,0.0,HOLD,HOLD,False,NONE,HOLD,LLM_HOLD,0.0,,
5,pressure,0,4,0,0,0.0,0.0,HOLD,HOLD,False,NONE,HOLD,LLM_HOLD,0.0,,
6,pressure,0,5,0,0,0.0,0.0,HOLD,HOLD,False,NONE,HOLD,LLM_HOLD,0.0,,
7,pressure,0,6,0,0,0.0,0.0,HOLD,HOLD,False,NONE,HOLD,LLM_HOLD,0.0,,
8,pressure,0,7,0,0,0.0,0.0,HOLD,HOLD,False,NONE,HOLD,LLM_HOLD,0.0,,
9,pressure,0,8,0,0,0.0,0.0,HOLD,HOLD,False,NONE,HOLD,LLM_HOLD,0.0,,
10,pressure,0,9,0,0,0.0,0.0,HOLD-REQUEST_EW,PRESSURE_DECISION,False,NONE,HOLD,LLM_HOLD,0.0,,
11,pressure,0,10,0,0,0.0,0.0,HOLD-REQUEST_EW,HOLD,False,NONE,HOLD,LLM_HOLD,0.0,,
12,pressure,0,11,0,2,0.0,2.0,HOLD-REQUEST_EW,HOLD,False,NONE,HOLD,LLM_HOLD,0.0,,
13,pressure,0,12,0,2,0.0,4.0,HOLD-REQUEST_EW,HOLD,False,NONE,HOLD,LLM_HOLD,0.0,,
14,pressure,0,13,0,2,0.0,6.0,HOLD-REQUEST_EW,HOLD,False,NONE,HOLD,LLM_HOLD,0.0,,
15,pressure,0,14,0,2,0.0,8.0,HOLD-REQUEST_EW,HOLD,False,NONE,HOLD,LLM_HOLD,0.0,,
16,pressure,0,15,0,2,0.0,10.0,HOLD-REQUEST_EW,HOLD,False,NONE,HOLD,LLM_HOLD,0.0,,
17,pressure,0,16,0,2,0.0,12.0,HOLD-REQUEST_EW,HOLD,False,NONE,HOLD,LLM_HOLD,0.0,,
18,pressure,0,17,0,3,0.0,15.0,HOLD-REQUEST_EW,HOLD,False,NONE,HOLD,LLM_HOLD,0.0,,
19,pressure,0,18,0,3,0.0,18.0,HOLD-REQUEST_EW,HOLD,False,NONE,HOLD,LLM_HOLD,0.0,,
20,pressure,0,19,0,4,0.0,22.0,HOLD-REQUEST_EW,PRESSURE_DECISION,False,NONE,SWITCH,LLM_APPROVED,0.0,,
21,pressure,1,0,0,4,0.0,26.0,HOLD,HOLD,False,NONE,HOLD,TRANSITION_IN_PROGRESS,0.0,,
22,pressure,1,1,0,4,0.0,30.0,HOLD,HOLD,False,NONE,HOLD,TRANSITION_IN_PROGRESS,0.0,,
23,pressure,1,2,1,6,1.0,36.0,HOLD,HOLD,False,NONE,HOLD,TRANSITION_IN_PROGRESS,0.0,,
24,pressure,2,0,2,6,3.0,42.0,HOLD,HOLD,False,NONE,HOLD,TRANSITION_IN_PROGRESS,0.0,,
25,pressure,2,1,2,6,5.0,48.0,HOLD,HOLD,False,NONE,HOLD,TRANSITION_IN_PROGRESS,0.0,,
26,pressure,3,0,2,4,7.0,24.0,HOLD,HOLD,False,NONE,HOLD,LLM_HOLD,0.0,,
27,pressure,3,1,2,2,9.0,10.0,HOLD,HOLD,False,NONE,HOLD,LLM_HOLD,0.0,,
28,pressure,3,2,2,1,11.0,1.0,HOLD,HOLD,False,NONE,HOLD,LLM_HOLD,0.0,,
29,pressure,3,3,3,0,14.0,0.0,HOLD,HOLD,False,NONE,HOLD,LLM_HOLD,0.0,,
30,pressure,3,4,4,0,18.0,0.0,HOLD,HOLD,False,NONE,HOLD,LLM_HOLD,0.0,,
31,pressure,3,5,4,0,22.0,0.0,HOLD,HOLD,False,NONE,HOLD,LLM_HOLD,0.0,,
32,pressure,3,6,4,0,26.0,0.0,HOLD,HOLD,False,NONE,HOLD,LLM_HOLD,0.0,,
33,pressure,3,7,4,0,30.0,0.0,HOLD,HOLD,False,NONE,HOLD,LLM_HOLD,0.0,,
34,pressure,3,8,5,0,35.0,0.0,HOLD,HOLD,False,NONE,HOLD,LLM_HOLD,0.0,,
35,pressure,3,9,6,0,41.0,0.0,HOLD-REQUEST_NS,HOLD,False,NONE,HOLD,LLM_HOLD,0.0,,
36,pressure,3,10,6,0,47.0,0.0,HOLD-REQUEST_NS,HOLD,False,NONE,HOLD,LLM_HOLD,0.0,,
37,pressure,3,11,6,0,53.0,0.0,HOLD-REQUEST_NS,HOLD,False,NONE,HOLD,LLM_HOLD,0.0,,
38,pressure,3,12,6,0,59.0,0.0,HOLD-REQUEST_NS,HOLD,False,NONE,HOLD,LLM_HOLD,0.0,,
39,pressure,3,13,6,0,65.0,0.0,HOLD-REQUEST_NS,HOLD,False,NONE,HOLD,LLM_HOLD,0.0,,
40,pressure,3,14,8,0,73.0,0.0,HOLD-REQUEST_NS,PRESSURE_DECISION,False,NONE,SWITCH,LLM_APPROVED,0.0,,
41,pressure,4,0,8,0,81.0,0.0,HOLD,HOLD,False,NONE,HOLD,TRANSITION_IN_PROGRESS,0.0,,
42,pressure,4,1,8,0,89.0,0.0,HOLD,HOLD,False,NONE,HOLD,TRANSITION_IN_PROGRESS,0.0,,
43,pressure,4,2,8,0,97.0,0.0,HOLD,HOLD,False,NONE,HOLD,TRANSITION_IN_PROGRESS,0.0,,
44,pressure,5,0,8,0,105.0,0.0,HOLD,HOLD,False,NONE,HOLD,TRANSITION_IN_PROGRESS,0.0,,
45,pressure,5,1,8,0,113.0,0.0,HOLD,HOLD,False,NONE,HOLD,TRANSITION_IN_PROGRESS,0.0,,
46,pressure,0,0,8,0,76.0,0.0,HOLD,HOLD,False,NONE,HOLD,LLM_HOLD,0.0,,
47,pressure,0,1,6,0,47.0,0.0,HOLD,HOLD,False,NONE,HOLD,LLM_HOLD,0.0,,
48,pressure,0,2,4,0,24.0,0.0,HOLD,HOLD,False,NONE,HOLD,LLM_HOLD,0.0,,
49,pressure,0,3,2,1,8.0,1.0,HOLD,HOLD,False,NONE,HOLD,LLM_HOLD,0.0,,
50,pressure,0,4,1,1,1.0,2.0,HOLD,HOLD,False,NONE,HOLD,LLM_HOLD,0.0,,
51,pressure,0,5,0,2,0.0,4.0,HOLD,HOLD,False,NONE,HOLD,LLM_HOLD,0.0,,
52,pressure,0,6,0,2,0.0,6.0,HOLD,HOLD,False,NONE,HOLD,LLM_HOLD,0.0,,
53,pressure,0,7,0,2,0.0,8.0,HOLD,HOLD,False,NONE,HOLD,LLM_HOLD,0.0,,
54,pressure,0,8,0,2,0.0,10.0,HOLD,HOLD,False,NONE,HOLD,LLM_HOLD,0.0,,
55,pressure,0,9,0,3,0.0,13.0,HOLD-REQUEST_EW,HOLD,False,NONE,HOLD,LLM_HOLD,0.0,,
56,pressure,0,10,0,3,0.0,16.0,HOLD-REQUEST_EW,HOLD,False,NONE,HOLD,LLM_HOLD,0.0,,
57,pressure,0,11,0,4,0.0,20.0,HOLD-REQUEST_EW,HOLD,False,NONE,HOLD,LLM_HOLD,0.0,,
58,pressure,0,12,0,4,0.0,24.0,HOLD-REQUEST_EW,HOLD,False,NONE,HOLD,LLM_HOLD,0.0,,
59,pressure,0,13,0,4,0.0,28.0,HOLD-REQUEST_EW,HOLD,False,NONE,HOLD,LLM_HOLD,0.0,,
60,pressure,0,14,0,4,0.0,32.0,HOLD-REQUEST_EW,PRESSURE_DECISION,False,NONE,SWITCH,LLM_APPROVED,0.0,,
61,pressure,1,0,0,5,0.0,37.0,HOLD,HOLD,False,NONE,HOLD,TRANSITION_IN_PROGRESS,0.0,,
62,pressure,1,1,0,6,0.0,43.0,HOLD,HOLD,False,NONE,HOLD,TRANSITION_IN_PROGRESS,0.0,,
63,pressure,1,2,0,6,0.0,49.0,HOLD,HOLD,False,NONE,HOLD,TRANSITION_IN_PROGRESS,0.0,,
64,pressure,2,0,1,6,1.0,55.0,HOLD,HOLD,False,NONE,HOLD,TRANSITION_IN_PROGRESS,0.0,,
65,pressure,2,1,2,6,3.0,61.0,HOLD,HOLD,False,NONE,HOLD,TRANSITION_IN_PROGRESS,0.0,,
66,pressure,3,0,2,4,5.0,33.0,HOLD,HOLD,False,NONE,HOLD,LLM_HOLD,0.0,,
67,pressure,3,1,2,3,7.0,14.0,HOLD,HOLD,False,NONE,HOLD,LLM_HOLD,0.0,,
68,pressure,3,2,2,2,9.0,3.0,HOLD,HOLD,False,NONE,HOLD,LLM_HOLD,0.0,,
69,pressure,3,3,2,0,11.0,0.0,HOLD,HOLD,False,NONE,HOLD,LLM_HOLD,0.0,,
70,pressure,3,4,3,0,14.0,0.0,HOLD,HOLD,False,NONE,HOLD,LLM_HOLD,0.0,,
71,pressure,3,5,4,0,18.0,0.0,HOLD,HOLD,False,NONE,HOLD,LLM_HOLD,0.0,,
72,pressure,3,6,4,0,22.0,0.0,HOLD,HOLD,False,NONE,HOLD,LLM_HOLD,0.0,,
73,pressure,3,7,4,0,26.0,0.0,HOLD,HOLD,False,NONE,HOLD,LLM_HOLD,0.0,,
74,pressure,3,8,4,0,30.0,0.0,HOLD,HOLD,False,NONE,HOLD,LLM_HOLD,0.0,,
75,pressure,3,9,5,0,35.0,0.0,HOLD-REQUEST_NS,HOLD,False,NONE,HOLD,LLM_HOLD,0.0,,
76,pressure,3,10,6,0,41.0,0.0,HOLD-REQUEST_NS,HOLD,False,NONE,HOLD,LLM_HOLD,0.0,,
77,pressure,3,11,6,0,47.0,0.0,HOLD-REQUEST_NS,HOLD,False,NONE,HOLD,LLM_HOLD,0.0,,
78,pressure,3,12,6,0,53.0,0.0,HOLD-REQUEST_NS,HOLD,False,NONE,HOLD,LLM_HOLD,0.0,,
79,pressure,3,13,6,0,59.0,0.0,HOLD-REQUEST_NS,HOLD,False,NONE,HOLD,LLM_HOLD,0.0,,
80,pressure,3,14,6,0,65.0,0.0,HOLD-REQUEST_NS,PRESSURE_DECISION,False,NONE,SWITCH,LLM_APPROVED,0.0,,
81,pressure,4,0,7,0,72.0,0.0,HOLD,HOLD,False,NONE,HOLD,TRANSITION_IN_PROGRESS,0.0,,
82,pressure,4,1,7,0,79.0,0.0,HOLD,HOLD,False,NONE,HOLD,TRANSITION_IN_PROGRESS,0.0,,
83,pressure,4,2,8,0,87.0,0.0,HOLD,HOLD,False,NONE,HOLD,TRANSITION_IN_PROGRESS,0.0,,
84,pressure,5,0,8,0,95.0,0.0,HOLD,HOLD,False,NONE,HOLD,TRANSITION_IN_PROGRESS,0.0,,
85,pressure,5,1,8,0,103.0,0.0,HOLD,HOLD,False,NONE,HOLD,TRANSITION_IN_PROGRESS,0.0,,
86,pressure,0,0,6,0,66.0,0.0,HOLD,HOLD,False,NONE,HOLD,LLM_HOLD,0.0,,
87,pressure,0,1,4,2,37.0,2.0,HOLD,HOLD,False,NONE,HOLD,LLM_HOLD,0.0,,
88,pressure,0,2,4,2,16.0,4.0,HOLD,HOLD,False,NONE,HOLD,LLM_HOLD,0.0,,
89,pressure,0,3,2,2,4.0,6.0,HOLD,HOLD,False,NONE,HOLD,LLM_HOLD,0.0,,
90,pressure,0,4,0,2,0.0,8.0,HOLD,HOLD,False,NONE,HOLD,LLM_HOLD,0.0,,
91,pressure,0,5,0,2,0.0,10.0,HOLD,HOLD,False,NONE,HOLD,LLM_HOLD,0.0,,
92,pressure,0,6,0,2,0.0,12.0,HOLD,HOLD,False,NONE,HOLD,LLM_HOLD,0.0,,
93,pressure,0,7,0,3,0.0,15.0,HOLD,HOLD,False,NONE,HOLD,LLM_HOLD,0.0,,
94,pressure,0,8,0,4,0.0,19.0,HOLD,HOLD,False,NONE,HOLD,LLM_HOLD,0.0,,
95,pressure,0,9,0,4,0.0,23.0,HOLD-REQUEST_EW,HOLD,False,NONE,HOLD,LLM_HOLD,0.0,,
96,pressure,0,10,0,4,0.0,27.0,HOLD-REQUEST_EW,HOLD,False,NONE,HOLD,LLM_HOLD,0.0,,
97,pressure,0,11,0,4,0.0,31.0,HOLD-REQUEST_EW,HOLD,False,NONE,HOLD,LLM_HOLD,0.0,,
98,pressure,0,12,0,5,0.0,36.0,HOLD-REQUEST_EW,HOLD,False,NONE,HOLD,LLM_HOLD,0.0,,
99,pressure,0,13,0,6,0.0,42.0,HOLD-REQUEST_EW,HOLD,False,NONE,HOLD,LLM_HOLD,0.0,,
100,pressure,0,14,0,6,0.0,48.0,HOLD-REQUEST_EW,PRESSURE_DECISION,False,NONE,SWITCH,LLM_APPROVED,0.0,,
101,pressure,1,0,0,6,0.0,54.0,HOLD,HOLD,False,NONE,HOLD,TRANSITION_IN_PROGRESS,0.0,,
102,pressure,1,1,0,6,0.0,60.0,HOLD,HOLD,False,NONE,HOLD,TRANSITION_IN_PROGRESS,0.0,,
103,pressure,1,2,0,6,0.0,66.0,HOLD,HOLD,False,NONE,HOLD,TRANSITION_IN_PROGRESS,0.0,,
104,pressure,2,0,0,7,0.0,73.0,HOLD,HOLD,False,NONE,HOLD,TRANSITION_IN_PROGRESS,0.0,,
105,pressure,2,1,0,8,0.0,81.0,HOLD,HOLD,False,NONE,HOLD,TRANSITION_IN_PROGRESS,0.0,,
106,pressure,3,0,0,6,0.0,49.0,HOLD,HOLD,False,NONE,HOLD,LLM_HOLD,0.0,,
107,pressure,3,1,1,4,1.0,26.0,HOLD,HOLD,False,NONE,HOLD,LLM_HOLD,0.0,,
108,pressure,3,2,2,2,3.0,9.0,HOLD,HOLD,False,NONE,HOLD,LLM_HOLD,0.0,,
109,pressure,3,3,2,0,5.0,0.0,HOLD,HOLD,False,NONE,HOLD,LLM_HOLD,0.0,,
110,pressure,3,4,2,0,7.0,0.0,HOLD,HOLD,False,NONE,HOLD,LLM_HOLD,0.0,,
111,pressure,3,5,2,0,9.0,0.0,HOLD,HOLD,False,NONE,HOLD,LLM_HOLD,0.0,,
112,pressure,3,6,2,0,11.0,0.0,HOLD,HOLD,False,NONE,HOLD,LLM_HOLD,0.0,,
113,pressure,3,7,4,0,15.0,0.0,HOLD,HOLD,False,NONE,HOLD,LLM_HOLD,0.0,,
114,pressure,3,8,4,0,19.0,0.0,HOLD,HOLD,False,NONE,HOLD,LLM_HOLD,0.0,,
115,pressure,3,9,4,0,23.0,0.0,HOLD-REQUEST_NS,HOLD,False,NONE,HOLD,LLM_HOLD,0.0,,
116,pressure,3,10,4,0,27.0,0.0,HOLD-REQUEST_NS,HOLD,False,NONE,HOLD,LLM_HOLD,0.0,,
117,pressure,3,11,4,0,31.0,0.0,HOLD-REQUEST_NS,HOLD,False,NONE,HOLD,LLM_HOLD,0.0,,
118,pressure,3,12,6,0,37.0,0.0,HOLD-REQUEST_NS,HOLD,False,NONE,HOLD,LLM_HOLD,0.0,,
119,pressure,3,13,6,0,43.0,0.0,HOLD-REQUEST_NS,HOLD,False,NONE,HOLD,LLM_HOLD,0.0,,
120,pressure,3,14,6,0,49.0,0.0,HOLD-REQUEST_NS,PRESSURE_DECISION,False,NONE,SWITCH,LLM_APPROVED,0.0,,
121,pressure,4,0,6,0,55.0,0.0,HOLD,HOLD,False,NONE,HOLD,TRANSITION_IN_PROGRESS,0.0,,
122,pressure,4,1,6,0,61.0,0.0,HOLD,HOLD,False,NONE,HOLD,TRANSITION_IN_PROGRESS,0.0,,
123,pressure,4,2,6,0,67.0,0.0,HOLD,HOLD,False,NONE,HOLD,TRANSITION_IN_PROGRESS,0.0,,
124,pressure,5,0,7,0,74.0,0.0,HOLD,HOLD,False,NONE,HOLD,TRANSITION_IN_PROGRESS,0.0,,
125,pressure,5,1,8,1,82.0,1.0,HOLD,HOLD,False,NONE,HOLD,TRANSITION_IN_PROGRESS,0.0,,
126,pressure,0,0,6,1,51.0,2.0,HOLD,HOLD,False,NONE,HOLD,LLM_HOLD,0.0,,
127,pressure,0,1,4,2,27.0,4.0,HOLD,HOLD,False,NONE,HOLD,LLM_HOLD,0.0,,
128,pressure,0,2,2,2,9.0,6.0,HOLD,HOLD,False,NONE,HOLD,LLM_HOLD,0.0,,
129,pressure,0,3,1,2,1.0,8.0,HOLD,HOLD,False,NONE,HOLD,LLM_HOLD,0.0,,
130,pressure,0,4,0,2,0.0,10.0,HOLD,HOLD,False,NONE,HOLD,LLM_HOLD,0.0,,
131,pressure,0,5,0,2,0.0,12.0,HOLD,HOLD,False,NONE,HOLD,LLM_HOLD,0.0,,
132,pressure,0,6,0,2,0.0,14.0,HOLD,HOLD,False,NONE,HOLD,LLM_HOLD,0.0,,
133,pressure,0,7,0,3,0.0,17.0,HOLD,HOLD,False,NONE,HOLD,LLM_HOLD,0.0,,
134,pressure,0,8,0,4,0.0,21.0,HOLD,HOLD,False,NONE,HOLD,LLM_HOLD,0.0,,
135,pressure,0,9,0,4,0.0,25.0,HOLD-REQUEST_EW,HOLD,False,NONE,HOLD,LLM_HOLD,0.0,,
136,pressure,0,10,0,4,0.0,29.0,HOLD-REQUEST_EW,HOLD,False,NONE,HOLD,LLM_HOLD,0.0,,
137,pressure,0,11,0,5,0.0,34.0,HOLD-REQUEST_EW,HOLD,False,NONE,HOLD,LLM_HOLD,0.0,,
138,pressure,0,12,0,6,0.0,40.0,HOLD-REQUEST_EW,HOLD,False,NONE,HOLD,LLM_HOLD,0.0,,
139,pressure,0,13,0,6,0.0,46.0,HOLD-REQUEST_EW,HOLD,False,NONE,HOLD,LLM_HOLD,0.0,,
140,pressure,0,14,0,6,0.0,52.0,HOLD-REQUEST_EW,PRESSURE_DECISION,False,NONE,SWITCH,LLM_APPROVED,0.0,,
141,pressure,1,0,0,6,0.0,58.0,HOLD,HOLD,False,NONE,HOLD,TRANSITION_IN_PROGRESS,0.0,,
142,pressure,1,1,0,6,0.0,64.0,HOLD,HOLD,False,NONE,HOLD,TRANSITION_IN_PROGRESS,0.0,,
143,pressure,1,2,0,7,0.0,71.0,HOLD,HOLD,False,NONE,HOLD,TRANSITION_IN_PROGRESS,0.0,,
144,pressure,2,0,0,8,0.0,79.0,HOLD,HOLD,False,NONE,HOLD,TRANSITION_IN_PROGRESS,0.0,,
145,pressure,2,1,0,8,0.0,87.0,HOLD,HOLD,False,NONE,HOLD,TRANSITION_IN_PROGRESS,0.0,,
146,pressure,3,0,0,6,0.0,53.0,HOLD,HOLD,False,NONE,HOLD,LLM_HOLD,0.0,,
147,pressure,3,1,0,5,0.0,31.0,HOLD,HOLD,False,NONE,HOLD,LLM_HOLD,0.0,,
148,pressure,3,2,0,4,0.0,14.0,HOLD,HOLD,False,NONE,HOLD,LLM_HOLD,0.0,,
149,pressure,3,3,0,2,0.0,5.0,HOLD,HOLD,False,NONE,HOLD,LLM_HOLD,0.0,,
150,pressure,3,4,2,0,2.0,0.0,HOLD,HOLD,False,NONE,HOLD,LLM_HOLD,0.0,,
151,pressure,3,5,2,0,4.0,0.0,HOLD,HOLD,False,NONE,HOLD,LLM_HOLD,0.0,,
152,pressure,3,6,2,0,6.0,0.0,HOLD,HOLD,False,NONE,HOLD,LLM_HOLD,0.0,,
153,pressure,3,7,2,0,8.0,0.0,HOLD,HOLD,False,NONE,HOLD,LLM_HOLD,0.0,,
154,pressure,3,8,2,0,10.0,0.0,HOLD,HOLD,False,NONE,HOLD,LLM_HOLD,0.0,,
155,pressure,3,9,3,0,13.0,0.0,HOLD-REQUEST_NS,HOLD,False,NONE,HOLD,LLM_HOLD,0.0,,
156,pressure,3,10,4,0,17.0,0.0,HOLD-REQUEST_NS,HOLD,False,NONE,HOLD,LLM_HOLD,0.0,,
157,pressure,3,11,4,0,21.0,0.0,HOLD-REQUEST_NS,HOLD,False,NONE,HOLD,LLM_HOLD,0.0,,
158,pressure,3,12,4,0,25.0,0.0,HOLD-REQUEST_NS,HOLD,False,NONE,HOLD,LLM_HOLD,0.0,,
159,pressure,3,13,4,0,29.0,0.0,HOLD-REQUEST_NS,HOLD,False,NONE,HOLD,LLM_HOLD,0.0,,
160,pressure,3,14,4,0,33.0,0.0,HOLD-REQUEST_NS,PRESSURE_DECISION,False,NONE,SWITCH,LLM_APPROVED,0.0,,
161,pressure,4,0,5,0,38.0,0.0,HOLD,HOLD,False,NONE,HOLD,TRANSITION_IN_PROGRESS,0.0,,
162,pressure,4,1,6,0,44.0,0.0,HOLD,HOLD,False,NONE,HOLD,TRANSITION_IN_PROGRESS,0.0,,
163,pressure,4,2,6,0,50.0,0.0,HOLD,HOLD,False,NONE,HOLD,TRANSITION_IN_PROGRESS,0.0,,
164,pressure,5,0,6,0,56.0,0.0,HOLD,HOLD,False,NONE,HOLD,TRANSITION_IN_PROGRESS,0.0,,
165,pressure,5,1,6,0,62.0,0.0,HOLD,HOLD,False,NONE,HOLD,TRANSITION_IN_PROGRESS,0.0,,
166,pressure,0,0,4,0,34.0,0.0,HOLD,HOLD,False,NONE,HOLD,LLM_HOLD,0.0,,
167,pressure,0,1,4,0,15.0,0.0,HOLD,HOLD,False,NONE,HOLD,LLM_HOLD,0.0,,
168,pressure,0,2,2,0,4.0,0.0,HOLD,HOLD,False,NONE,HOLD,LLM_HOLD,0.0,,
169,pressure,0,3,0,2,0.0,2.0,HOLD,HOLD,False,NONE,HOLD,LLM_HOLD,0.0,,
170,pressure,0,4,0,2,0.0,4.0,HOLD,HOLD,False,NONE,HOLD,LLM_HOLD,0.0,,
171,pressure,0,5,0,2,0.0,6.0,HOLD,HOLD,False,NONE,HOLD,LLM_HOLD,0.0,,
172,pressure,0,6,0,2,0.0,8.0,HOLD,HOLD,False,NONE,HOLD,LLM_HOLD,0.0,,
173,pressure,0,7,0,2,0.0,10.0,HOLD,HOLD,False,NONE,HOLD,LLM_HOLD,0.0,,
174,pressure,0,8,0,2,0.0,12.0,HOLD,HOLD,False,NONE,HOLD,LLM_HOLD,0.0,,
175,pressure,0,9,0,2,0.0,14.0,HOLD-REQUEST_EW,HOLD,False,NONE,HOLD,LLM_HOLD,0.0,,
176,pressure,0,10,0,2,0.0,16.0,HOLD-REQUEST_EW,HOLD,False,NONE,HOLD,LLM_HOLD,0.0,,
177,pressure,0,11,0,4,0.0,20.0,HOLD-REQUEST_EW,HOLD,False,NONE,HOLD,LLM_HOLD,0.0,,
178,pressure,0,12,0,4,0.0,24.0,HOLD-REQUEST_EW,HOLD,False,NONE,HOLD,LLM_HOLD,0.0,,
179,pressure,0,13,0,4,0.0,28.0,HOLD-REQUEST_EW,HOLD,False,NONE,HOLD,LLM_HOLD,0.0,,
180,pressure,0,14,0,4,0.0,32.0,HOLD-REQUEST_EW,PRESSURE_DECISION,False,NONE,SWITCH,LLM_APPROVED,0.0,,
181,pressure,1,0,0,4,0.0,36.0,HOLD,HOLD,False,NONE,HOLD,TRANSITION_IN_PROGRESS,0.0,,
182,pressure,1,1,0,6,0.0,42.0,HOLD,HOLD,False,NONE,HOLD,TRANSITION_IN_PROGRESS,0.0,,
183,pressure,1,2,0,6,0.0,48.0,HOLD,HOLD,False,NONE,HOLD,TRANSITION_IN_PROGRESS,0.0,,
184,pressure,2,0,0,6,0.0,54.0,HOLD,HOLD,False,NONE,HOLD,TRANSITION_IN_PROGRESS,0.0,,
185,pressure,2,1,0,6,0.0,60.0,HOLD,HOLD,False,NONE,HOLD,TRANSITION_IN_PROGRESS,0.0,,
186,pressure,3,0,2,4,2.0,30.0,HOLD,HOLD,False,NONE,HOLD,LLM_HOLD,0.0,,
187,pressure,3,1,2,3,4.0,13.0,HOLD,HOLD,False,NONE,HOLD,LLM_HOLD,0.0,,
188,pressure,3,2,2,2,6.0,3.0,HOLD,HOLD,False,NONE,HOLD,LLM_HOLD,0.0,,
189,pressure,3,3,2,0,8.0,0.0,HOLD,HOLD,False,NONE,HOLD,LLM_HOLD,0.0,,
190,pressure,3,4,2,0,10.0,0.0,HOLD,HOLD,False,NONE,HOLD,LLM_HOLD,0.0,,
191,pressure,3,5,4,0,14.0,0.0,HOLD,HOLD,False,NONE,HOLD,LLM_HOLD,0.0,,
192,pressure,3,6,4,0,18.0,0.0,HOLD,HOLD,False,NONE,HOLD,LLM_HOLD,0.0,,
193,pressure,3,7,4,0,22.0,0.0,HOLD,HOLD,False,NONE,HOLD,LLM_HOLD,0.0,,
194,pressure,3,8,4,0,26.0,0.0,HOLD,HOLD,False,NONE,HOLD,LLM_HOLD,0.0,,
195,pressure,3,9,4,0,30.0,0.0,HOLD-REQUEST_NS,HOLD,False,NONE,HOLD,LLM_HOLD,0.0,,
196,pressure,3,10,5,0,35.0,0.0,HOLD-REQUEST_NS,HOLD,False,NONE,HOLD,LLM_HOLD,0.0,,
197,pressure,3,11,6,0,41.0,0.0,HOLD-REQUEST_NS,HOLD,False,NONE,HOLD,LLM_HOLD,0.0,,
198,pressure,3,12,6,0,47.0,0.0,HOLD-REQUEST_NS,HOLD,False,NONE,HOLD,LLM_HOLD,0.0,,
199,pressure,3,13,6,0,53.0,0.0,HOLD-REQUEST_NS,HOLD,False,NONE,HOLD,LLM_HOLD,0.0,,
200,pressure,3,14,6,0,59.0,0.0,HOLD-REQUEST_NS,PRESSURE_DECISION,False,NONE,SWITCH,LLM_APPROVED,0.0,,
201,pressure,4,0,6,0,65.0,0.0,HOLD,HOLD,False,NONE,HOLD,TRANSITION_IN_PROGRESS,0.0,,
202,pressure,4,1,7,0,72.0,0.0,HOLD,HOLD,False,NONE,HOLD,TRANSITION_IN_PROGRESS,0.0,,
203,pressure,4,2,8,0,80.0,0.0,HOLD,HOLD,False,NONE,HOLD,TRANSITION_IN_PROGRESS,0.0,,
204,pressure,5,0,8,0,88.0,0.0,HOLD,HOLD,False,NONE,HOLD,TRANSITION_IN_PROGRESS,0.0,,
205,pressure,5,1,8,0,96.0,0.0,HOLD,HOLD,False,NONE,HOLD,TRANSITION_IN_PROGRESS,0.0,,
206,pressure,0,0,6,0,62.0,0.0,HOLD,HOLD,False,NONE,HOLD,LLM_HOLD,0.0,,
207,pressure,0,1,5,1,35.0,1.0,HOLD,HOLD,False,NONE,HOLD,LLM_HOLD,0.0,,
208,pressure,0,2,4,2,16.0,3.0,HOLD,HOLD,False,NONE,HOLD,LLM_HOLD,0.0,,
209,pressure,0,3,2,2,5.0,5.0,HOLD,HOLD,False,NONE,HOLD,LLM_HOLD,0.0,,
210,pressure,0,4,0,2,0.0,7.0,HOLD,HOLD,False,NONE,HOLD,LLM_HOLD,0.0,,
211,pressure,0,5,0,2,0.0,9.0,HOLD,HOLD,False,NONE,HOLD,LLM_HOLD,0.0,,
212,pressure,0,6,0,2,0.0,11.0,HOLD,HOLD,False,NONE,HOLD,LLM_HOLD,0.0,,
213,pressure,0,7,0,2,0.0,13.0,HOLD,HOLD,False,NONE,HOLD,LLM_HOLD,0.0,,
214,pressure,0,8,0,4,0.0,17.0,HOLD,HOLD,False,NONE,HOLD,LLM_HOLD,0.0,,
215,pressure,0,9,0,4,0.0,21.0,HOLD-REQUEST_EW,HOLD,False,NONE,HOLD,LLM_HOLD,0.0,,
216,pressure,0,10,0,4,0.0,25.0,HOLD-REQUEST_EW,HOLD,False,NONE,HOLD,LLM_HOLD,0.0,,
217,pressure,0,11,0,4,0.0,29.0,HOLD-REQUEST_EW,HOLD,False,NONE,HOLD,LLM_HOLD,0.0,,
218,pressure,0,12,0,4,0.0,33.0,HOLD-REQUEST_EW,HOLD,False,NONE,HOLD,LLM_HOLD,0.0,,
219,pressure,0,13,0,5,0.0,38.0,HOLD-REQUEST_EW,HOLD,False,NONE,HOLD,LLM_HOLD,0.0,,
220,pressure,0,14,0,6,0.0,44.0,HOLD-REQUEST_EW,PRESSURE_DECISION,False,NONE,SWITCH,LLM_APPROVED,0.0,,
221,pressure,1,0,0,6,0.0,50.0,HOLD,HOLD,False,NONE,HOLD,TRANSITION_IN_PROGRESS,0.0,,
222,pressure,1,1,0,6,0.0,56.0,HOLD,HOLD,False,NONE,HOLD,TRANSITION_IN_PROGRESS,0.0,,
223,pressure,1,2,0,6,0.0,62.0,HOLD,HOLD,False,NONE,HOLD,TRANSITION_IN_PROGRESS,0.0,,
224,pressure,2,0,0,7,0.0,69.0,HOLD,HOLD,False,NONE,HOLD,TRANSITION_IN_PROGRESS,0.0,,
225,pressure,2,1,0,8,0.0,77.0,HOLD,HOLD,False,NONE,HOLD,TRANSITION_IN_PROGRESS,0.0,,
226,pressure,3,0,1,6,1.0,46.0,HOLD,HOLD,False,NONE,HOLD,LLM_HOLD,0.0,,
227,pressure,3,1,2,4,3.0,24.0,HOLD,HOLD,False,NONE,HOLD,LLM_HOLD,0.0,,
228,pressure,3,2,2,2,5.0,9.0,HOLD,HOLD,False,NONE,HOLD,LLM_HOLD,0.0,,
229,pressure,3,3,2,0,7.0,0.0,HOLD,HOLD,False,NONE,HOLD,LLM_HOLD,0.0,,
230,pressure,3,4,2,0,9.0,0.0,HOLD,HOLD,False,NONE,HOLD,LLM_HOLD,0.0,,
231,pressure,3,5,2,0,11.0,0.0,HOLD,HOLD,False,NONE,HOLD,LLM_HOLD,0.0,,
232,pressure,3,6,2,0,13.0,0.0,HOLD,HOLD,False,NONE,HOLD,LLM_HOLD,0.0,,
233,pressure,3,7,2,0,15.0,0.0,HOLD,HOLD,False,NONE,HOLD,LLM_HOLD,0.0,,
234,pressure,3,8,4,0,19.0,0.0,HOLD,HOLD,False,NONE,HOLD,LLM_HOLD,0.0,,
235,pressure,3,9,4,0,23.0,0.0,HOLD-REQUEST_NS,HOLD,False,NONE,HOLD,LLM_HOLD,0.0,,
236,pressure,3,10,4,0,27.0,0.0,HOLD-REQUEST_NS,HOLD,False,NONE,HOLD,LLM_HOLD,0.0,,
237,pressure,3,11,5,0,32.0,0.0,HOLD-REQUEST_NS,HOLD,False,NONE,HOLD,LLM_HOLD,0.0,,
238,pressure,3,12,5,0,37.0,0.0,HOLD-REQUEST_NS,HOLD,False,NONE,HOLD,LLM_HOLD,0.0,,
239,pressure,3,13,6,0,43.0,0.0,HOLD-REQUEST_NS,HOLD,False,NONE,HOLD,LLM_HOLD,0.0,,
240,pressure,3,14,6,0,49.0,0.0,HOLD-REQUEST_NS,PRESSURE_DECISION,False,NONE,SWITCH,LLM_APPROVED,0.0,,
241,pressure,4,0,6,0,55.0,0.0,HOLD,HOLD,False,NONE,HOLD,TRANSITION_IN_PROGRESS,0.0,,
242,pressure,4,1,6,0,61.0,0.0,HOLD,HOLD,False,NONE,HOLD,TRANSITION_IN_PROGRESS,0.0,,
243,pressure,4,2,7,0,68.0,0.0,HOLD,HOLD,False,NONE,HOLD,TRANSITION_IN_PROGRESS,0.0,,
244,pressure,5,0,8,0,76.0,0.0,HOLD,HOLD,False,NONE,HOLD,TRANSITION_IN_PROGRESS,0.0,,
245,pressure,5,1,8,0,84.0,0.0,HOLD,HOLD,False,NONE,HOLD,TRANSITION_IN_PROGRESS,0.0,,
246,pressure,0,0,6,2,51.0,2.0,HOLD,HOLD,False,NONE,HOLD,LLM_HOLD,0.0,,
247,pressure,0,1,4,2,29.0,4.0,HOLD,HOLD,False,NONE,HOLD,LLM_HOLD,0.0,,
248,pressure,0,2,2,2,11.0,6.0,HOLD,HOLD,False,NONE,HOLD,LLM_HOLD,0.0,,
249,pressure,0,3,0,2,0.0,8.0,HOLD,HOLD,False,NONE,HOLD,LLM_HOLD,0.0,,
250,pressure,0,4,0,2,0.0,10.0,HOLD,HOLD,False,NONE,HOLD,LLM_HOLD,0.0,,
251,pressure,0,5,0,2,0.0,12.0,HOLD,HOLD,False,NONE,HOLD,LLM_HOLD,0.0,,
252,pressure,0,6,0,4,0.0,16.0,HOLD,HOLD,False,NONE,HOLD,LLM_HOLD,0.0,,
253,pressure,0,7,0,4,0.0,20.0,HOLD,HOLD,False,NONE,HOLD,LLM_HOLD,0.0,,
254,pressure,0,8,0,4,0.0,24.0,HOLD,HOLD,False,NONE,HOLD,LLM_HOLD,0.0,,
255,pressure,0,9,0,4,0.0,28.0,HOLD-REQUEST_EW,HOLD,False,NONE,HOLD,LLM_HOLD,0.0,,
256,pressure,0,10,0,4,0.0,32.0,HOLD-REQUEST_EW,HOLD,False,NONE,HOLD,LLM_HOLD,0.0,,
257,pressure,0,11,0,5,0.0,37.0,HOLD-REQUEST_EW,HOLD,False,NONE,HOLD,LLM_HOLD,0.0,,
258,pressure,0,12,0,6,0.0,43.0,HOLD-REQUEST_EW,HOLD,False,NONE,HOLD,LLM_HOLD,0.0,,
259,pressure,0,13,0,6,0.0,49.0,HOLD-REQUEST_EW,HOLD,False,NONE,HOLD,LLM_HOLD,0.0,,
260,pressure,0,14,0,6,0.0,55.0,HOLD-REQUEST_EW,PRESSURE_DECISION,False,NONE,SWITCH,LLM_APPROVED,0.0,,
261,pressure,1,0,0,6,0.0,61.0,HOLD,HOLD,False,NONE,HOLD,TRANSITION_IN_PROGRESS,0.0,,
262,pressure,1,1,0,6,0.0,67.0,HOLD,HOLD,False,NONE,HOLD,TRANSITION_IN_PROGRESS,0.0,,
263,pressure,1,2,0,8,0.0,75.0,HOLD,HOLD,False,NONE,HOLD,TRANSITION_IN_PROGRESS,0.0,,
264,pressure,2,0,0,8,0.0,83.0,HOLD,HOLD,False,NONE,HOLD,TRANSITION_IN_PROGRESS,0.0,,
265,pressure,2,1,0,8,0.0,91.0,HOLD,HOLD,False,NONE,HOLD,TRANSITION_IN_PROGRESS,0.0,,
266,pressure,3,0,0,6,0.0,57.0,HOLD,HOLD,False,NONE,HOLD,LLM_HOLD,0.0,,
267,pressure,3,1,0,4,0.0,31.0,HOLD,HOLD,False,NONE,HOLD,LLM_HOLD,0.0,,
268,pressure,3,2,0,2,0.0,12.0,HOLD,HOLD,False,NONE,HOLD,LLM_HOLD,0.0,,
269,pressure,3,3,1,2,1.0,2.0,HOLD,HOLD,False,NONE,HOLD,LLM_HOLD,0.0,,
270,pressure,3,4,1,0,2.0,0.0,HOLD,HOLD,False,NONE,HOLD,LLM_HOLD,0.0,,
271,pressure,3,5,2,0,4.0,0.0,HOLD,HOLD,False,NONE,HOLD,LLM_HOLD,0.0,,
272,pressure,3,6,2,0,6.0,0.0,HOLD,HOLD,False,NONE,HOLD,LLM_HOLD,0.0,,
273,pressure,3,7,2,0,8.0,0.0,HOLD,HOLD,False,NONE,HOLD,LLM_HOLD,0.0,,
274,pressure,3,8,2,0,10.0,0.0,HOLD,HOLD,False,NONE,HOLD,LLM_HOLD,0.0,,
275,pressure,3,9,3,0,13.0,0.0,HOLD-REQUEST_NS,HOLD,False,NONE,HOLD,LLM_HOLD,0.0,,
276,pressure,3,10,4,0,17.0,0.0,HOLD-REQUEST_NS,HOLD,False,NONE,HOLD,LLM_HOLD,0.0,,
277,pressure,3,11,4,0,21.0,0.0,HOLD-REQUEST_NS,HOLD,False,NONE,HOLD,LLM_HOLD,0.0,,
278,pressure,3,12,4,0,25.0,0.0,HOLD-REQUEST_NS,HOLD,False,NONE,HOLD,LLM_HOLD,0.0,,
279,pressure,3,13,4,0,29.0,0.0,HOLD-REQUEST_NS,HOLD,False,NONE,HOLD,LLM_HOLD,0.0,,
280,pressure,3,14,5,0,34.0,0.0,HOLD-REQUEST_NS,PRESSURE_DECISION,False,NONE,SWITCH,LLM_APPROVED,0.0,,
281,pressure,4,0,6,0,40.0,0.0,HOLD,HOLD,False,NONE,HOLD,TRANSITION_IN_PROGRESS,0.0,,
282,pressure,4,1,6,0,46.0,0.0,HOLD,HOLD,False,NONE,HOLD,TRANSITION_IN_PROGRESS,0.0,,
283,pressure,4,2,6,0,52.0,0.0,HOLD,HOLD,False,NONE,HOLD,TRANSITION_IN_PROGRESS,0.0,,
284,pressure,5,0,6,1,58.0,1.0,HOLD,HOLD,False,NONE,HOLD,TRANSITION_IN_PROGRESS,0.0,,
285,pressure,5,1,7,1,65.0,2.0,HOLD,HOLD,False,NONE,HOLD,TRANSITION_IN_PROGRESS,0.0,,
286,pressure,0,0,6,1,39.0,3.0,HOLD,HOLD,False,NONE,HOLD,LLM_HOLD,0.0,,
287,pressure,0,1,4,1,20.0,4.0,HOLD,HOLD,False,NONE,HOLD,LLM_HOLD,0.0,,
288,pressure,0,2,2,1,7.0,5.0,HOLD,HOLD,False,NONE,HOLD,LLM_HOLD,0.0,,
289,pressure,0,3,0,1,0.0,6.0,HOLD,HOLD,False,NONE,HOLD,LLM_HOLD,0.0,,
290,pressure,0,4,0,3,0.0,9.0,HOLD,HOLD,False,NONE,HOLD,LLM_HOLD,0.0,,
291,pressure,0,5,0,3,0.0,12.0,HOLD,HOLD,False,NONE,HOLD,LLM_HOLD,0.0,,
292,pressure,0,6,0,3,0.0,15.0,HOLD,HOLD,False,NONE,HOLD,LLM_HOLD,0.0,,
293,pressure,0,7,0,3,0.0,18.0,HOLD,HOLD,False,NONE,HOLD,LLM_HOLD,0.0,,
294,pressure,0,8,0,3,0.0,21.0,HOLD,HOLD,False,NONE,HOLD,LLM_HOLD,0.0,,
295,pressure,0,9,0,3,0.0,24.0,HOLD-REQUEST_EW,HOLD,False,NONE,HOLD,LLM_HOLD,0.0,,
296,pressure,0,10,0,4,0.0,28.0,HOLD-REQUEST_EW,HOLD,False,NONE,HOLD,LLM_HOLD,0.0,,
297,pressure,0,11,0,5,0.0,33.0,HOLD-REQUEST_EW,HOLD,False,NONE,HOLD,LLM_HOLD,0.0,,
298,pressure,0,12,0,5,0.0,38.0,HOLD-REQUEST_EW,HOLD,False,NONE,HOLD,LLM_HOLD,0.0,,
299,pressure,0,13,0,5,0.0,43.0,HOLD-REQUEST_EW,HOLD,False,NONE,HOLD,LLM_HOLD,0.0,,
300,pressure,0,14,0,5,0.0,48.0,HOLD-REQUEST_EW,PRESSURE_DECISION,False,NONE,SWITCH,LLM_APPROVED,0.0,,
301,pressure,1,0,0,6,0.0,54.0,HOLD,HOLD,False,NONE,HOLD,TRANSITION_IN_PROGRESS,0.0,,
302,pressure,1,1,0,6,0.0,60.0,HOLD,HOLD,False,NONE,HOLD,TRANSITION_IN_PROGRESS,0.0,,
303,pressure,1,2,0,7,0.0,67.0,HOLD,HOLD,False,NONE,HOLD,TRANSITION_IN_PROGRESS,0.0,,
304,pressure,2,0,1,7,1.0,74.0,HOLD,HOLD,False,NONE,HOLD,TRANSITION_IN_PROGRESS,0.0,,
305,pressure,2,1,2,7,3.0,81.0,HOLD,HOLD,False,NONE,HOLD,TRANSITION_IN_PROGRESS,0.0,,
306,pressure,3,0,2,7,5.0,50.0,HOLD,HOLD,False,NONE,HOLD,LLM_HOLD,0.0,,
307,pressure,3,1,2,5,7.0,28.0,HOLD,HOLD,False,NONE,HOLD,LLM_HOLD,0.0,,
308,pressure,3,2,2,3,9.0,14.0,HOLD,HOLD,False,NONE,HOLD,LLM_HOLD,0.0,,
309,pressure,3,3,2,1,11.0,4.0,HOLD,HOLD,False,NONE,HOLD,LLM_HOLD,0.0,,
310,pressure,3,4,2,0,13.0,0.0,HOLD,HOLD,False,NONE,HOLD,LLM_HOLD,0.0,,
311,pressure,3,5,2,0,15.0,0.0,HOLD,HOLD,False,NONE,HOLD,LLM_HOLD,0.0,,
312,pressure,3,6,4,0,19.0,0.0,HOLD,HOLD,False,NONE,HOLD,LLM_HOLD,0.0,,
313,pressure,3,7,4,0,23.0,0.0,HOLD,HOLD,False,NONE,HOLD,LLM_HOLD,0.0,,
314,pressure,3,8,4,0,27.0,0.0,HOLD,HOLD,False,NONE,HOLD,LLM_HOLD,0.0,,
315,pressure,3,9,4,0,31.0,0.0,HOLD-REQUEST_NS,HOLD,False,NONE,HOLD,LLM_HOLD,0.0,,
316,pressure,3,10,5,0,36.0,0.0,HOLD-REQUEST_NS,HOLD,False,NONE,HOLD,LLM_HOLD,0.0,,
317,pressure,3,11,6,0,42.0,0.0,HOLD-REQUEST_NS,HOLD,False,NONE,HOLD,LLM_HOLD,0.0,,
318,pressure,3,12,6,0,48.0,0.0,HOLD-REQUEST_NS,HOLD,False,NONE,HOLD,LLM_HOLD,0.0,,
319,pressure,3,13,6,0,54.0,0.0,HOLD-REQUEST_NS,HOLD,False,NONE,HOLD,LLM_HOLD,0.0,,
320,pressure,3,14,6,0,60.0,0.0,HOLD-REQUEST_NS,PRESSURE_DECISION,False,NONE,SWITCH,LLM_APPROVED,0.0,,
321,pressure,4,0,6,0,66.0,0.0,HOLD,HOLD,False,NONE,HOLD,TRANSITION_IN_PROGRESS,0.0,,
322,pressure,4,1,8,0,74.0,0.0,HOLD,HOLD,False,NONE,HOLD,TRANSITION_IN_PROGRESS,0.0,,
323,pressure,4,2,8,0,82.0,0.0,HOLD,HOLD,False,NONE,HOLD,TRANSITION_IN_PROGRESS,0.0,,
324,pressure,5,0,8,0,90.0,0.0,HOLD,HOLD,False,NONE,HOLD,TRANSITION_IN_PROGRESS,0.0,,
325,pressure,5,1,8,0,98.0,0.0,HOLD,HOLD,False,NONE,HOLD,TRANSITION_IN_PROGRESS,0.0,,
326,pressure,0,0,6,1,61.0,1.0,HOLD,HOLD,False,NONE,HOLD,LLM_HOLD,0.0,,
327,pressure,0,1,5,1,36.0,2.0,HOLD,HOLD,False,NONE,HOLD,LLM_HOLD,0.0,,
328,pressure,0,2,4,2,17.0,4.0,HOLD,HOLD,False,NONE,HOLD,LLM_HOLD,0.0,,
329,pressure,0,3,2,2,5.0,6.0,HOLD,HOLD,False,NONE,HOLD,LLM_HOLD,0.0,,
330,pressure,0,4,0,2,0.0,8.0,HOLD,HOLD,False,NONE,HOLD,LLM_HOLD,0.0,,
331,pressure,0,5,0,2,0.0,10.0,HOLD,HOLD,False,NONE,HOLD,LLM_HOLD,0.0,,
332,pressure,0,6,0,2,0.0,12.0,HOLD,HOLD,False,NONE,HOLD,LLM_HOLD,0.0,,
333,pressure,0,7,0,3,0.0,15.0,HOLD,HOLD,False,NONE,HOLD,LLM_HOLD,0.0,,
334,pressure,0,8,0,3,0.0,18.0,HOLD,HOLD,False,NONE,HOLD,LLM_HOLD,0.0,,
335,pressure,0,9,0,4,0.0,22.0,HOLD-REQUEST_EW,HOLD,False,NONE,HOLD,LLM_HOLD,0.0,,
336,pressure,0,10,0,4,0.0,26.0,HOLD-REQUEST_EW,HOLD,False,NONE,HOLD,LLM_HOLD,0.0,,
337,pressure,0,11,0,4,0.0,30.0,HOLD-REQUEST_EW,HOLD,False,NONE,HOLD,LLM_HOLD,0.0,,
338,pressure,0,12,0,4,0.0,34.0,HOLD-REQUEST_EW,HOLD,False,NONE,HOLD,LLM_HOLD,0.0,,
339,pressure,0,13,0,5,0.0,39.0,HOLD-REQUEST_EW,HOLD,False,NONE,HOLD,LLM_HOLD,0.0,,
340,pressure,0,14,0,6,0.0,45.0,HOLD-REQUEST_EW,PRESSURE_DECISION,False,NONE,SWITCH,LLM_APPROVED,0.0,,
341,pressure,1,0,0,6,0.0,51.0,HOLD,HOLD,False,NONE,HOLD,TRANSITION_IN_PROGRESS,0.0,,
342,pressure,1,1,0,6,0.0,57.0,HOLD,HOLD,False,NONE,HOLD,TRANSITION_IN_PROGRESS,0.0,,
343,pressure,1,2,0,6,0.0,63.0,HOLD,HOLD,False,NONE,HOLD,TRANSITION_IN_PROGRESS,0.0,,
344,pressure,2,0,0,6,0.0,69.0,HOLD,HOLD,False,NONE,HOLD,TRANSITION_IN_PROGRESS,0.0,,
345,pressure,2,1,0,7,0.0,76.0,HOLD,HOLD,False,NONE,HOLD,TRANSITION_IN_PROGRESS,0.0,,
346,pressure,3,0,0,6,0.0,44.0,HOLD,HOLD,False,NONE,HOLD,LLM_HOLD,0.0,,
347,pressure,3,1,0,4,0.0,22.0,HOLD,HOLD,False,NONE,HOLD,LLM_HOLD,0.0,,
348,pressure,3,2,2,2,2.0,7.0,HOLD,HOLD,False,NONE,HOLD,LLM_HOLD,0.0,,
349,pressure,3,3,2,0,4.0,0.0,HOLD,HOLD,False,NONE,HOLD,LLM_HOLD,0.0,,
350,pressure,3,4,2,0,6.0,0.0,HOLD,HOLD,False,NONE,HOLD,LLM_HOLD,0.0,,
351,pressure,3,5,2,0,8.0,0.0,HOLD,HOLD,False,NONE,HOLD,LLM_HOLD,0.0,,
352,pressure,3,6,2,0,10.0,0.0,HOLD,HOLD,False,NONE,HOLD,LLM_HOLD,0.0,,
353,pressure,3,7,3,0,13.0,0.0,HOLD,HOLD,False,NONE,HOLD,LLM_HOLD,0.0,,
354,pressure,3,8,4,0,17.0,0.0,HOLD,HOLD,False,NONE,HOLD,LLM_HOLD,0.0,,
355,pressure,3,9,4,0,21.0,0.0,HOLD-REQUEST_NS,HOLD,False,NONE,HOLD,LLM_HOLD,0.0,,
356,pressure,3,10,4,0,25.0,0.0,HOLD-REQUEST_NS,HOLD,False,NONE,HOLD,LLM_HOLD,0.0,,
357,pressure,3,11,4,0,29.0,0.0,HOLD-REQUEST_NS,HOLD,False,NONE,HOLD,LLM_HOLD,0.0,,
358,pressure,3,12,4,0,33.0,0.0,HOLD-REQUEST_NS,HOLD,False,NONE,HOLD,LLM_HOLD,0.0,,
359,pressure,3,13,6,0,39.0,0.0,HOLD-REQUEST_NS,HOLD,False,NONE,HOLD,LLM_HOLD,0.0,,
360,pressure,3,14,6,0,45.0,0.0,HOLD-REQUEST_NS,PRESSURE_DECISION,False,NONE,SWITCH,LLM_APPROVED,0.0,,
361,pressure,4,0,6,0,51.0,0.0,HOLD,HOLD,False,NONE,HOLD,TRANSITION_IN_PROGRESS,0.0,,
362,pressure,4,1,6,0,57.0,0.0,HOLD,HOLD,False,NONE,HOLD,TRANSITION_IN_PROGRESS,0.0,,
363,pressure,4,2,7,0,64.0,0.0,HOLD,HOLD,False,NONE,HOLD,TRANSITION_IN_PROGRESS,0.0,,
364,pressure,5,0,8,0,72.0,0.0,HOLD,HOLD,False,NONE,HOLD,TRANSITION_IN_PROGRESS,0.0,,
365,pressure,5,1,8,1,80.0,1.0,HOLD,HOLD,False,NONE,HOLD,TRANSITION_IN_PROGRESS,0.0,,
366,pressure,0,0,6,2,50.0,3.0,HOLD,HOLD,False,NONE,HOLD,LLM_HOLD,0.0,,
367,pressure,0,1,4,2,27.0,5.0,HOLD,HOLD,False,NONE,HOLD,LLM_HOLD,0.0,,
368,pressure,0,2,3,2,12.0,7.0,HOLD,HOLD,False,NONE,HOLD,LLM_HOLD,0.0,,
369,pressure,0,3,1,2,2.0,9.0,HOLD,HOLD,False,NONE,HOLD,LLM_HOLD,0.0,,
370,pressure,0,4,0,2,0.0,11.0,HOLD,HOLD,False,NONE,HOLD,LLM_HOLD,0.0,,
371,pressure,0,5,0,4,0.0,15.0,HOLD,HOLD,False,NONE,HOLD,LLM_HOLD,0.0,,
372,pressure,0,6,0,4,0.0,19.0,HOLD,HOLD,False,NONE,HOLD,LLM_HOLD,0.0,,
373,pressure,0,7,0,4,0.0,23.0,HOLD,HOLD,False,NONE,HOLD,LLM_HOLD,0.0,,
374,pressure,0,8,0,4,0.0,27.0,HOLD,HOLD,False,NONE,HOLD,LLM_HOLD,0.0,,
375,pressure,0,9,0,4,0.0,31.0,HOLD-REQUEST_EW,HOLD,False,NONE,HOLD,LLM_HOLD,0.0,,
376,pressure,0,10,0,4,0.0,35.0,HOLD-REQUEST_EW,HOLD,False,NONE,HOLD,LLM_HOLD,0.0,,
377,pressure,0,11,0,4,0.0,39.0,HOLD-REQUEST_EW,HOLD,False,NONE,HOLD,LLM_HOLD,0.0,,
378,pressure,0,12,0,5,0.0,44.0,HOLD-REQUEST_EW,HOLD,False,NONE,HOLD,LLM_HOLD,0.0,,
379,pressure,0,13,0,6,0.0,50.0,HOLD-REQUEST_EW,HOLD,False,NONE,HOLD,LLM_HOLD,0.0,,
380,pressure,0,14,0,6,0.0,56.0,HOLD-REQUEST_EW,PRESSURE_DECISION,False,NONE,SWITCH,LLM_APPROVED,0.0,,
381,pressure,1,0,0,6,0.0,62.0,HOLD,HOLD,False,NONE,HOLD,TRANSITION_IN_PROGRESS,0.0,,
382,pressure,1,1,0,6,0.0,68.0,HOLD,HOLD,False,NONE,HOLD,TRANSITION_IN_PROGRESS,0.0,,
383,pressure,1,2,0,8,0.0,76.0,HOLD,HOLD,False,NONE,HOLD,TRANSITION_IN_PROGRESS,0.0,,
384,pressure,2,0,0,8,0.0,84.0,HOLD,HOLD,False,NONE,HOLD,TRANSITION_IN_PROGRESS,0.0,,
385,pressure,2,1,0,8,0.0,92.0,HOLD,HOLD,False,NONE,HOLD,TRANSITION_IN_PROGRESS,0.0,,
386,pressure,3,0,0,6,0.0,57.0,HOLD,HOLD,False,NONE,HOLD,LLM_HOLD,0.0,,
387,pressure,3,1,0,6,0.0,31.0,HOLD,HOLD,False,NONE,HOLD,LLM_HOLD,0.0,,
388,pressure,3,2,0,4,0.0,16.0,HOLD,HOLD,False,NONE,HOLD,LLM_HOLD,0.0,,
389,pressure,3,3,1,2,1.0,6.0,HOLD,HOLD,False,NONE,HOLD,LLM_HOLD,0.0,,
390,pressure,3,4,2,0,3.0,0.0,HOLD,HOLD,False,NONE,HOLD,LLM_HOLD,0.0,,
391,pressure,3,5,2,0,5.0,0.0,HOLD,HOLD,False,NONE,HOLD,LLM_HOLD,0.0,,
392,pressure,3,6,2,0,7.0,0.0,HOLD,HOLD,False,NONE,HOLD,LLM_HOLD,0.0,,
393,pressure,3,7,2,0,9.0,0.0,HOLD,HOLD,False,NONE,HOLD,LLM_HOLD,0.0,,
394,pressure,3,8,2,0,11.0,0.0,HOLD,HOLD,False,NONE,HOLD,LLM_HOLD,0.0,,
395,pressure,3,9,2,0,13.0,0.0,HOLD-REQUEST_NS,HOLD,False,NONE,HOLD,LLM_HOLD,0.0,,
396,pressure,3,10,3,0,16.0,0.0,HOLD-REQUEST_NS,HOLD,False,NONE,HOLD,LLM_HOLD,0.0,,
397,pressure,3,11,4,0,20.0,0.0,HOLD-REQUEST_NS,HOLD,False,NONE,HOLD,LLM_HOLD,0.0,,
398,pressure,3,12,4,0,24.0,0.0,HOLD-REQUEST_NS,HOLD,False,NONE,HOLD,LLM_HOLD,0.0,,
399,pressure,3,13,4,0,28.0,0.0,HOLD-REQUEST_NS,HOLD,False,NONE,HOLD,LLM_HOLD,0.0,,
400,pressure,3,14,5,0,33.0,0.0,HOLD-REQUEST_NS,PRESSURE_DECISION,False,NONE,SWITCH,LLM_APPROVED,0.0,,
401,pressure,4,0,6,0,39.0,0.0,HOLD,HOLD,False,NONE,HOLD,TRANSITION_IN_PROGRESS,0.0,,
402,pressure,4,1,6,0,45.0,0.0,HOLD,HOLD,False,NONE,HOLD,TRANSITION_IN_PROGRESS,0.0,,
403,pressure,4,2,6,0,51.0,0.0,HOLD,HOLD,False,NONE,HOLD,TRANSITION_IN_PROGRESS,0.0,,
404,pressure,5,0,6,0,57.0,0.0,HOLD,HOLD,False,NONE,HOLD,TRANSITION_IN_PROGRESS,0.0,,
405,pressure,5,1,6,0,63.0,0.0,HOLD,HOLD,False,NONE,HOLD,TRANSITION_IN_PROGRESS,0.0,,
406,pressure,0,0,6,0,36.0,0.0,HOLD,HOLD,False,NONE,HOLD,LLM_HOLD,0.0,,
407,pressure,0,1,4,0,19.0,0.0,HOLD,HOLD,False,NONE,HOLD,LLM_HOLD,0.0,,
408,pressure,0,2,2,0,6.0,0.0,HOLD,HOLD,False,NONE,HOLD,LLM_HOLD,0.0,,
409,pressure,0,3,0,0,0.0,0.0,HOLD,HOLD,False,NONE,HOLD,LLM_HOLD,0.0,,
410,pressure,0,4,0,1,0.0,1.0,HOLD,HOLD,False,NONE,HOLD,LLM_HOLD,0.0,,
411,pressure,0,5,0,2,0.0,3.0,HOLD,HOLD,False,NONE,HOLD,LLM_HOLD,0.0,,
412,pressure,0,6,0,2,0.0,5.0,HOLD,HOLD,False,NONE,HOLD,LLM_HOLD,0.0,,
413,pressure,0,7,0,2,0.0,7.0,HOLD,HOLD,False,NONE,HOLD,LLM_HOLD,0.0,,
414,pressure,0,8,0,2,0.0,9.0,HOLD,HOLD,False,NONE,HOLD,LLM_HOLD,0.0,,
415,pressure,0,9,0,4,0.0,13.0,HOLD-REQUEST_EW,HOLD,False,NONE,HOLD,LLM_HOLD,0.0,,
416,pressure,0,10,0,4,0.0,17.0,HOLD-REQUEST_EW,HOLD,False,NONE,HOLD,LLM_HOLD,0.0,,
417,pressure,0,11,0,4,0.0,21.0,HOLD-REQUEST_EW,HOLD,False,NONE,HOLD,LLM_HOLD,0.0,,
418,pressure,0,12,0,4,0.0,25.0,HOLD-REQUEST_EW,HOLD,False,NONE,HOLD,LLM_HOLD,0.0,,
419,pressure,0,13,0,4,0.0,29.0,HOLD-REQUEST_EW,HOLD,False,NONE,HOLD,LLM_HOLD,0.0,,
420,pressure,0,14,0,4,0.0,33.0,HOLD-REQUEST_EW,PRESSURE_DECISION,False,NONE,SWITCH,LLM_APPROVED,0.0,,
421,pressure,1,0,0,5,0.0,38.0,HOLD,HOLD,False,NONE,HOLD,TRANSITION_IN_PROGRESS,0.0,,
422,pressure,1,1,0,5,0.0,43.0,HOLD,HOLD,False,NONE,HOLD,TRANSITION_IN_PROGRESS,0.0,,
423,pressure,1,2,0,6,0.0,49.0,HOLD,HOLD,False,NONE,HOLD,TRANSITION_IN_PROGRESS,0.0,,
424,pressure,2,0,1,6,1.0,55.0,HOLD,HOLD,False,NONE,HOLD,TRANSITION_IN_PROGRESS,0.0,,
425,pressure,2,1,2,6,3.0,61.0,HOLD,HOLD,False,NONE,HOLD,TRANSITION_IN_PROGRESS,0.0,,
426,pressure,3,0,2,4,5.0,34.0,HOLD,HOLD,False,NONE,HOLD,LLM_HOLD,0.0,,
427,pressure,3,1,2,4,7.0,14.0,HOLD,HOLD,False,NONE,HOLD,LLM_HOLD,0.0,,
428,pressure,3,2,2,2,9.0,4.0,HOLD,HOLD,False,NONE,HOLD,LLM_HOLD,0.0,,
429,pressure,3,3,2,0,11.0,0.0,HOLD,HOLD,False,NONE,HOLD,LLM_HOLD,0.0,,
430,pressure,3,4,4,0,15.0,0.0,HOLD,HOLD,False,NONE,HOLD,LLM_HOLD,0.0,,
431,pressure,3,5,4,0,19.0,0.0,HOLD,HOLD,False,NONE,HOLD,LLM_HOLD,0.0,,
432,pressure,3,6,4,0,23.0,0.0,HOLD,HOLD,False,NONE,HOLD,LLM_HOLD,0.0,,
433,pressure,3,7,4,0,27.0,0.0,HOLD,HOLD,False,NONE,HOLD,LLM_HOLD,0.0,,
434,pressure,3,8,4,0,31.0,0.0,HOLD,HOLD,False,NONE,HOLD,LLM_HOLD,0.0,,
435,pressure,3,9,4,0,35.0,0.0,HOLD-REQUEST_NS,HOLD,False,NONE,HOLD,LLM_HOLD,0.0,,
436,pressure,3,10,5,0,40.0,0.0,HOLD-REQUEST_NS,HOLD,False,NONE,HOLD,LLM_HOLD,0.0,,
437,pressure,3,11,6,0,46.0,0.0,HOLD-REQUEST_NS,HOLD,False,NONE,HOLD,LLM_HOLD,0.0,,
438,pressure,3,12,6,0,52.0,0.0,HOLD-REQUEST_NS,HOLD,False,NONE,HOLD,LLM_HOLD,0.0,,
439,pressure,3,13,6,0,58.0,0.0,HOLD-REQUEST_NS,HOLD,False,NONE,HOLD,LLM_HOLD,0.0,,
440,pressure,3,14,6,0,64.0,0.0,HOLD-REQUEST_NS,PRESSURE_DECISION,False,NONE,SWITCH,LLM_APPROVED,0.0,,
441,pressure,4,0,7,0,71.0,0.0,HOLD,HOLD,False,NONE,HOLD,TRANSITION_IN_PROGRESS,0.0,,
442,pressure,4,1,8,0,79.0,0.0,HOLD,HOLD,False,NONE,HOLD,TRANSITION_IN_PROGRESS,0.0,,
443,pressure,4,2,8,0,87.0,0.0,HOLD,HOLD,False,NONE,HOLD,TRANSITION_IN_PROGRESS,0.0,,
444,pressure,5,0,8,0,95.0,0.0,HOLD,HOLD,False,NONE,HOLD,TRANSITION_IN_PROGRESS,0.0,,
445,pressure,5,1,8,0,103.0,0.0,HOLD,HOLD,False,NONE,HOLD,TRANSITION_IN_PROGRESS,0.0,,
446,pressure,0,0,7,0,67.0,0.0,HOLD,HOLD,False,NONE,HOLD,LLM_HOLD,0.0,,
447,pressure,0,1,6,1,39.0,1.0,HOLD,HOLD,False,NONE,HOLD,LLM_HOLD,0.0,,
448,pressure,0,2,4,2,20.0,3.0,HOLD,HOLD,False,NONE,HOLD,LLM_HOLD,0.0,,
449,pressure,0,3,2,2,7.0,5.0,HOLD,HOLD,False,NONE,HOLD,LLM_HOLD,0.0,,
450,pressure,0,4,0,2,0.0,7.0,HOLD,HOLD,False,NONE,HOLD,LLM_HOLD,0.0,,
451,pressure,0,5,0,2,0.0,9.0,HOLD,HOLD,False,NONE,HOLD,LLM_HOLD,0.0,,
452,pressure,0,6,0,2,0.0,11.0,HOLD,HOLD,False,NONE,HOLD,LLM_HOLD,0.0,,
453,pressure,0,7,0,2,0.0,13.0,HOLD,HOLD,False,NONE,HOLD,LLM_HOLD,0.0,,
454,pressure,0,8,0,3,0.0,16.0,HOLD,HOLD,False,NONE,HOLD,LLM_HOLD,0.0,,
455,pressure,0,9,0,4,0.0,20.0,HOLD-REQUEST_EW,HOLD,False,NONE,HOLD,LLM_HOLD,0.0,,
456,pressure,0,10,0,4,0.0,24.0,HOLD-REQUEST_EW,HOLD,False,NONE,HOLD,LLM_HOLD,0.0,,
457,pressure,0,11,0,4,0.0,28.0,HOLD-REQUEST_EW,HOLD,False,NONE,HOLD,LLM_HOLD,0.0,,
458,pressure,0,12,0,4,0.0,32.0,HOLD-REQUEST_EW,HOLD,False,NONE,HOLD,LLM_HOLD,0.0,,
459,pressure,0,13,0,4,0.0,36.0,HOLD-REQUEST_EW,HOLD,False,NONE,HOLD,LLM_HOLD,0.0,,
460,pressure,0,14,0,6,0.0,42.0,HOLD-REQUEST_EW,PRESSURE_DECISION,False,NONE,SWITCH,LLM_APPROVED,0.0,,
461,pressure,1,0,0,6,0.0,48.0,HOLD,HOLD,False,NONE,HOLD,TRANSITION_IN_PROGRESS,0.0,,
462,pressure,1,1,0,6,0.0,54.0,HOLD,HOLD,False,NONE,HOLD,TRANSITION_IN_PROGRESS,0.0,,
463,pressure,1,2,0,6,0.0,60.0,HOLD,HOLD,False,NONE,HOLD,TRANSITION_IN_PROGRESS,0.0,,
464,pressure,2,0,0,6,0.0,66.0,HOLD,HOLD,False,NONE,HOLD,TRANSITION_IN_PROGRESS,0.0,,
465,pressure,2,1,0,6,0.0,72.0,HOLD,HOLD,False,NONE,HOLD,TRANSITION_IN_PROGRESS,0.0,,
466,pressure,3,0,0,6,0.0,41.0,HOLD,HOLD,False,NONE,HOLD,LLM_HOLD,0.0,,
467,pressure,3,1,1,4,1.0,20.0,HOLD,HOLD,False,NONE,HOLD,LLM_HOLD,0.0,,
468,pressure,3,2,1,2,2.0,6.0,HOLD,HOLD,False,NONE,HOLD,LLM_HOLD,0.0,,
469,pressure,3,3,2,0,4.0,0.0,HOLD,HOLD,False,NONE,HOLD,LLM_HOLD,0.0,,
470,pressure,3,4,2,0,6.0,0.0,HOLD,HOLD,False,NONE,HOLD,LLM_HOLD,0.0,,
471,pressure,3,5,2,0,8.0,0.0,HOLD,HOLD,False,NONE,HOLD,LLM_HOLD,0.0,,
472,pressure,3,6,3,0,11.0,0.0,HOLD,HOLD,False,NONE,HOLD,LLM_HOLD,0.0,,
473,pressure,3,7,3,0,14.0,0.0,HOLD,HOLD,False,NONE,HOLD,LLM_HOLD,0.0,,
474,pressure,3,8,4,0,18.0,0.0,HOLD,HOLD,False,NONE,HOLD,LLM_HOLD,0.0,,
475,pressure,3,9,4,0,22.0,0.0,HOLD-REQUEST_NS,HOLD,False,NONE,HOLD,LLM_HOLD,0.0,,
476,pressure,3,10,4,0,26.0,0.0,HOLD-REQUEST_NS,HOLD,False,NONE,HOLD,LLM_HOLD,0.0,,
477,pressure,3,11,4,0,30.0,0.0,HOLD-REQUEST_NS,HOLD,False,NONE,HOLD,LLM_HOLD,0.0,,
478,pressure,3,12,5,0,35.0,0.0,HOLD-REQUEST_NS,HOLD,False,NONE,HOLD,LLM_HOLD,0.0,,
479,pressure,3,13,6,0,41.0,0.0,HOLD-REQUEST_NS,HOLD,False,NONE,HOLD,LLM_HOLD,0.0,,
480,pressure,3,14,6,0,47.0,0.0,HOLD-REQUEST_NS,PRESSURE_DECISION,False,NONE,SWITCH,LLM_APPROVED,0.0,,
481,pressure,4,0,6,0,53.0,0.0,HOLD,HOLD,False,NONE,HOLD,TRANSITION_IN_PROGRESS,0.0,,
482,pressure,4,1,6,0,59.0,0.0,HOLD,HOLD,False,NONE,HOLD,TRANSITION_IN_PROGRESS,0.0,,
483,pressure,4,2,7,0,66.0,0.0,HOLD,HOLD,False,NONE,HOLD,TRANSITION_IN_PROGRESS,0.0,,
484,pressure,5,0,8,0,74.0,0.0,HOLD,HOLD,False,NONE,HOLD,TRANSITION_IN_PROGRESS,0.0,,
485,pressure,5,1,8,1,82.0,1.0,HOLD,HOLD,False,NONE,HOLD,TRANSITION_IN_PROGRESS,0.0,,
486,pressure,0,0,6,1,52.0,2.0,HOLD,HOLD,False,NONE,HOLD,LLM_HOLD,0.0,,
487,pressure,0,1,4,2,28.0,4.0,HOLD,HOLD,False,NONE,HOLD,LLM_HOLD,0.0,,
488,pressure,0,2,2,2,11.0,6.0,HOLD,HOLD,False,NONE,HOLD,LLM_HOLD,0.0,,
489,pressure,0,3,1,2,1.0,8.0,HOLD,HOLD,False,NONE,HOLD,LLM_HOLD,0.0,,
490,pressure,0,4,0,2,0.0,10.0,HOLD,HOLD,False,NONE,HOLD,LLM_HOLD,0.0,,
491,pressure,0,5,0,2,0.0,12.0,HOLD,HOLD,False,NONE,HOLD,LLM_HOLD,0.0,,
492,pressure,0,6,0,2,0.0,14.0,HOLD,HOLD,False,NONE,HOLD,LLM_HOLD,0.0,,
493,pressure,0,7,0,4,0.0,18.0,HOLD,HOLD,False,NONE,HOLD,LLM_HOLD,0.0,,
494,pressure,0,8,0,4,0.0,22.0,HOLD,HOLD,False,NONE,HOLD,LLM_HOLD,0.0,,
495,pressure,0,9,0,4,0.0,26.0,HOLD-REQUEST_EW,HOLD,False,NONE,HOLD,LLM_HOLD,0.0,,
496,pressure,0,10,0,4,0.0,30.0,HOLD-REQUEST_EW,HOLD,False,NONE,HOLD,LLM_HOLD,0.0,,
497,pressure,0,11,0,5,0.0,35.0,HOLD-REQUEST_EW,HOLD,False,NONE,HOLD,LLM_HOLD,0.0,,
498,pressure,0,12,0,5,0.0,40.0,HOLD-REQUEST_EW,HOLD,False,NONE,HOLD,LLM_HOLD,0.0,,
499,pressure,0,13,0,6,0.0,46.0,HOLD-REQUEST_EW,HOLD,False,NONE,HOLD,LLM_HOLD,0.0,,
500,pressure,0,14,0,6,0.0,52.0,HOLD-REQUEST_EW,PRESSURE_DECISION,False,NONE,SWITCH,LLM_APPROVED,0.0,,
501,pressure,1,0,0,6,0.0,58.0,HOLD,HOLD,False,NONE,HOLD,TRANSITION_IN_PROGRESS,0.0,,
502,pressure,1,1,0,6,0.0,64.0,HOLD,HOLD,False,NONE,HOLD,TRANSITION_IN_PROGRESS,0.0,,
503,pressure,1,2,0,7,0.0,71.0,HOLD,HOLD,False,NONE,HOLD,TRANSITION_IN_PROGRESS,0.0,,
504,pressure,2,0,1,8,1.0,79.0,HOLD,HOLD,False,NONE,HOLD,TRANSITION_IN_PROGRESS,0.0,,
505,pressure,2,1,1,8,2.0,87.0,HOLD,HOLD,False,NONE,HOLD,TRANSITION_IN_PROGRESS,0.0,,
506,pressure,3,0,1,6,3.0,53.0,HOLD,HOLD,False,NONE,HOLD,LLM_HOLD,0.0,,
507,pressure,3,1,1,4,4.0,29.0,HOLD,HOLD,False,NONE,HOLD,LLM_HOLD,0.0,,
508,pressure,3,2,1,2,5.0,11.0,HOLD,HOLD,False,NONE,HOLD,LLM_HOLD,0.0,,
509,pressure,3,3,3,2,8.0,2.0,HOLD,HOLD,False,NONE,HOLD,LLM_HOLD,0.0,,
510,pressure,3,4,3,0,11.0,0.0,HOLD,HOLD,False,NONE,HOLD,LLM_HOLD,0.0,,
511,pressure,3,5,3,0,14.0,0.0,HOLD,HOLD,False,NONE,HOLD,LLM_HOLD,0.0,,
512,pressure,3,6,3,0,17.0,0.0,HOLD,HOLD,False,NONE,HOLD,LLM_HOLD,0.0,,
513,pressure,3,7,3,0,20.0,0.0,HOLD,HOLD,False,NONE,HOLD,LLM_HOLD,0.0,,
514,pressure,3,8,3,0,23.0,0.0,HOLD,HOLD,False,NONE,HOLD,LLM_HOLD,0.0,,
515,pressure,3,9,5,0,28.0,0.0,HOLD-REQUEST_NS,HOLD,False,NONE,HOLD,LLM_HOLD,0.0,,
516,pressure,3,10,5,0,33.0,0.0,HOLD-REQUEST_NS,HOLD,False,NONE,HOLD,LLM_HOLD,0.0,,
517,pressure,3,11,5,0,38.0,0.0,HOLD-REQUEST_NS,HOLD,False,NONE,HOLD,LLM_HOLD,0.0,,
518,pressure,3,12,5,0,43.0,0.0,HOLD-REQUEST_NS,HOLD,False,NONE,HOLD,LLM_HOLD,0.0,,
519,pressure,3,13,5,0,48.0,0.0,HOLD-REQUEST_NS,HOLD,False,NONE,HOLD,LLM_HOLD,0.0,,
520,pressure,3,14,6,0,54.0,0.0,HOLD-REQUEST_NS,PRESSURE_DECISION,False,NONE,SWITCH,LLM_APPROVED,0.0,,
521,pressure,4,0,7,0,61.0,0.0,HOLD,HOLD,False,NONE,HOLD,TRANSITION_IN_PROGRESS,0.0,,
522,pressure,4,1,7,0,68.0,0.0,HOLD,HOLD,False,NONE,HOLD,TRANSITION_IN_PROGRESS,0.0,,
523,pressure,4,2,7,0,75.0,0.0,HOLD,HOLD,False,NONE,HOLD,TRANSITION_IN_PROGRESS,0.0,,
524,pressure,5,0,7,0,82.0,0.0,HOLD,HOLD,False,NONE,HOLD,TRANSITION_IN_PROGRESS,0.0,,
525,pressure,5,1,7,0,89.0,0.0,HOLD,HOLD,False,NONE,HOLD,TRANSITION_IN_PROGRESS,0.0,,
526,pressure,0,0,7,0,57.0,0.0,HOLD,HOLD,False,NONE,HOLD,LLM_HOLD,0.0,,
527,pressure,0,1,5,0,32.0,0.0,HOLD,HOLD,False,NONE,HOLD,LLM_HOLD,0.0,,
528,pressure,0,2,3,1,15.0,1.0,HOLD,HOLD,False,NONE,HOLD,LLM_HOLD,0.0,,
529,pressure,0,3,1,2,4.0,3.0,HOLD,HOLD,False,NONE,HOLD,LLM_HOLD,0.0,,
530,pressure,0,4,1,2,1.0,5.0,HOLD,HOLD,False,NONE,HOLD,LLM_HOLD,0.0,,
531,pressure,0,5,0,2,0.0,7.0,HOLD,HOLD,False,NONE,HOLD,LLM_HOLD,0.0,,
532,pressure,0,6,0,2,0.0,9.0,HOLD,HOLD,False,NONE,HOLD,LLM_HOLD,0.0,,
533,pressure,0,7,0,2,0.0,11.0,HOLD,HOLD,False,NONE,HOLD,LLM_HOLD,0.0,,
534,pressure,0,8,0,2,0.0,13.0,HOLD,HOLD,False,NONE,HOLD,LLM_HOLD,0.0,,
535,pressure,0,9,0,3,0.0,16.0,HOLD-REQUEST_EW,HOLD,False,NONE,HOLD,LLM_HOLD,0.0,,
536,pressure,0,10,0,4,0.0,20.0,HOLD-REQUEST_EW,HOLD,False,NONE,HOLD,LLM_HOLD,0.0,,
537,pressure,0,11,0,4,0.0,24.0,HOLD-REQUEST_EW,HOLD,False,NONE,HOLD,LLM_HOLD,0.0,,
538,pressure,0,12,0,4,0.0,28.0,HOLD-REQUEST_EW,HOLD,False,NONE,HOLD,LLM_HOLD,0.0,,
539,pressure,0,13,0,4,0.0,32.0,HOLD-REQUEST_EW,HOLD,False,NONE,HOLD,LLM_HOLD,0.0,,
540,pressure,0,14,0,4,0.0,36.0,HOLD-REQUEST_EW,PRESSURE_DECISION,False,NONE,SWITCH,LLM_APPROVED,0.0,,
541,pressure,1,0,0,6,0.0,42.0,HOLD,HOLD,False,NONE,HOLD,TRANSITION_IN_PROGRESS,0.0,,
542,pressure,1,1,0,6,0.0,48.0,HOLD,HOLD,False,NONE,HOLD,TRANSITION_IN_PROGRESS,0.0,,
543,pressure,1,2,0,6,0.0,54.0,HOLD,HOLD,False,NONE,HOLD,TRANSITION_IN_PROGRESS,0.0,,
544,pressure,2,0,0,6,0.0,60.0,HOLD,HOLD,False,NONE,HOLD,TRANSITION_IN_PROGRESS,0.0,,
545,pressure,2,1,1,6,1.0,66.0,HOLD,HOLD,False,NONE,HOLD,TRANSITION_IN_PROGRESS,0.0,,
546,pressure,3,0,2,4,3.0,35.0,HOLD,HOLD,False,NONE,HOLD,LLM_HOLD,0.0,,
547,pressure,3,1,2,4,5.0,16.0,HOLD,HOLD,False,NONE,HOLD,LLM_HOLD,0.0,,
548,pressure,3,2,2,2,7.0,4.0,HOLD,HOLD,False,NONE,HOLD,LLM_HOLD,0.0,,
549,pressure,3,3,2,0,9.0,0.0,HOLD,HOLD,False,NONE,HOLD,LLM_HOLD,0.0,,
550,pressure,3,4,2,0,11.0,0.0,HOLD,HOLD,False,NONE,HOLD,LLM_HOLD,0.0,,
551,pressure,3,5,2,0,13.0,0.0,HOLD,HOLD,False,NONE,HOLD,LLM_HOLD,0.0,,
552,pressure,3,6,4,0,17.0,0.0,HOLD,HOLD,False,NONE,HOLD,LLM_HOLD,0.0,,
553,pressure,3,7,4,0,21.0,0.0,HOLD,HOLD,False,NONE,HOLD,LLM_HOLD,0.0,,
554,pressure,3,8,4,0,25.0,0.0,HOLD,HOLD,False,NONE,HOLD,LLM_HOLD,0.0,,
555,pressure,3,9,4,0,29.0,0.0,HOLD-REQUEST_NS,HOLD,False,NONE,HOLD,LLM_HOLD,0.0,,
556,pressure,3,10,6,0,35.0,0.0,HOLD-REQUEST_NS,HOLD,False,NONE,HOLD,LLM_HOLD,0.0,,
557,pressure,3,11,6,0,41.0,0.0,HOLD-REQUEST_NS,HOLD,False,NONE,HOLD,LLM_HOLD,0.0,,
558,pressure,3,12,6,0,47.0,0.0,HOLD-REQUEST_NS,HOLD,False,NONE,HOLD,LLM_HOLD,0.0,,
559,pressure,3,13,6,0,53.0,0.0,HOLD-REQUEST_NS,HOLD,False,NONE,HOLD,LLM_HOLD,0.0,,
560,pressure,3,14,6,0,59.0,0.0,HOLD-REQUEST_NS,PRESSURE_DECISION,False,NONE,SWITCH,LLM_APPROVED,0.0,,
561,pressure,4,0,6,0,65.0,0.0,HOLD,HOLD,False,NONE,HOLD,TRANSITION_IN_PROGRESS,0.0,,
562,pressure,4,1,7,0,72.0,0.0,HOLD,HOLD,False,NONE,HOLD,TRANSITION_IN_PROGRESS,0.0,,
563,pressure,4,2,8,0,80.0,0.0,HOLD,HOLD,False,NONE,HOLD,TRANSITION_IN_PROGRESS,0.0,,
564,pressure,5,0,8,0,88.0,0.0,HOLD,HOLD,False,NONE,HOLD,TRANSITION_IN_PROGRESS,0.0,,
565,pressure,5,1,8,0,96.0,0.0,HOLD,HOLD,False,NONE,HOLD,TRANSITION_IN_PROGRESS,0.0,,
566,pressure,0,0,6,0,61.0,0.0,HOLD,HOLD,False,NONE,HOLD,LLM_HOLD,0.0,,
567,pressure,0,1,6,1,37.0,1.0,HOLD,HOLD,False,NONE,HOLD,LLM_HOLD,0.0,,
568,pressure,0,2,4,2,17.0,3.0,HOLD,HOLD,False,NONE,HOLD,LLM_HOLD,0.0,,
569,pressure,0,3,2,2,6.0,5.0,HOLD,HOLD,False,NONE,HOLD,LLM_HOLD,0.0,,
570,pressure,0,4,0,2,0.0,7.0,HOLD,HOLD,False,NONE,HOLD,LLM_HOLD,0.0,,
571,pressure,0,5,0,2,0.0,9.0,HOLD,HOLD,False,NONE,HOLD,LLM_HOLD,0.0,,
572,pressure,0,6,0,2,0.0,11.0,HOLD,HOLD,False,NONE,HOLD,LLM_HOLD,0.0,,
573,pressure,0,7,0,3,0.0,14.0,HOLD,HOLD,False,NONE,HOLD,LLM_HOLD,0.0,,
574,pressure,0,8,0,3,0.0,17.0,HOLD,HOLD,False,NONE,HOLD,LLM_HOLD,0.0,,
575,pressure,0,9,0,4,0.0,21.0,HOLD-REQUEST_EW,HOLD,False,NONE,HOLD,LLM_HOLD,0.0,,
576,pressure,0,10,0,4,0.0,25.0,HOLD-REQUEST_EW,HOLD,False,NONE,HOLD,LLM_HOLD,0.0,,
577,pressure,0,11,0,4,0.0,29.0,HOLD-REQUEST_EW,HOLD,False,NONE,HOLD,LLM_HOLD,0.0,,
578,pressure,0,12,0,4,0.0,33.0,HOLD-REQUEST_EW,HOLD,False,NONE,HOLD,LLM_HOLD,0.0,,
579,pressure,0,13,0,5,0.0,38.0,HOLD-REQUEST_EW,HOLD,False,NONE,HOLD,LLM_HOLD,0.0,,
580,pressure,0,14,0,6,0.0,44.0,HOLD-REQUEST_EW,PRESSURE_DECISION,False,NONE,SWITCH,LLM_APPROVED,0.0,,
581,pressure,1,0,0,6,0.0,50.0,HOLD,HOLD,False,NONE,HOLD,TRANSITION_IN_PROGRESS,0.0,,
582,pressure,1,1,0,6,0.0,56.0,HOLD,HOLD,False,NONE,HOLD,TRANSITION_IN_PROGRESS,0.0,,
583,pressure,1,2,0,6,0.0,62.0,HOLD,HOLD,False,NONE,HOLD,TRANSITION_IN_PROGRESS,0.0,,
584,pressure,2,0,0,7,0.0,69.0,HOLD,HOLD,False,NONE,HOLD,TRANSITION_IN_PROGRESS,0.0,,
585,pressure,2,1,0,8,0.0,77.0,HOLD,HOLD,False,NONE,HOLD,TRANSITION_IN_PROGRESS,0.0,,
586,pressure,3,0,0,6,0.0,46.0,HOLD,HOLD,False,NONE,HOLD,LLM_HOLD,0.0,,
587,pressure,3,1,1,4,1.0,24.0,HOLD,HOLD,False,NONE,HOLD,LLM_HOLD,0.0,,
588,pressure,3,2,1,2,2.0,9.0,HOLD,HOLD,False,NONE,HOLD,LLM_HOLD,0.0,,
589,pressure,3,3,2,0,4.0,0.0,HOLD,HOLD,False,NONE,HOLD,LLM_HOLD,0.0,,
590,pressure,3,4,2,0,6.0,0.0,HOLD,HOLD,False,NONE,HOLD,LLM_HOLD,0.0,,
591,pressure,3,5,2,0,8.0,0.0,HOLD,HOLD,False,NONE,HOLD,LLM_HOLD,0.0,,
592,pressure,3,6,3,0,11.0,0.0,HOLD,HOLD,False,NONE,HOLD,LLM_HOLD,0.0,,
593,pressure,3,7,4,0,15.0,0.0,HOLD,HOLD,False,NONE,HOLD,LLM_HOLD,0.0,,
594,pressure,3,8,4,0,19.0,0.0,HOLD,HOLD,False,NONE,HOLD,LLM_HOLD,0.0,,
595,pressure,3,9,4,0,23.0,0.0,HOLD-REQUEST_NS,HOLD,False,NONE,HOLD,LLM_HOLD,0.0,,
596,pressure,3,10,4,0,27.0,0.0,HOLD-REQUEST_NS,HOLD,False,NONE,HOLD,LLM_HOLD,0.0,,
597,pressure,3,11,4,0,31.0,0.0,HOLD-REQUEST_NS,HOLD,False,NONE,HOLD,LLM_HOLD,0.0,,
598,pressure,3,12,4,0,35.0,0.0,HOLD-REQUEST_NS,HOLD,False,NONE,HOLD,LLM_HOLD,0.0,,
599,pressure,3,13,6,0,41.0,0.0,HOLD-REQUEST_NS,HOLD,False,NONE,HOLD,LLM_HOLD,0.0,,
600,pressure,3,14,6,0,47.0,0.0,HOLD-REQUEST_NS,PRESSURE_DECISION,False,NONE,SWITCH,LLM_APPROVED,0.0,,
601,pressure,4,0,6,0,53.0,0.0,HOLD,HOLD,False,NONE,HOLD,TRANSITION_IN_PROGRESS,0.0,,
602,pressure,4,1,6,0,59.0,0.0,HOLD,HOLD,False,NONE,HOLD,TRANSITION_IN_PROGRESS,0.0,,
603,pressure,4,2,7,0,66.0,0.0,HOLD,HOLD,False,NONE,HOLD,TRANSITION_IN_PROGRESS,0.0,,
604,pressure,5,0,7,0,73.0,0.0,HOLD,HOLD,False,NONE,HOLD,TRANSITION_IN_PROGRESS,0.0,,
605,pressure,5,1,8,1,81.0,1.0,HOLD,HOLD,False,NONE,HOLD,TRANSITION_IN_PROGRESS,0.0,,
606,pressure,0,0,6,1,51.0,2.0,HOLD,HOLD,False,NONE,HOLD,LLM_HOLD,0.0,,
607,pressure,0,1,4,2,26.0,4.0,HOLD,HOLD,False,NONE,HOLD,LLM_HOLD,0.0,,
608,pressure,0,2,4,2,12.0,6.0,HOLD,HOLD,False,NONE,HOLD,LLM_HOLD,0.0,,
609,pressure,0,3,2,2,4.0,8.0,HOLD,HOLD,False,NONE,HOLD,LLM_HOLD,0.0,,
610,pressure,0,4,0,2,0.0,10.0,HOLD,HOLD,False,NONE,HOLD,LLM_HOLD,0.0,,
611,pressure,0,5,0,3,0.0,13.0,HOLD,HOLD,False,NONE,HOLD,LLM_HOLD,0.0,,
612,pressure,0,6,0,4,0.0,17.0,HOLD,HOLD,False,NONE,HOLD,LLM_HOLD,0.0,,
613,pressure,0,7,0,4,0.0,21.0,HOLD,HOLD,False,NONE,HOLD,LLM_HOLD,0.0,,
614,pressure,0,8,0,4,0.0,25.0,HOLD,HOLD,False,NONE,HOLD,LLM_HOLD,0.0,,
615,pressure,0,9,0,4,0.0,29.0,HOLD-REQUEST_EW,HOLD,False,NONE,HOLD,LLM_HOLD,0.0,,
616,pressure,0,10,0,4,0.0,33.0,HOLD-REQUEST_EW,HOLD,False,NONE,HOLD,LLM_HOLD,0.0,,
617,pressure,0,11,0,5,0.0,38.0,HOLD-REQUEST_EW,HOLD,False,NONE,HOLD,LLM_HOLD,0.0,,
618,pressure,0,12,0,6,0.0,44.0,HOLD-REQUEST_EW,HOLD,False,NONE,HOLD,LLM_HOLD,0.0,,
619,pressure,0,13,0,6,0.0,50.0,HOLD-REQUEST_EW,HOLD,False,NONE,HOLD,LLM_HOLD,0.0,,
620,pressure,0,14,0,6,0.0,56.0,HOLD-REQUEST_EW,PRESSURE_DECISION,False,NONE,SWITCH,LLM_APPROVED,0.0,,
621,pressure,1,0,0,6,0.0,62.0,HOLD,HOLD,False,NONE,HOLD,TRANSITION_IN_PROGRESS,0.0,,
622,pressure,1,1,0,7,0.0,69.0,HOLD,HOLD,False,NONE,HOLD,TRANSITION_IN_PROGRESS,0.0,,
623,pressure,1,2,0,7,0.0,76.0,HOLD,HOLD,False,NONE,HOLD,TRANSITION_IN_PROGRESS,0.0,,
624,pressure,2,0,0,8,0.0,84.0,HOLD,HOLD,False,NONE,HOLD,TRANSITION_IN_PROGRESS,0.0,,
625,pressure,2,1,0,8,0.0,92.0,HOLD,HOLD,False,NONE,HOLD,TRANSITION_IN_PROGRESS,0.0,,
626,pressure,3,0,0,6,0.0,58.0,HOLD,HOLD,False,NONE,HOLD,LLM_HOLD,0.0,,
627,pressure,3,1,0,4,0.0,31.0,HOLD,HOLD,False,NONE,HOLD,LLM_HOLD,0.0,,
628,pressure,3,2,0,3,0.0,13.0,HOLD,HOLD,False,NONE,HOLD,LLM_HOLD,0.0,,
629,pressure,3,3,1,2,1.0,3.0,HOLD,HOLD,False,NONE,HOLD,LLM_HOLD,0.0,,
630,pressure,3,4,2,0,3.0,0.0,HOLD,HOLD,False,NONE,HOLD,LLM_HOLD,0.0,,
631,pressure,3,5,2,0,5.0,0.0,HOLD,HOLD,False,NONE,HOLD,LLM_HOLD,0.0,,
632,pressure,3,6,2,0,7.0,0.0,HOLD,HOLD,False,NONE,HOLD,LLM_HOLD,0.0,,
633,pressure,3,7,2,0,9.0,0.0,HOLD,HOLD,False,NONE,HOLD,LLM_HOLD,0.0,,
634,pressure,3,8,2,0,11.0,0.0,HOLD,HOLD,False,NONE,HOLD,LLM_HOLD,0.0,,
635,pressure,3,9,3,0,14.0,0.0,HOLD-REQUEST_NS,HOLD,False,NONE,HOLD,LLM_HOLD,0.0,,
636,pressure,3,10,3,0,17.0,0.0,HOLD-REQUEST_NS,HOLD,False,NONE,HOLD,LLM_HOLD,0.0,,
637,pressure,3,11,4,0,21.0,0.0,HOLD-REQUEST_NS,HOLD,False,NONE,HOLD,LLM_HOLD,0.0,,
638,pressure,3,12,4,0,25.0,0.0,HOLD-REQUEST_NS,HOLD,False,NONE,HOLD,LLM_HOLD,0.0,,
639,pressure,3,13,4,0,29.0,0.0,HOLD-REQUEST_NS,HOLD,False,NONE,HOLD,LLM_HOLD,0.0,,
640,pressure,3,14,4,0,33.0,0.0,HOLD-REQUEST_NS,PRESSURE_DECISION,False,NONE,SWITCH,LLM_APPROVED,0.0,,
641,pressure,4,0,6,0,39.0,0.0,HOLD,HOLD,False,NONE,HOLD,TRANSITION_IN_PROGRESS,0.0,,
642,pressure,4,1,6,0,45.0,0.0,HOLD,HOLD,False,NONE,HOLD,TRANSITION_IN_PROGRESS,0.0,,
643,pressure,4,2,6,0,51.0,0.0,HOLD,HOLD,False,NONE,HOLD,TRANSITION_IN_PROGRESS,0.0,,
644,pressure,5,0,6,0,57.0,0.0,HOLD,HOLD,False,NONE,HOLD,TRANSITION_IN_PROGRESS,0.0,,
645,pressure,5,1,7,0,64.0,0.0,HOLD,HOLD,False,NONE,HOLD,TRANSITION_IN_PROGRESS,0.0,,
646,pressure,0,0,6,0,37.0,0.0,HOLD,HOLD,False,NONE,HOLD,LLM_HOLD,0.0,,
647,pressure,0,1,4,0,19.0,0.0,HOLD,HOLD,False,NONE,HOLD,LLM_HOLD,0.0,,
648,pressure,0,2,2,0,7.0,0.0,HOLD,HOLD,False,NONE,HOLD,LLM_HOLD,0.0,,
649,pressure,0,3,0,1,0.0,1.0,HOLD,HOLD,False,NONE,HOLD,LLM_HOLD,0.0,,
650,pressure,0,4,0,2,0.0,3.0,HOLD,HOLD,False,NONE,HOLD,LLM_HOLD,0.0,,
651,pressure,0,5,0,2,0.0,5.0,HOLD,HOLD,False,NONE,HOLD,LLM_HOLD,0.0,,
652,pressure,0,6,0,2,0.0,7.0,HOLD,HOLD,False,NONE,HOLD,LLM_HOLD,0.0,,
653,pressure,0,7,0,2,0.0,9.0,HOLD,HOLD,False,NONE,HOLD,LLM_HOLD,0.0,,
654,pressure,0,8,0,2,0.0,11.0,HOLD,HOLD,False,NONE,HOLD,LLM_HOLD,0.0,,
655,pressure,0,9,0,2,0.0,13.0,HOLD-REQUEST_EW,HOLD,False,NONE,HOLD,LLM_HOLD,0.0,,
656,pressure,0,10,0,4,0.0,17.0,HOLD-REQUEST_EW,HOLD,False,NONE,HOLD,LLM_HOLD,0.0,,
657,pressure,0,11,0,4,0.0,21.0,HOLD-REQUEST_EW,HOLD,False,NONE,HOLD,LLM_HOLD,0.0,,
658,pressure,0,12,0,4,0.0,25.0,HOLD-REQUEST_EW,HOLD,False,NONE,HOLD,LLM_HOLD,0.0,,
659,pressure,0,13,0,4,0.0,29.0,HOLD-REQUEST_EW,HOLD,False,NONE,HOLD,LLM_HOLD,0.0,,
660,pressure,0,14,0,4,0.0,33.0,HOLD-REQUEST_EW,PRESSURE_DECISION,False,NONE,SWITCH,LLM_APPROVED,0.0,,
661,pressure,1,0,0,4,0.0,37.0,HOLD,HOLD,False,NONE,HOLD,TRANSITION_IN_PROGRESS,0.0,,
662,pressure,1,1,0,6,0.0,43.0,HOLD,HOLD,False,NONE,HOLD,TRANSITION_IN_PROGRESS,0.0,,
663,pressure,1,2,0,6,0.0,49.0,HOLD,HOLD,False,NONE,HOLD,TRANSITION_IN_PROGRESS,0.0,,
664,pressure,2,0,0,6,0.0,55.0,HOLD,HOLD,False,NONE,HOLD,TRANSITION_IN_PROGRESS,0.0,,
665,pressure,2,1,1,6,1.0,61.0,HOLD,HOLD,False,NONE,HOLD,TRANSITION_IN_PROGRESS,0.0,,
666,pressure,3,0,2,4,3.0,32.0,HOLD,HOLD,False,NONE,HOLD,LLM_HOLD,0.0,,
667,pressure,3,1,2,4,5.0,14.0,HOLD,HOLD,False,NONE,HOLD,LLM_HOLD,0.0,,
668,pressure,3,2,2,2,7.0,4.0,HOLD,HOLD,False,NONE,HOLD,LLM_HOLD,0.0,,
669,pressure,3,3,2,0,9.0,0.0,HOLD,HOLD,False,NONE,HOLD,LLM_HOLD,0.0,,
670,pressure,3,4,3,0,12.0,0.0,HOLD,HOLD,False,NONE,HOLD,LLM_HOLD,0.0,,
671,pressure,3,5,3,0,15.0,0.0,HOLD,HOLD,False,NONE,HOLD,LLM_HOLD,0.0,,
672,pressure,3,6,4,0,19.0,0.0,HOLD,HOLD,False,NONE,HOLD,LLM_HOLD,0.0,,
673,pressure,3,7,4,0,23.0,0.0,HOLD,HOLD,False,NONE,HOLD,LLM_HOLD,0.0,,
674,pressure,3,8,4,0,27.0,0.0,HOLD,HOLD,False,NONE,HOLD,LLM_HOLD,0.0,,
675,pressure,3,9,4,0,31.0,0.0,HOLD-REQUEST_NS,HOLD,False,NONE,HOLD,LLM_HOLD,0.0,,
676,pressure,3,10,5,0,36.0,0.0,HOLD-REQUEST_NS,HOLD,False,NONE,HOLD,LLM_HOLD,0.0,,
677,pressure,3,11,5,0,41.0,0.0,HOLD-REQUEST_NS,HOLD,False,NONE,HOLD,LLM_HOLD,0.0,,
678,pressure,3,12,6,0,47.0,0.0,HOLD-REQUEST_NS,HOLD,False,NONE,HOLD,LLM_HOLD,0.0,,
679,pressure,3,13,6,0,53.0,0.0,HOLD-REQUEST_NS,HOLD,False,NONE,HOLD,LLM_HOLD,0.0,,
680,pressure,3,14,6,0,59.0,0.0,HOLD-REQUEST_NS,PRESSURE_DECISION,False,NONE,SWITCH,LLM_APPROVED,0.0,,
681,pressure,4,0,7,0,66.0,0.0,HOLD,HOLD,False,NONE,HOLD,TRANSITION_IN_PROGRESS,0.0,,
682,pressure,4,1,7,0,73.0,0.0,HOLD,HOLD,False,NONE,HOLD,TRANSITION_IN_PROGRESS,0.0,,
683,pressure,4,2,8,0,81.0,0.0,HOLD,HOLD,False,NONE,HOLD,TRANSITION_IN_PROGRESS,0.0,,
684,pressure,5,0,8,0,89.0,0.0,HOLD,HOLD,False,NONE,HOLD,TRANSITION_IN_PROGRESS,0.0,,
685,pressure,5,1,8,0,97.0,0.0,HOLD,HOLD,False,NONE,HOLD,TRANSITION_IN_PROGRESS,0.0,,
686,pressure,0,0,6,0,62.0,0.0,HOLD,HOLD,False,NONE,HOLD,LLM_HOLD,0.0,,
687,pressure,0,1,6,1,36.0,1.0,HOLD,HOLD,False,NONE,HOLD,LLM_HOLD,0.0,,
688,pressure,0,2,4,2,18.0,3.0,HOLD,HOLD,False,NONE,HOLD,LLM_HOLD,0.0,,
689,pressure,0,3,2,2,6.0,5.0,HOLD,HOLD,False,NONE,HOLD,LLM_HOLD,0.0,,
690,pressure,0,4,0,2,0.0,7.0,HOLD,HOLD,False,NONE,HOLD,LLM_HOLD,0.0,,
691,pressure,0,5,0,2,0.0,9.0,HOLD,HOLD,False,NONE,HOLD,LLM_HOLD,0.0,,
692,pressure,0,6,0,2,0.0,11.0,HOLD,HOLD,False,NONE,HOLD,LLM_HOLD,0.0,,
693,pressure,0,7,0,2,0.0,13.0,HOLD,HOLD,False,NONE,HOLD,LLM_HOLD,0.0,,
694,pressure,0,8,0,3,0.0,16.0,HOLD,HOLD,False,NONE,HOLD,LLM_HOLD,0.0,,
695,pressure,0,9,0,4,0.0,20.0,HOLD-REQUEST_EW,HOLD,False,NONE,HOLD,LLM_HOLD,0.0,,
696,pressure,0,10,0,4,0.0,24.0,HOLD-REQUEST_EW,HOLD,False,NONE,HOLD,LLM_HOLD,0.0,,
697,pressure,0,11,0,4,0.0,28.0,HOLD-REQUEST_EW,HOLD,False,NONE,HOLD,LLM_HOLD,0.0,,
698,pressure,0,12,0,4,0.0,32.0,HOLD-REQUEST_EW,HOLD,False,NONE,HOLD,LLM_HOLD,0.0,,
699,pressure,0,13,0,4,0.0,36.0,HOLD-REQUEST_EW,HOLD,False,NONE,HOLD,LLM_HOLD,0.0,,
700,pressure,0,14,0,6,0.0,42.0,HOLD-REQUEST_EW,PRESSURE_DECISION,False,NONE,SWITCH,LLM_APPROVED,0.0,,
701,pressure,1,0,0,6,0.0,48.0,HOLD,HOLD,False,NONE,HOLD,TRANSITION_IN_PROGRESS,0.0,,
702,pressure,1,1,0,6,0.0,54.0,HOLD,HOLD,False,NONE,HOLD,TRANSITION_IN_PROGRESS,0.0,,
703,pressure,1,2,0,6,0.0,60.0,HOLD,HOLD,False,NONE,HOLD,TRANSITION_IN_PROGRESS,0.0,,
704,pressure,2,0,0,6,0.0,66.0,HOLD,HOLD,False,NONE,HOLD,TRANSITION_IN_PROGRESS,0.0,,
705,pressure,2,1,0,7,0.0,73.0,HOLD,HOLD,False,NONE,HOLD,TRANSITION_IN_PROGRESS,0.0,,
706,pressure,3,0,0,6,0.0,42.0,HOLD,HOLD,False,NONE,HOLD,LLM_HOLD,0.0,,
707,pressure,3,1,1,4,1.0,21.0,HOLD,HOLD,False,NONE,HOLD,LLM_HOLD,0.0,,
708,pressure,3,2,2,2,3.0,7.0,HOLD,HOLD,False,NONE,HOLD,LLM_HOLD,0.0,,
709,pressure,3,3,2,0,5.0,0.0,HOLD,HOLD,False,NONE,HOLD,LLM_HOLD,0.0,,
710,pressure,3,4,2,0,7.0,0.0,HOLD,HOLD,False,NONE,HOLD,LLM_HOLD,0.0,,
711,pressure,3,5,2,0,9.0,0.0,HOLD,HOLD,False,NONE,HOLD,LLM_HOLD,0.0,,
712,pressure,3,6,2,0,11.0,0.0,HOLD,HOLD,False,NONE,HOLD,LLM_HOLD,0.0,,
713,pressure,3,7,4,0,15.0,0.0,HOLD,HOLD,False,NONE,HOLD,LLM_HOLD,0.0,,
714,pressure,3,8,4,0,19.0,0.0,HOLD,HOLD,False,NONE,HOLD,LLM_HOLD,0.0,,
715,pressure,3,9,4,0,23.0,0.0,HOLD-REQUEST_NS,HOLD,False,NONE,HOLD,LLM_HOLD,0.0,,
716,pressure,3,10,4,0,27.0,0.0,HOLD-REQUEST_NS,HOLD,False,NONE,HOLD,LLM_HOLD,0.0,,
717,pressure,3,11,4,0,31.0,0.0,HOLD-REQUEST_NS,HOLD,False,NONE,HOLD,LLM_HOLD,0.0,,
718,pressure,3,12,5,0,36.0,0.0,HOLD-REQUEST_NS,HOLD,False,NONE,HOLD,LLM_HOLD,0.0,,
719,pressure,3,13,5,0,41.0,0.0,HOLD-REQUEST_NS,HOLD,False,NONE,HOLD,LLM_HOLD,0.0,,
720,pressure,3,14,5,0,46.0,0.0,HOLD-REQUEST_NS,PRESSURE_DECISION,False,NONE,SWITCH,LLM_APPROVED,0.0,,
721,pressure,4,0,6,0,52.0,0.0,HOLD,HOLD,False,NONE,HOLD,TRANSITION_IN_PROGRESS,0.0,,
722,pressure,4,1,6,0,58.0,0.0,HOLD,HOLD,False,NONE,HOLD,TRANSITION_IN_PROGRESS,0.0,,
723,pressure,4,2,6,0,64.0,0.0,HOLD,HOLD,False,NONE,HOLD,TRANSITION_IN_PROGRESS,0.0,,
724,pressure,5,0,8,0,72.0,0.0,HOLD,HOLD,False,NONE,HOLD,TRANSITION_IN_PROGRESS,0.0,,
725,pressure,5,1,8,1,80.0,1.0,HOLD,HOLD,False,NONE,HOLD,TRANSITION_IN_PROGRESS,0.0,,
726,pressure,0,0,6,1,49.0,2.0,HOLD,HOLD,False,NONE,HOLD,LLM_HOLD,0.0,,
727,pressure,0,1,4,2,25.0,4.0,HOLD,HOLD,False,NONE,HOLD,LLM_HOLD,0.0,,
728,pressure,0,2,2,2,10.0,6.0,HOLD,HOLD,False,NONE,HOLD,LLM_HOLD,0.0,,
729,pressure,0,3,1,2,1.0,8.0,HOLD,HOLD,False,NONE,HOLD,LLM_HOLD,0.0,,
730,pressure,0,4,0,2,0.0,10.0,HOLD,HOLD,False,NONE,HOLD,LLM_HOLD,0.0,,
731,pressure,0,5,0,3,0.0,13.0,HOLD,HOLD,False,NONE,HOLD,LLM_HOLD,0.0,,
732,pressure,0,6,0,3,0.0,16.0,HOLD,HOLD,False,NONE,HOLD,LLM_HOLD,0.0,,
733,pressure,0,7,0,4,0.0,20.0,HOLD,HOLD,False,NONE,HOLD,LLM_HOLD,0.0,,
734,pressure,0,8,0,4,0.0,24.0,HOLD,HOLD,False,NONE,HOLD,LLM_HOLD,0.0,,
735,pressure,0,9,0,4,0.0,28.0,HOLD-REQUEST_EW,HOLD,False,NONE,HOLD,LLM_HOLD,0.0,,
736,pressure,0,10,0,4,0.0,32.0,HOLD-REQUEST_EW,HOLD,False,NONE,HOLD,LLM_HOLD,0.0,,
737,pressure,0,11,0,5,0.0,37.0,HOLD-REQUEST_EW,HOLD,False,NONE,HOLD,LLM_HOLD,0.0,,
738,pressure,0,12,0,6,0.0,43.0,HOLD-REQUEST_EW,HOLD,False,NONE,HOLD,LLM_HOLD,0.0,,
739,pressure,0,13,0,6,0.0,49.0,HOLD-REQUEST_EW,HOLD,False,NONE,HOLD,LLM_HOLD,0.0,,
740,pressure,0,14,0,6,0.0,55.0,HOLD-REQUEST_EW,PRESSURE_DECISION,False,NONE,SWITCH,LLM_APPROVED,0.0,,
741,pressure,1,0,0,6,0.0,61.0,HOLD,HOLD,False,NONE,HOLD,TRANSITION_IN_PROGRESS,0.0,,
742,pressure,1,1,0,6,0.0,67.0,HOLD,HOLD,False,NONE,HOLD,TRANSITION_IN_PROGRESS,0.0,,
743,pressure,1,2,0,8,0.0,75.0,HOLD,HOLD,False,NONE,HOLD,TRANSITION_IN_PROGRESS,0.0,,
744,pressure,2,0,0,8,0.0,83.0,HOLD,HOLD,False,NONE,HOLD,TRANSITION_IN_PROGRESS,0.0,,
745,pressure,2,1,0,8,0.0,91.0,HOLD,HOLD,False,NONE,HOLD,TRANSITION_IN_PROGRESS,0.0,,
746,pressure,3,0,0,6,0.0,57.0,HOLD,HOLD,False,NONE,HOLD,LLM_HOLD,0.0,,
747,pressure,3,1,0,5,0.0,32.0,HOLD,HOLD,False,NONE,HOLD,LLM_HOLD,0.0,,
748,pressure,3,2,0,3,0.0,14.0,HOLD,HOLD,False,NONE,HOLD,LLM_HOLD,0.0,,
749,pressure,3,3,0,1,0.0,3.0,HOLD,HOLD,False,NONE,HOLD,LLM_HOLD,0.0,,
750,pressure,3,4,2,0,2.0,0.0,HOLD,HOLD,False,NONE,HOLD,LLM_HOLD,0.0,,
751,pressure,3,5,2,0,4.0,0.0,HOLD,HOLD,False,NONE,HOLD,LLM_HOLD,0.0,,
752,pressure,3,6,2,0,6.0,0.0,HOLD,HOLD,False,NONE,HOLD,LLM_HOLD,0.0,,
753,pressure,3,7,2,0,8.0,0.0,HOLD,HOLD,False,NONE,HOLD,LLM_HOLD,0.0,,
754,pressure,3,8,2,0,10.0,0.0,HOLD,HOLD,False,NONE,HOLD,LLM_HOLD,0.0,,
755,pressure,3,9,3,0,13.0,0.0,HOLD-REQUEST_NS,HOLD,False,NONE,HOLD,LLM_HOLD,0.0,,
756,pressure,3,10,4,0,17.0,0.0,HOLD-REQUEST_NS,HOLD,False,NONE,HOLD,LLM_HOLD,0.0,,
757,pressure,3,11,4,0,21.0,0.0,HOLD-REQUEST_NS,HOLD,False,NONE,HOLD,LLM_HOLD,0.0,,
758,pressure,3,12,4,0,25.0,0.0,HOLD-REQUEST_NS,HOLD,False,NONE,HOLD,LLM_HOLD,0.0,,
759,pressure,3,13,4,0,29.0,0.0,HOLD-REQUEST_NS,HOLD,False,NONE,HOLD,LLM_HOLD,0.0,,
760,pressure,3,14,6,0,35.0,0.0,HOLD-REQUEST_NS,PRESSURE_DECISION,False,NONE,SWITCH,LLM_APPROVED,0.0,,
761,pressure,4,0,6,0,41.0,0.0,HOLD,HOLD,False,NONE,HOLD,TRANSITION_IN_PROGRESS,0.0,,
762,pressure,4,1,6,0,47.0,0.0,HOLD,HOLD,False,NONE,HOLD,TRANSITION_IN_PROGRESS,0.0,,
763,pressure,4,2,6,0,53.0,0.0,HOLD,HOLD,False,NONE,HOLD,TRANSITION_IN_PROGRESS,0.0,,
764,pressure,5,0,6,0,59.0,0.0,HOLD,HOLD,False,NONE,HOLD,TRANSITION_IN_PROGRESS,0.0,,
765,pressure,5,1,6,0,65.0,0.0,HOLD,HOLD,False,NONE,HOLD,TRANSITION_IN_PROGRESS,0.0,,
766,pressure,0,0,5,0,38.0,0.0,HOLD,HOLD,False,NONE,HOLD,LLM_HOLD,0.0,,
767,pressure,0,1,4,0,19.0,0.0,HOLD,HOLD,False,NONE,HOLD,LLM_HOLD,0.0,,
768,pressure,0,2,2,0,5.0,0.0,HOLD,HOLD,False,NONE,HOLD,LLM_HOLD,0.0,,
769,pressure,0,3,0,0,0.0,0.0,HOLD,HOLD,False,NONE,HOLD,LLM_HOLD,0.0,,
770,pressure,0,4,0,1,0.0,1.0,HOLD,HOLD,False,NONE,HOLD,LLM_HOLD,0.0,,
771,pressure,0,5,0,2,0.0,3.0,HOLD,HOLD,False,NONE,HOLD,LLM_HOLD,0.0,,
772,pressure,0,6,0,2,0.0,5.0,HOLD,HOLD,False,NONE,HOLD,LLM_HOLD,0.0,,
773,pressure,0,7,0,2,0.0,7.0,HOLD,HOLD,False,NONE,HOLD,LLM_HOLD,0.0,,
774,pressure,0,8,0,2,0.0,9.0,HOLD,HOLD,False,NONE,HOLD,LLM_HOLD,0.0,,
775,pressure,0,9,0,2,0.0,11.0,HOLD-REQUEST_EW,HOLD,False,NONE,HOLD,LLM_HOLD,0.0,,
776,pressure,0,10,0,4,0.0,15.0,HOLD-REQUEST_EW,HOLD,False,NONE,HOLD,LLM_HOLD,0.0,,
777,pressure,0,11,0,4,0.0,19.0,HOLD-REQUEST_EW,HOLD,False,NONE,HOLD,LLM_HOLD,0.0,,
778,pressure,0,12,0,4,0.0,23.0,HOLD-REQUEST_EW,HOLD,False,NONE,HOLD,LLM_HOLD,0.0,,
779,pressure,0,13,0,4,0.0,27.0,HOLD-REQUEST_EW,HOLD,False,NONE,HOLD,LLM_HOLD,0.0,,
780,pressure,0,14,0,5,0.0,32.0,HOLD-REQUEST_EW,PRESSURE_DECISION,False,NONE,SWITCH,LLM_APPROVED,0.0,,
781,pressure,1,0,0,6,0.0,38.0,HOLD,HOLD,False,NONE,HOLD,TRANSITION_IN_PROGRESS,0.0,,
782,pressure,1,1,0,6,0.0,44.0,HOLD,HOLD,False,NONE,HOLD,TRANSITION_IN_PROGRESS,0.0,,
783,pressure,1,2,0,6,0.0,50.0,HOLD,HOLD,False,NONE,HOLD,TRANSITION_IN_PROGRESS,0.0,,
784,pressure,2,0,0,6,0.0,56.0,HOLD,HOLD,False,NONE,HOLD,TRANSITION_IN_PROGRESS,0.0,,
785,pressure,2,1,2,6,2.0,62.0,HOLD,HOLD,False,NONE,HOLD,TRANSITION_IN_PROGRESS,0.0,,
786,pressure,3,0,2,5,4.0,36.0,HOLD,HOLD,False,NONE,HOLD,LLM_HOLD,0.0,,
787,pressure,3,1,2,4,6.0,18.0,HOLD,HOLD,False,NONE,HOLD,LLM_HOLD,0.0,,
788,pressure,3,2,2,2,8.0,5.0,HOLD,HOLD,False,NONE,HOLD,LLM_HOLD,0.0,,
789,pressure,3,3,2,0,10.0,0.0,HOLD,HOLD,False,NONE,HOLD,LLM_HOLD,0.0,,
790,pressure,3,4,2,0,12.0,0.0,HOLD,HOLD,False,NONE,HOLD,LLM_HOLD,0.0,,
791,pressure,3,5,4,0,16.0,0.0,HOLD,HOLD,False,NONE,HOLD,LLM_HOLD,0.0,,
792,pressure,3,6,4,0,20.0,0.0,HOLD,HOLD,False,NONE,HOLD,LLM_HOLD,0.0,,
793,pressure,3,7,4,0,24.0,0.0,HOLD,HOLD,False,NONE,HOLD,LLM_HOLD,0.0,,
794,pressure,3,8,4,0,28.0,0.0,HOLD,HOLD,False,NONE,HOLD,LLM_HOLD,0.0,,
795,pressure,3,9,5,0,33.0,0.0,HOLD-REQUEST_NS,HOLD,False,NONE,HOLD,LLM_HOLD,0.0,,
796,pressure,3,10,5,0,38.0,0.0,HOLD-REQUEST_NS,HOLD,False,NONE,HOLD,LLM_HOLD,0.0,,
797,pressure,3,11,6,0,44.0,0.0,HOLD-REQUEST_NS,HOLD,False,NONE,HOLD,LLM_HOLD,0.0,,
798,pressure,3,12,6,0,50.0,0.0,HOLD-REQUEST_NS,HOLD,False,NONE,HOLD,LLM_HOLD,0.0,,
799,pressure,3,13,6,0,56.0,0.0,HOLD-REQUEST_NS,HOLD,False,NONE,HOLD,LLM_HOLD,0.0,,
800,pressure,3,14,6,0,62.0,0.0,HOLD-REQUEST_NS,PRESSURE_DECISION,False,NONE,SWITCH,LLM_APPROVED,0.0,,
801,pressure,4,0,7,0,69.0,0.0,HOLD,HOLD,False,NONE,HOLD,TRANSITION_IN_PROGRESS,0.0,,
802,pressure,4,1,8,0,77.0,0.0,HOLD,HOLD,False,NONE,HOLD,TRANSITION_IN_PROGRESS,0.0,,
803,pressure,4,2,8,0,85.0,0.0,HOLD,HOLD,False,NONE,HOLD,TRANSITION_IN_PROGRESS,0.0,,
804,pressure,5,0,8,0,93.0,0.0,HOLD,HOLD,False,NONE,HOLD,TRANSITION_IN_PROGRESS,0.0,,
805,pressure,5,1,8,0,101.0,0.0,HOLD,HOLD,False,NONE,HOLD,TRANSITION_IN_PROGRESS,0.0,,
806,pressure,0,0,6,0,65.0,0.0,HOLD,HOLD,False,NONE,HOLD,LLM_HOLD,0.0,,
807,pressure,0,1,5,1,38.0,1.0,HOLD,HOLD,False,NONE,HOLD,LLM_HOLD,0.0,,
808,pressure,0,2,3,1,17.0,2.0,HOLD,HOLD,False,NONE,HOLD,LLM_HOLD,0.0,,
809,pressure,0,3,2,2,4.0,4.0,HOLD,HOLD,False,NONE,HOLD,LLM_HOLD,0.0,,
810,pressure,0,4,0,2,0.0,6.0,HOLD,HOLD,False,NONE,HOLD,LLM_HOLD,0.0,,
811,pressure,0,5,0,2,0.0,8.0,HOLD,HOLD,False,NONE,HOLD,LLM_HOLD,0.0,,
812,pressure,0,6,0,2,0.0,10.0,HOLD,HOLD,False,NONE,HOLD,LLM_HOLD,0.0,,
813,pressure,0,7,0,2,0.0,12.0,HOLD,HOLD,False,NONE,HOLD,LLM_HOLD,0.0,,
814,pressure,0,8,0,3,0.0,15.0,HOLD,HOLD,False,NONE,HOLD,LLM_HOLD,0.0,,
815,pressure,0,9,0,3,0.0,18.0,HOLD-REQUEST_EW,HOLD,False,NONE,HOLD,LLM_HOLD,0.0,,
816,pressure,0,10,0,3,0.0,21.0,HOLD-REQUEST_EW,HOLD,False,NONE,HOLD,LLM_HOLD,0.0,,
817,pressure,0,11,0,4,0.0,25.0,HOLD-REQUEST_EW,HOLD,False,NONE,HOLD,LLM_HOLD,0.0,,
818,pressure,0,12,0,5,0.0,30.0,HOLD-REQUEST_EW,HOLD,False,NONE,HOLD,LLM_HOLD,0.0,,
819,pressure,0,13,0,5,0.0,35.0,HOLD-REQUEST_EW,HOLD,False,NONE,HOLD,LLM_HOLD,0.0,,
820,pressure,0,14,0,6,0.0,41.0,HOLD-REQUEST_EW,PRESSURE_DECISION,False,NONE,SWITCH,LLM_APPROVED,0.0,,
821,pressure,1,0,0,6,0.0,47.0,HOLD,HOLD,False,NONE,HOLD,TRANSITION_IN_PROGRESS,0.0,,
822,pressure,1,1,0,6,0.0,53.0,HOLD,HOLD,False,NONE,HOLD,TRANSITION_IN_PROGRESS,0.0,,
823,pressure,1,2,0,6,0.0,59.0,HOLD,HOLD,False,NONE,HOLD,TRANSITION_IN_PROGRESS,0.0,,
824,pressure,2,0,0,8,0.0,67.0,HOLD,HOLD,False,NONE,HOLD,TRANSITION_IN_PROGRESS,0.0,,
825,pressure,2,1,0,8,0.0,75.0,HOLD,HOLD,False,NONE,HOLD,TRANSITION_IN_PROGRESS,0.0,,
826,pressure,3,0,0,6,0.0,45.0,HOLD,HOLD,False,NONE,HOLD,LLM_HOLD,0.0,,
827,pressure,3,1,1,4,1.0,26.0,HOLD,HOLD,False,NONE,HOLD,LLM_HOLD,0.0,,
828,pressure,3,2,2,2,3.0,10.0,HOLD,HOLD,False,NONE,HOLD,LLM_HOLD,0.0,,
829,pressure,3,3,2,0,5.0,0.0,HOLD,HOLD,False,NONE,HOLD,LLM_HOLD,0.0,,
830,pressure,3,4,2,0,7.0,0.0,HOLD,HOLD,False,NONE,HOLD,LLM_HOLD,0.0,,
831,pressure,3,5,2,0,9.0,0.0,HOLD,HOLD,False,NONE,HOLD,LLM_HOLD,0.0,,
832,pressure,3,6,3,0,12.0,0.0,HOLD,HOLD,False,NONE,HOLD,LLM_HOLD,0.0,,
833,pressure,3,7,4,0,16.0,0.0,HOLD,HOLD,False,NONE,HOLD,LLM_HOLD,0.0,,
834,pressure,3,8,4,0,20.0,0.0,HOLD,HOLD,False,NONE,HOLD,LLM_HOLD,0.0,,
835,pressure,3,9,4,0,24.0,0.0,HOLD-REQUEST_NS,HOLD,False,NONE,HOLD,LLM_HOLD,0.0,,
836,pressure,3,10,4,0,28.0,0.0,HOLD-REQUEST_NS,HOLD,False,NONE,HOLD,LLM_HOLD,0.0,,
837,pressure,3,11,5,0,33.0,0.0,HOLD-REQUEST_NS,HOLD,False,NONE,HOLD,LLM_HOLD,0.0,,
838,pressure,3,12,6,0,39.0,0.0,HOLD-REQUEST_NS,HOLD,False,NONE,HOLD,LLM_HOLD,0.0,,
839,pressure,3,13,6,0,45.0,0.0,HOLD-REQUEST_NS,HOLD,False,NONE,HOLD,LLM_HOLD,0.0,,
840,pressure,3,14,6,0,51.0,0.0,HOLD-REQUEST_NS,PRESSURE_DECISION,False,NONE,SWITCH,LLM_APPROVED,0.0,,
841,pressure,4,0,6,0,57.0,0.0,HOLD,HOLD,False,NONE,HOLD,TRANSITION_IN_PROGRESS,0.0,,
842,pressure,4,1,6,0,63.0,0.0,HOLD,HOLD,False,NONE,HOLD,TRANSITION_IN_PROGRESS,0.0,,
843,pressure,4,2,6,0,69.0,0.0,HOLD,HOLD,False,NONE,HOLD,TRANSITION_IN_PROGRESS,0.0,,
844,pressure,5,0,6,0,75.0,0.0,HOLD,HOLD,False,NONE,HOLD,TRANSITION_IN_PROGRESS,0.0,,
845,pressure,5,1,8,0,83.0,0.0,HOLD,HOLD,False,NONE,HOLD,TRANSITION_IN_PROGRESS,0.0,,
846,pressure,0,0,6,1,52.0,1.0,HOLD,HOLD,False,NONE,HOLD,LLM_HOLD,0.0,,
847,pressure,0,1,4,2,27.0,3.0,HOLD,HOLD,False,NONE,HOLD,LLM_HOLD,0.0,,
848,pressure,0,2,2,2,8.0,5.0,HOLD,HOLD,False,NONE,HOLD,LLM_HOLD,0.0,,
849,pressure,0,3,0,2,0.0,7.0,HOLD,HOLD,False,NONE,HOLD,LLM_HOLD,0.0,,
850,pressure,0,4,0,2,0.0,9.0,HOLD,HOLD,False,NONE,HOLD,LLM_HOLD,0.0,,
851,pressure,0,5,0,2,0.0,11.0,HOLD,HOLD,False,NONE,HOLD,LLM_HOLD,0.0,,
852,pressure,0,6,0,4,0.0,15.0,HOLD,HOLD,False,NONE,HOLD,LLM_HOLD,0.0,,
853,pressure,0,7,0,4,0.0,19.0,HOLD,HOLD,False,NONE,HOLD,LLM_HOLD,0.0,,
854,pressure,0,8,0,4,0.0,23.0,HOLD,HOLD,False,NONE,HOLD,LLM_HOLD,0.0,,
855,pressure,0,9,0,4,0.0,27.0,HOLD-REQUEST_EW,HOLD,False,NONE,HOLD,LLM_HOLD,0.0,,
856,pressure,0,10,0,5,0.0,32.0,HOLD-REQUEST_EW,HOLD,False,NONE,HOLD,LLM_HOLD,0.0,,
857,pressure,0,11,0,6,0.0,38.0,HOLD-REQUEST_EW,HOLD,False,NONE,HOLD,LLM_HOLD,0.0,,
858,pressure,0,12,0,6,0.0,44.0,HOLD-REQUEST_EW,HOLD,False,NONE,HOLD,LLM_HOLD,0.0,,
859,pressure,0,13,0,6,0.0,50.0,HOLD-REQUEST_EW,HOLD,False,NONE,HOLD,LLM_HOLD,0.0,,
860,pressure,0,14,0,6,0.0,56.0,HOLD-REQUEST_EW,PRESSURE_DECISION,False,NONE,SWITCH,LLM_APPROVED,0.0,,
861,pressure,1,0,0,6,0.0,62.0,HOLD,HOLD,False,NONE,HOLD,TRANSITION_IN_PROGRESS,0.0,,
862,pressure,1,1,0,6,0.0,68.0,HOLD,HOLD,False,NONE,HOLD,TRANSITION_IN_PROGRESS,0.0,,
863,pressure,1,2,0,8,0.0,76.0,HOLD,HOLD,False,NONE,HOLD,TRANSITION_IN_PROGRESS,0.0,,
864,pressure,2,0,0,8,0.0,84.0,HOLD,HOLD,False,NONE,HOLD,TRANSITION_IN_PROGRESS,0.0,,
865,pressure,2,1,0,8,0.0,92.0,HOLD,HOLD,False,NONE,HOLD,TRANSITION_IN_PROGRESS,0.0,,
866,pressure,3,0,0,6,0.0,59.0,HOLD,HOLD,False,NONE,HOLD,LLM_HOLD,0.0,,
867,pressure,3,1,0,4,0.0,33.0,HOLD,HOLD,False,NONE,HOLD,LLM_HOLD,0.0,,
868,pressure,3,2,0,4,0.0,14.0,HOLD,HOLD,False,NONE,HOLD,LLM_HOLD,0.0,,
869,pressure,3,3,0,2,0.0,4.0,HOLD,HOLD,False,NONE,HOLD,LLM_HOLD,0.0,,
870,pressure,3,4,2,0,2.0,0.0,HOLD,HOLD,False,NONE,HOLD,LLM_HOLD,0.0,,
871,pressure,3,5,2,0,4.0,0.0,HOLD,HOLD,False,NONE,HOLD,LLM_HOLD,0.0,,
872,pressure,3,6,2,0,6.0,0.0,HOLD,HOLD,False,NONE,HOLD,LLM_HOLD,0.0,,
873,pressure,3,7,2,0,8.0,0.0,HOLD,HOLD,False,NONE,HOLD,LLM_HOLD,0.0,,
874,pressure,3,8,3,0,11.0,0.0,HOLD,HOLD,False,NONE,HOLD,LLM_HOLD,0.0,,
875,pressure,3,9,4,0,15.0,0.0,HOLD-REQUEST_NS,HOLD,False,NONE,HOLD,LLM_HOLD,0.0,,
876,pressure,3,10,4,0,19.0,0.0,HOLD-REQUEST_NS,HOLD,False,NONE,HOLD,LLM_HOLD,0.0,,
877,pressure,3,11,4,0,23.0,0.0,HOLD-REQUEST_NS,HOLD,False,NONE,HOLD,LLM_HOLD,0.0,,
878,pressure,3,12,4,0,27.0,0.0,HOLD-REQUEST_NS,HOLD,False,NONE,HOLD,LLM_HOLD,0.0,,
879,pressure,3,13,5,0,32.0,0.0,HOLD-REQUEST_NS,HOLD,False,NONE,HOLD,LLM_HOLD,0.0,,
880,pressure,3,14,6,0,38.0,0.0,HOLD-REQUEST_NS,PRESSURE_DECISION,False,NONE,SWITCH,LLM_APPROVED,0.0,,
881,pressure,4,0,6,0,44.0,0.0,HOLD,HOLD,False,NONE,HOLD,TRANSITION_IN_PROGRESS,0.0,,
882,pressure,4,1,6,0,50.0,0.0,HOLD,HOLD,False,NONE,HOLD,TRANSITION_IN_PROGRESS,0.0,,
883,pressure,4,2,6,0,56.0,0.0,HOLD,HOLD,False,NONE,HOLD,TRANSITION_IN_PROGRESS,0.0,,
884,pressure,5,0,6,0,62.0,0.0,HOLD,HOLD,False,NONE,HOLD,TRANSITION_IN_PROGRESS,0.0,,
885,pressure,5,1,6,0,68.0,0.0,HOLD,HOLD,False,NONE,HOLD,TRANSITION_IN_PROGRESS,0.0,,
886,pressure,0,0,6,0,42.0,0.0,HOLD,HOLD,False,NONE,HOLD,LLM_HOLD,0.0,,
887,pressure,0,1,4,0,21.0,0.0,HOLD,HOLD,False,NONE,HOLD,LLM_HOLD,0.0,,
888,pressure,0,2,2,0,6.0,0.0,HOLD,HOLD,False,NONE,HOLD,LLM_HOLD,0.0,,
889,pressure,0,3,0,0,0.0,0.0,HOLD,HOLD,False,NONE,HOLD,LLM_HOLD,0.0,,
890,pressure,0,4,0,1,0.0,1.0,HOLD,HOLD,False,NONE,HOLD,LLM_HOLD,0.0,,
891,pressure,0,5,0,2,0.0,3.0,HOLD,HOLD,False,NONE,HOLD,LLM_HOLD,0.0,,
892,pressure,0,6,0,2,0.0,5.0,HOLD,HOLD,False,NONE,HOLD,LLM_HOLD,0.0,,
893,pressure,0,7,0,2,0.0,7.0,HOLD,HOLD,False,NONE,HOLD,LLM_HOLD,0.0,,
894,pressure,0,8,0,2,0.0,9.0,HOLD,HOLD,False,NONE,HOLD,LLM_HOLD,0.0,,
895,pressure,0,9,0,2,0.0,11.0,HOLD-REQUEST_EW,HOLD,False,NONE,HOLD,LLM_HOLD,0.0,,
896,pressure,0,10,0,4,0.0,15.0,HOLD-REQUEST_EW,HOLD,False,NONE,HOLD,LLM_HOLD,0.0,,
897,pressure,0,11,0,4,0.0,19.0,HOLD-REQUEST_EW,HOLD,False,NONE,HOLD,LLM_HOLD,0.0,,
898,pressure,0,12,0,4,0.0,23.0,HOLD-REQUEST_EW,HOLD,False,NONE,HOLD,LLM_HOLD,0.0,,
899,pressure,0,13,0,4,0.0,27.0,HOLD-REQUEST_EW,HOLD,False,NONE,HOLD,LLM_HOLD,0.0,,
900,pressure,0,14,0,6,0.0,33.0,HOLD-REQUEST_EW,PRESSURE_DECISION,False,NONE,SWITCH,LLM_APPROVED,0.0,,
901,pressure,1,0,0,6,0.0,39.0,HOLD,HOLD,False,NONE,HOLD,TRANSITION_IN_PROGRESS,0.0,,
902,pressure,1,1,0,6,0.0,45.0,HOLD,HOLD,False,NONE,HOLD,TRANSITION_IN_PROGRESS,0.0,,
903,pressure,1,2,0,6,0.0,51.0,HOLD,HOLD,False,NONE,HOLD,TRANSITION_IN_PROGRESS,0.0,,
904,pressure,2,0,0,6,0.0,57.0,HOLD,HOLD,False,NONE,HOLD,TRANSITION_IN_PROGRESS,0.0,,
905,pressure,2,1,0,6,0.0,63.0,HOLD,HOLD,False,NONE,HOLD,TRANSITION_IN_PROGRESS,0.0,,
906,pressure,3,0,0,4,0.0,36.0,HOLD,HOLD,False,NONE,HOLD,LLM_HOLD,0.0,,
907,pressure,3,1,2,4,2.0,18.0,HOLD,HOLD,False,NONE,HOLD,LLM_HOLD,0.0,,
908,pressure,3,2,2,2,4.0,4.0,HOLD,HOLD,False,NONE,HOLD,LLM_HOLD,0.0,,
909,pressure,3,3,2,0,6.0,0.0,HOLD,HOLD,False,NONE,HOLD,LLM_HOLD,0.0,,
910,pressure,3,4,2,0,8.0,0.0,HOLD,HOLD,False,NONE,HOLD,LLM_HOLD,0.0,,
911,pressure,3,5,4,0,12.0,0.0,HOLD,HOLD,False,NONE,HOLD,LLM_HOLD,0.0,,
912,pressure,3,6,4,0,16.0,0.0,HOLD,HOLD,False,NONE,HOLD,LLM_HOLD,0.0,,
913,pressure,3,7,4,0,20.0,0.0,HOLD,HOLD,False,NONE,HOLD,LLM_HOLD,0.0,,
914,pressure,3,8,4,0,24.0,0.0,HOLD,HOLD,False,NONE,HOLD,LLM_HOLD,0.0,,
915,pressure,3,9,4,0,28.0,0.0,HOLD-REQUEST_NS,HOLD,False,NONE,HOLD,LLM_HOLD,0.0,,
916,pressure,3,10,4,0,32.0,0.0,HOLD-REQUEST_NS,HOLD,False,NONE,HOLD,LLM_HOLD,0.0,,
917,pressure,3,11,6,0,38.0,0.0,HOLD-REQUEST_NS,HOLD,False,NONE,HOLD,LLM_HOLD,0.0,,
918,pressure,3,12,6,0,44.0,0.0,HOLD-REQUEST_NS,HOLD,False,NONE,HOLD,LLM_HOLD,0.0,,
919,pressure,3,13,6,0,50.0,0.0,HOLD-REQUEST_NS,HOLD,False,NONE,HOLD,LLM_HOLD,0.0,,
920,pressure,3,14,6,0,56.0,0.0,HOLD-REQUEST_NS,PRESSURE_DECISION,False,NONE,SWITCH,LLM_APPROVED,0.0,,
921,pressure,4,0,7,0,63.0,0.0,HOLD,HOLD,False,NONE,HOLD,TRANSITION_IN_PROGRESS,0.0,,
922,pressure,4,1,8,0,71.0,0.0,HOLD,HOLD,False,NONE,HOLD,TRANSITION_IN_PROGRESS,0.0,,
923,pressure,4,2,8,0,79.0,0.0,HOLD,HOLD,False,NONE,HOLD,TRANSITION_IN_PROGRESS,0.0,,
924,pressure,5,0,8,0,87.0,0.0,HOLD,HOLD,False,NONE,HOLD,TRANSITION_IN_PROGRESS,0.0,,
925,pressure,5,1,8,0,95.0,0.0,HOLD,HOLD,False,NONE,HOLD,TRANSITION_IN_PROGRESS,0.0,,
926,pressure,0,0,6,0,63.0,0.0,HOLD,HOLD,False,NONE,HOLD,LLM_HOLD,0.0,,
927,pressure,0,1,4,0,35.0,0.0,HOLD,HOLD,False,NONE,HOLD,LLM_HOLD,0.0,,
928,pressure,0,2,4,1,17.0,1.0,HOLD,HOLD,False,NONE,HOLD,LLM_HOLD,0.0,,
929,pressure,0,3,2,2,4.0,3.0,HOLD,HOLD,False,NONE,HOLD,LLM_HOLD,0.0,,
930,pressure,0,4,0,2,0.0,5.0,HOLD,HOLD,False,NONE,HOLD,LLM_HOLD,0.0,,
931,pressure,0,5,0,2,0.0,7.0,HOLD,HOLD,False,NONE,HOLD,LLM_HOLD,0.0,,
932,pressure,0,6,0,2,0.0,9.0,HOLD,HOLD,False,NONE,HOLD,LLM_HOLD,0.0,,
933,pressure,0,7,0,2,0.0,11.0,HOLD,HOLD,False,NONE,HOLD,LLM_HOLD,0.0,,
934,pressure,0,8,0,3,0.0,14.0,HOLD,HOLD,False,NONE,HOLD,LLM_HOLD,0.0,,
935,pressure,0,9,0,4,0.0,18.0,HOLD-REQUEST_EW,HOLD,False,NONE,HOLD,LLM_HOLD,0.0,,
936,pressure,0,10,0,4,0.0,22.0,HOLD-REQUEST_EW,HOLD,False,NONE,HOLD,LLM_HOLD,0.0,,
937,pressure,0,11,0,4,0.0,26.0,HOLD-REQUEST_EW,HOLD,False,NONE,HOLD,LLM_HOLD,0.0,,
938,pressure,0,12,0,4,0.0,30.0,HOLD-REQUEST_EW,HOLD,False,NONE,HOLD,LLM_HOLD,0.0,,
939,pressure,0,13,0,4,0.0,34.0,HOLD-REQUEST_EW,HOLD,False,NONE,HOLD,LLM_HOLD,0.0,,
940,pressure,0,14,0,5,0.0,39.0,HOLD-REQUEST_EW,PRESSURE_DECISION,False,NONE,SWITCH,LLM_APPROVED,0.0,,
941,pressure,1,0,0,6,0.0,45.0,HOLD,HOLD,False,NONE,HOLD,TRANSITION_IN_PROGRESS,0.0,,
942,pressure,1,1,0,6,0.0,51.0,HOLD,HOLD,False,NONE,HOLD,TRANSITION_IN_PROGRESS,0.0,,
943,pressure,1,2,0,6,0.0,57.0,HOLD,HOLD,False,NONE,HOLD,TRANSITION_IN_PROGRESS,0.0,,
944,pressure,2,0,0,7,0.0,64.0,HOLD,HOLD,False,NONE,HOLD,TRANSITION_IN_PROGRESS,0.0,,
945,pressure,2,1,0,8,0.0,72.0,HOLD,HOLD,False,NONE,HOLD,TRANSITION_IN_PROGRESS,0.0,,
946,pressure,3,0,0,6,0.0,43.0,HOLD,HOLD,False,NONE,HOLD,LLM_HOLD,0.0,,
947,pressure,3,1,2,4,2.0,22.0,HOLD,HOLD,False,NONE,HOLD,LLM_HOLD,0.0,,
948,pressure,3,2,2,2,4.0,9.0,HOLD,HOLD,False,NONE,HOLD,LLM_HOLD,0.0,,
949,pressure,3,3,2,0,6.0,0.0,HOLD,HOLD,False,NONE,HOLD,LLM_HOLD,0.0,,
950,pressure,3,4,2,0,8.0,0.0,HOLD,HOLD,False,NONE,HOLD,LLM_HOLD,0.0,,
951,pressure,3,5,2,0,10.0,0.0,HOLD,HOLD,False,NONE,HOLD,LLM_HOLD,0.0,,
952,pressure,3,6,2,0,12.0,0.0,HOLD,HOLD,False,NONE,HOLD,LLM_HOLD,0.0,,
953,pressure,3,7,3,0,15.0,0.0,HOLD,HOLD,False,NONE,HOLD,LLM_HOLD,0.0,,
954,pressure,3,8,4,0,19.0,0.0,HOLD,HOLD,False,NONE,HOLD,LLM_HOLD,0.0,,
955,pressure,3,9,4,0,23.0,0.0,HOLD-REQUEST_NS,HOLD,False,NONE,HOLD,LLM_HOLD,0.0,,
956,pressure,3,10,4,0,27.0,0.0,HOLD-REQUEST_NS,HOLD,False,NONE,HOLD,LLM_HOLD,0.0,,
957,pressure,3,11,4,0,31.0,0.0,HOLD-REQUEST_NS,HOLD,False,NONE,HOLD,LLM_HOLD,0.0,,
958,pressure,3,12,4,0,35.0,0.0,HOLD-REQUEST_NS,HOLD,False,NONE,HOLD,LLM_HOLD,0.0,,
959,pressure,3,13,6,0,41.0,0.0,HOLD-REQUEST_NS,HOLD,False,NONE,HOLD,LLM_HOLD,0.0,,
960,pressure,3,14,6,0,47.0,0.0,HOLD-REQUEST_NS,PRESSURE_DECISION,False,NONE,SWITCH,LLM_APPROVED,0.0,,
961,pressure,4,0,6,0,53.0,0.0,HOLD,HOLD,False,NONE,HOLD,TRANSITION_IN_PROGRESS,0.0,,
962,pressure,4,1,6,0,59.0,0.0,HOLD,HOLD,False,NONE,HOLD,TRANSITION_IN_PROGRESS,0.0,,
963,pressure,4,2,6,0,65.0,0.0,HOLD,HOLD,False,NONE,HOLD,TRANSITION_IN_PROGRESS,0.0,,
964,pressure,5,0,8,0,73.0,0.0,HOLD,HOLD,False,NONE,HOLD,TRANSITION_IN_PROGRESS,0.0,,
965,pressure,5,1,8,1,81.0,1.0,HOLD,HOLD,False,NONE,HOLD,TRANSITION_IN_PROGRESS,0.0,,
966,pressure,0,0,6,2,49.0,3.0,HOLD,HOLD,False,NONE,HOLD,LLM_HOLD,0.0,,
967,pressure,0,1,4,2,26.0,5.0,HOLD,HOLD,False,NONE,HOLD,LLM_HOLD,0.0,,
968,pressure,0,2,2,2,10.0,7.0,HOLD,HOLD,False,NONE,HOLD,LLM_HOLD,0.0,,
969,pressure,0,3,1,2,1.0,9.0,HOLD,HOLD,False,NONE,HOLD,LLM_HOLD,0.0,,
970,pressure,0,4,0,2,0.0,11.0,HOLD,HOLD,False,NONE,HOLD,LLM_HOLD,0.0,,
971,pressure,0,5,0,3,0.0,14.0,HOLD,HOLD,False,NONE,HOLD,LLM_HOLD,0.0,,
972,pressure,0,6,0,4,0.0,18.0,HOLD,HOLD,False,NONE,HOLD,LLM_HOLD,0.0,,
973,pressure,0,7,0,4,0.0,22.0,HOLD,HOLD,False,NONE,HOLD,LLM_HOLD,0.0,,
974,pressure,0,8,0,4,0.0,26.0,HOLD,HOLD,False,NONE,HOLD,LLM_HOLD,0.0,,
975,pressure,0,9,0,4,0.0,30.0,HOLD-REQUEST_EW,HOLD,False,NONE,HOLD,LLM_HOLD,0.0,,
976,pressure,0,10,0,5,0.0,35.0,HOLD-REQUEST_EW,HOLD,False,NONE,HOLD,LLM_HOLD,0.0,,
977,pressure,0,11,0,5,0.0,40.0,HOLD-REQUEST_EW,HOLD,False,NONE,HOLD,LLM_HOLD,0.0,,
978,pressure,0,12,0,5,0.0,45.0,HOLD-REQUEST_EW,HOLD,False,NONE,HOLD,LLM_HOLD,0.0,,
979,pressure,0,13,0,6,0.0,51.0,HOLD-REQUEST_EW,HOLD,False,NONE,HOLD,LLM_HOLD,0.0,,
980,pressure,0,14,0,6,0.0,57.0,HOLD-REQUEST_EW,PRESSURE_DECISION,False,NONE,SWITCH,LLM_APPROVED,0.0,,
981,pressure,1,0,0,6,0.0,63.0,HOLD,HOLD,False,NONE,HOLD,TRANSITION_IN_PROGRESS,0.0,,
982,pressure,1,1,0,7,0.0,70.0,HOLD,HOLD,False,NONE,HOLD,TRANSITION_IN_PROGRESS,0.0,,
983,pressure,1,2,0,8,0.0,78.0,HOLD,HOLD,False,NONE,HOLD,TRANSITION_IN_PROGRESS,0.0,,
984,pressure,2,0,0,8,0.0,86.0,HOLD,HOLD,False,NONE,HOLD,TRANSITION_IN_PROGRESS,0.0,,
985,pressure,2,1,0,8,0.0,94.0,HOLD,HOLD,False,NONE,HOLD,TRANSITION_IN_PROGRESS,0.0,,
986,pressure,3,0,0,6,0.0,59.0,HOLD,HOLD,False,NONE,HOLD,LLM_HOLD,0.0,,
987,pressure,3,1,0,5,0.0,33.0,HOLD,HOLD,False,NONE,HOLD,LLM_HOLD,0.0,,
988,pressure,3,2,0,4,0.0,16.0,HOLD,HOLD,False,NONE,HOLD,LLM_HOLD,0.0,,
989,pressure,3,3,1,2,1.0,5.0,HOLD,HOLD,False,NONE,HOLD,LLM_HOLD,0.0,,
990,pressure,3,4,2,0,3.0,0.0,HOLD,HOLD,False,NONE,HOLD,LLM_HOLD,0.0,,
991,pressure,3,5,2,0,5.0,0.0,HOLD,HOLD,False,NONE,HOLD,LLM_HOLD,0.0,,
992,pressure,3,6,2,0,7.0,0.0,HOLD,HOLD,False,NONE,HOLD,LLM_HOLD,0.0,,
993,pressure,3,7,2,0,9.0,0.0,HOLD,HOLD,False,NONE,HOLD,LLM_HOLD,0.0,,
994,pressure,3,8,3,0,12.0,0.0,HOLD,HOLD,False,NONE,HOLD,LLM_HOLD,0.0,,
995,pressure,3,9,3,0,15.0,0.0,HOLD-REQUEST_NS,HOLD,False,NONE,HOLD,LLM_HOLD,0.0,,
996,pressure,3,10,3,0,18.0,0.0,HOLD-REQUEST_NS,HOLD,False,NONE,HOLD,LLM_HOLD,0.0,,
997,pressure,3,11,4,0,22.0,0.0,HOLD-REQUEST_NS,HOLD,False,NONE,HOLD,LLM_HOLD,0.0,,
998,pressure,3,12,4,0,26.0,0.0,HOLD-REQUEST_NS,HOLD,False,NONE,HOLD,LLM_HOLD,0.0,,
999,pressure,3,13,4,0,30.0,0.0,HOLD-REQUEST_NS,HOLD,False,NONE,HOLD,LLM_HOLD,0.0,,
1000,pressure,3,14,4,0,34.0,0.0,HOLD-REQUEST_NS,PRESSURE_DECISION,False,NONE,SWITCH,LLM_APPROVED,0.0,,
1001,pressure,4,0,5,0,39.0,0.0,HOLD,HOLD,False,NONE,HOLD,TRANSITION_IN_PROGRESS,0.0,,
1002,pressure,4,1,6,0,45.0,0.0,HOLD,HOLD,False,NONE,HOLD,TRANSITION_IN_PROGRESS,0.0,,
1003,pressure,4,2,6,0,51.0,0.0,HOLD,HOLD,False,NONE,HOLD,TRANSITION_IN_PROGRESS,0.0,,
1004,pressure,5,0,6,1,57.0,1.0,HOLD,HOLD,False,NONE,HOLD,TRANSITION_IN_PROGRESS,0.0,,
1005,pressure,5,1,6,1,63.0,2.0,HOLD,HOLD,False,NONE,HOLD,TRANSITION_IN_PROGRESS,0.0,,
1006,pressure,0,0,5,1,35.0,3.0,HOLD,HOLD,False,NONE,HOLD,LLM_HOLD,0.0,,
1007,pressure,0,1,4,1,16.0,4.0,HOLD,HOLD,False,NONE,HOLD,LLM_HOLD,0.0,,
1008,pressure,0,2,2,1,5.0,5.0,HOLD,HOLD,False,NONE,HOLD,LLM_HOLD,0.0,,
1009,pressure,0,3,0,1,0.0,6.0,HOLD,HOLD,False,NONE,HOLD,LLM_HOLD,0.0,,
1010,pressure,0,4,0,3,0.0,9.0,HOLD,HOLD,False,NONE,HOLD,LLM_HOLD,0.0,,
1011,pressure,0,5,0,3,0.0,12.0,HOLD,HOLD,False,NONE,HOLD,LLM_HOLD,0.0,,
1012,pressure,0,6,0,3,0.0,15.0,HOLD,HOLD,False,NONE,HOLD,LLM_HOLD,0.0,,
1013,pressure,0,7,0,3,0.0,18.0,HOLD,HOLD,False,NONE,HOLD,LLM_HOLD,0.0,,
1014,pressure,0,8,0,3,0.0,21.0,HOLD,HOLD,False,NONE,HOLD,LLM_HOLD,0.0,,
1015,pressure,0,9,0,4,0.0,25.0,HOLD-REQUEST_EW,HOLD,False,NONE,HOLD,LLM_HOLD,0.0,,
1016,pressure,0,10,0,5,0.0,30.0,HOLD-REQUEST_EW,HOLD,False,NONE,HOLD,LLM_HOLD,0.0,,
1017,pressure,0,11,0,5,0.0,35.0,HOLD-REQUEST_EW,HOLD,False,NONE,HOLD,LLM_HOLD,0.0,,
1018,pressure,0,12,0,5,0.0,40.0,HOLD-REQUEST_EW,HOLD,False,NONE,HOLD,LLM_HOLD,0.0,,
1019,pressure,0,13,0,5,0.0,45.0,HOLD-REQUEST_EW,HOLD,False,NONE,HOLD,LLM_HOLD,0.0,,
1020,pressure,0,14,0,5,0.0,50.0,HOLD-REQUEST_EW,PRESSURE_DECISION,False,NONE,SWITCH,LLM_APPROVED,0.0,,
1021,pressure,1,0,0,6,0.0,56.0,HOLD,HOLD,False,NONE,HOLD,TRANSITION_IN_PROGRESS,0.0,,
1022,pressure,1,1,0,7,0.0,63.0,HOLD,HOLD,False,NONE,HOLD,TRANSITION_IN_PROGRESS,0.0,,
1023,pressure,1,2,0,7,0.0,70.0,HOLD,HOLD,False,NONE,HOLD,TRANSITION_IN_PROGRESS,0.0,,
1024,pressure,2,0,0,7,0.0,77.0,HOLD,HOLD,False,NONE,HOLD,TRANSITION_IN_PROGRESS,0.0,,
1025,pressure,2,1,1,7,1.0,84.0,HOLD,HOLD,False,NONE,HOLD,TRANSITION_IN_PROGRESS,0.0,,
1026,pressure,3,0,1,6,2.0,52.0,HOLD,HOLD,False,NONE,HOLD,LLM_HOLD,0.0,,
1027,pressure,3,1,2,5,4.0,29.0,HOLD,HOLD,False,NONE,HOLD,LLM_HOLD,0.0,,
1028,pressure,3,2,2,3,6.0,13.0,HOLD,HOLD,False,NONE,HOLD,LLM_HOLD,0.0,,
1029,pressure,3,3,2,1,8.0,4.0,HOLD,HOLD,False,NONE,HOLD,LLM_HOLD,0.0,,
1030,pressure,3,4,2,0,10.0,0.0,HOLD,HOLD,False,NONE,HOLD,LLM_HOLD,0.0,,
1031,pressure,3,5,3,0,13.0,0.0,HOLD,HOLD,False,NONE,HOLD,LLM_HOLD,0.0,,
1032,pressure,3,6,4,0,17.0,0.0,HOLD,HOLD,False,NONE,HOLD,LLM_HOLD,0.0,,
1033,pressure,3,7,4,0,21.0,0.0,HOLD,HOLD,False,NONE,HOLD,LLM_HOLD,0.0,,
1034,pressure,3,8,4,0,25.0,0.0,HOLD,HOLD,False,NONE,HOLD,LLM_HOLD,0.0,,
1035,pressure,3,9,4,0,29.0,0.0,HOLD-REQUEST_NS,HOLD,False,NONE,HOLD,LLM_HOLD,0.0,,
1036,pressure,3,10,4,0,33.0,0.0,HOLD-REQUEST_NS,HOLD,False,NONE,HOLD,LLM_HOLD,0.0,,
1037,pressure,3,11,6,0,39.0,0.0,HOLD-REQUEST_NS,HOLD,False,NONE,HOLD,LLM_HOLD,0.0,,
1038,pressure,3,12,6,0,45.0,0.0,HOLD-REQUEST_NS,HOLD,False,NONE,HOLD,LLM_HOLD,0.0,,
1039,pressure,3,13,6,0,51.0,0.0,HOLD-REQUEST_NS,HOLD,False,NONE,HOLD,LLM_HOLD,0.0,,
1040,pressure,3,14,6,0,57.0,0.0,HOLD-REQUEST_NS,PRESSURE_DECISION,False,NONE,SWITCH,LLM_APPROVED,0.0,,
1041,pressure,4,0,6,0,63.0,0.0,HOLD,HOLD,False,NONE,HOLD,TRANSITION_IN_PROGRESS,0.0,,
1042,pressure,4,1,6,0,69.0,0.0,HOLD,HOLD,False,NONE,HOLD,TRANSITION_IN_PROGRESS,0.0,,
1043,pressure,4,2,8,0,77.0,0.0,HOLD,HOLD,False,NONE,HOLD,TRANSITION_IN_PROGRESS,0.0,,
1044,pressure,5,0,8,0,85.0,0.0,HOLD,HOLD,False,NONE,HOLD,TRANSITION_IN_PROGRESS,0.0,,
1045,pressure,5,1,8,0,93.0,0.0,HOLD,HOLD,False,NONE,HOLD,TRANSITION_IN_PROGRESS,0.0,,
1046,pressure,0,0,6,0,59.0,0.0,HOLD,HOLD,False,NONE,HOLD,LLM_HOLD,0.0,,
1047,pressure,0,1,4,0,32.0,0.0,HOLD,HOLD,False,NONE,HOLD,LLM_HOLD,0.0,,
1048,pressure,0,2,4,2,14.0,2.0,HOLD,HOLD,False,NONE,HOLD,LLM_HOLD,0.0,,
1049,pressure,0,3,2,2,4.0,4.0,HOLD,HOLD,False,NONE,HOLD,LLM_HOLD,0.0,,
1050,pressure,0,4,0,2,0.0,6.0,HOLD,HOLD,False,NONE,HOLD,LLM_HOLD,0.0,,
1051,pressure,0,5,0,2,0.0,8.0,HOLD,HOLD,False,NONE,HOLD,LLM_HOLD,0.0,,
1052,pressure,0,6,0,2,0.0,10.0,HOLD,HOLD,False,NONE,HOLD,LLM_HOLD,0.0,,
1053,pressure,0,7,0,3,0.0,13.0,HOLD,HOLD,False,NONE,HOLD,LLM_HOLD,0.0,,
1054,pressure,0,8,0,4,0.0,17.0,HOLD,HOLD,False,NONE,HOLD,LLM_HOLD,0.0,,
1055,pressure,0,9,0,4,0.0,21.0,HOLD-REQUEST_EW,HOLD,False,NONE,HOLD,LLM_HOLD,0.0,,
1056,pressure,0,10,0,4,0.0,25.0,HOLD-REQUEST_EW,HOLD,False,NONE,HOLD,LLM_HOLD,0.0,,
1057,pressure,0,11,0,4,0.0,29.0,HOLD-REQUEST_EW,HOLD,False,NONE,HOLD,LLM_HOLD,0.0,,
1058,pressure,0,12,0,5,0.0,34.0,HOLD-REQUEST_EW,HOLD,False,NONE,HOLD,LLM_HOLD,0.0,,
1059,pressure,0,13,0,6,0.0,40.0,HOLD-REQUEST_EW,HOLD,False,NONE,HOLD,LLM_HOLD,0.0,,
1060,pressure,0,14,0,6,0.0,46.0,HOLD-REQUEST_EW,PRESSURE_DECISION,False,NONE,SWITCH,LLM_APPROVED,0.0,,
1061,pressure,1,0,0,6,0.0,52.0,HOLD,HOLD,False,NONE,HOLD,TRANSITION_IN_PROGRESS,0.0,,
1062,pressure,1,1,0,6,0.0,58.0,HOLD,HOLD,False,NONE,HOLD,TRANSITION_IN_PROGRESS,0.0,,
1063,pressure,1,2,0,6,0.0,64.0,HOLD,HOLD,False,NONE,HOLD,TRANSITION_IN_PROGRESS,0.0,,
1064,pressure,2,0,0,6,0.0,70.0,HOLD,HOLD,False,NONE,HOLD,TRANSITION_IN_PROGRESS,0.0,,
1065,pressure,2,1,0,7,0.0,77.0,HOLD,HOLD,False,NONE,HOLD,TRANSITION_IN_PROGRESS,0.0,,
1066,pressure,3,0,0,5,0.0,46.0,HOLD,HOLD,False,NONE,HOLD,LLM_HOLD,0.0,,
1067,pressure,3,1,1,4,1.0,23.0,HOLD,HOLD,False,NONE,HOLD,LLM_HOLD,0.0,,
1068,pressure,3,2,2,2,3.0,6.0,HOLD,HOLD,False,NONE,HOLD,LLM_HOLD,0.0,,
1069,pressure,3,3,2,0,5.0,0.0,HOLD,HOLD,False,NONE,HOLD,LLM_HOLD,0.0,,
1070,pressure,3,4,2,0,7.0,0.0,HOLD,HOLD,False,NONE,HOLD,LLM_HOLD,0.0,,
1071,pressure,3,5,2,0,9.0,0.0,HOLD,HOLD,False,NONE,HOLD,LLM_HOLD,0.0,,
1072,pressure,3,6,3,0,12.0,0.0,HOLD,HOLD,False,NONE,HOLD,LLM_HOLD,0.0,,
1073,pressure,3,7,4,0,16.0,0.0,HOLD,HOLD,False,NONE,HOLD,LLM_HOLD,0.0,,
1074,pressure,3,8,4,0,20.0,0.0,HOLD,HOLD,False,NONE,HOLD,LLM_HOLD,0.0,,
1075,pressure,3,9,4,0,24.0,0.0,HOLD-REQUEST_NS,HOLD,False,NONE,HOLD,LLM_HOLD,0.0,,
1076,pressure,3,10,4,0,28.0,0.0,HOLD-REQUEST_NS,HOLD,False,NONE,HOLD,LLM_HOLD,0.0,,
1077,pressure,3,11,4,0,32.0,0.0,HOLD-REQUEST_NS,HOLD,False,NONE,HOLD,LLM_HOLD,0.0,,
1078,pressure,3,12,6,0,38.0,0.0,HOLD-REQUEST_NS,HOLD,False,NONE,HOLD,LLM_HOLD,0.0,,
1079,pressure,3,13,6,0,44.0,0.0,HOLD-REQUEST_NS,HOLD,False,NONE,HOLD,LLM_HOLD,0.0,,
1080,pressure,3,14,6,0,50.0,0.0,HOLD-REQUEST_NS,PRESSURE_DECISION,False,NONE,SWITCH,LLM_APPROVED,0.0,,
1081,pressure,4,0,6,0,56.0,0.0,HOLD,HOLD,False,NONE,HOLD,TRANSITION_IN_PROGRESS,0.0,,
1082,pressure,4,1,6,0,62.0,0.0,HOLD,HOLD,False,NONE,HOLD,TRANSITION_IN_PROGRESS,0.0,,
1083,pressure,4,2,6,0,68.0,0.0,HOLD,HOLD,False,NONE,HOLD,TRANSITION_IN_PROGRESS,0.0,,
1084,pressure,5,0,7,0,75.0,0.0,HOLD,HOLD,False,NONE,HOLD,TRANSITION_IN_PROGRESS,0.0,,
1085,pressure,5,1,8,0,83.0,0.0,HOLD,HOLD,False,NONE,HOLD,TRANSITION_IN_PROGRESS,0.0,,
1086,pressure,0,0,6,0,52.0,0.0,HOLD,HOLD,False,NONE,HOLD,LLM_HOLD,0.0,,
1087,pressure,0,1,4,1,27.0,1.0,HOLD,HOLD,False,NONE,HOLD,LLM_HOLD,0.0,,
1088,pressure,0,2,3,2,10.0,3.0,HOLD,HOLD,False,NONE,HOLD,LLM_HOLD,0.0,,
1089,pressure,0,3,2,2,3.0,5.0,HOLD,HOLD,False,NONE,HOLD,LLM_HOLD,0.0,,
1090,pressure,0,4,0,2,0.0,7.0,HOLD,HOLD,False,NONE,HOLD,LLM_HOLD,0.0,,
1091,pressure,0,5,0,2,0.0,9.0,HOLD,HOLD,False,NONE,HOLD,LLM_HOLD,0.0,,
1092,pressure,0,6,0,3,0.0,12.0,HOLD,HOLD,False,NONE,HOLD,LLM_HOLD,0.0,,
1093,pressure,0,7,0,4,0.0,16.0,HOLD,HOLD,False,NONE,HOLD,LLM_HOLD,0.0,,
1094,pressure,0,8,0,4,0.0,20.0,HOLD,HOLD,False,NONE,HOLD,LLM_HOLD,0.0,,
1095,pressure,0,9,0,4,0.0,24.0,HOLD-REQUEST_EW,HOLD,False,NONE,HOLD,LLM_HOLD,0.0,,
1096,pressure,0,10,0,4,0.0,28.0,HOLD-REQUEST_EW,HOLD,False,NONE,HOLD,LLM_HOLD,0.0,,
1097,pressure,0,11,0,4,0.0,32.0,HOLD-REQUEST_EW,HOLD,False,NONE,HOLD,LLM_HOLD,0.0,,
1098,pressure,0,12,0,5,0.0,37.0,HOLD-REQUEST_EW,HOLD,False,NONE,HOLD,LLM_HOLD,0.0,,
1099,pressure,0,13,0,5,0.0,42.0,HOLD-REQUEST_EW,HOLD,False,NONE,HOLD,LLM_HOLD,0.0,,
1100,pressure,0,14,0,6,0.0,48.0,HOLD-REQUEST_EW,PRESSURE_DECISION,False,NONE,SWITCH,LLM_APPROVED,0.0,,
1101,pressure,1,0,0,6,0.0,54.0,HOLD,HOLD,False,NONE,HOLD,TRANSITION_IN_PROGRESS,0.0,,
1102,pressure,1,1,0,7,0.0,61.0,HOLD,HOLD,False,NONE,HOLD,TRANSITION_IN_PROGRESS,0.0,,
1103,pressure,1,2,1,7,1.0,68.0,HOLD,HOLD,False,NONE,HOLD,TRANSITION_IN_PROGRESS,0.0,,
1104,pressure,2,0,1,8,2.0,76.0,HOLD,HOLD,False,NONE,HOLD,TRANSITION_IN_PROGRESS,0.0,,
1105,pressure,2,1,1,8,3.0,84.0,HOLD,HOLD,False,NONE,HOLD,TRANSITION_IN_PROGRESS,0.0,,
1106,pressure,3,0,1,6,4.0,53.0,HOLD,HOLD,False,NONE,HOLD,LLM_HOLD,0.0,,
1107,pressure,3,1,1,4,5.0,28.0,HOLD,HOLD,False,NONE,HOLD,LLM_HOLD,0.0,,
1108,pressure,3,2,2,3,7.0,13.0,HOLD,HOLD,False,NONE,HOLD,LLM_HOLD,0.0,,
1109,pressure,3,3,3,2,10.0,3.0,HOLD,HOLD,False,NONE,HOLD,LLM_HOLD,0.0,,
1110,pressure,3,4,3,0,13.0,0.0,HOLD,HOLD,False,NONE,HOLD,LLM_HOLD,0.0,,
1111,pressure,3,5,3,0,16.0,0.0,HOLD,HOLD,False,NONE,HOLD,LLM_HOLD,0.0,,
1112,pressure,3,6,3,0,19.0,0.0,HOLD,HOLD,False,NONE,HOLD,LLM_HOLD,0.0,,
1113,pressure,3,7,4,0,23.0,0.0,HOLD,HOLD,False,NONE,HOLD,LLM_HOLD,0.0,,
1114,pressure,3,8,4,0,27.0,0.0,HOLD,HOLD,False,NONE,HOLD,LLM_HOLD,0.0,,
1115,pressure,3,9,4,0,31.0,0.0,HOLD-REQUEST_NS,HOLD,False,NONE,HOLD,LLM_HOLD,0.0,,
1116,pressure,3,10,5,0,36.0,0.0,HOLD-REQUEST_NS,HOLD,False,NONE,HOLD,LLM_HOLD,0.0,,
1117,pressure,3,11,5,0,41.0,0.0,HOLD-REQUEST_NS,HOLD,False,NONE,HOLD,LLM_HOLD,0.0,,
1118,pressure,3,12,5,0,46.0,0.0,HOLD-REQUEST_NS,HOLD,False,NONE,HOLD,LLM_HOLD,0.0,,
1119,pressure,3,13,6,0,52.0,0.0,HOLD-REQUEST_NS,HOLD,False,NONE,HOLD,LLM_HOLD,0.0,,
1120,pressure,3,14,6,0,58.0,0.0,HOLD-REQUEST_NS,PRESSURE_DECISION,False,NONE,SWITCH,LLM_APPROVED,0.0,,
1121,pressure,4,0,7,0,65.0,0.0,HOLD,HOLD,False,NONE,HOLD,TRANSITION_IN_PROGRESS,0.0,,
1122,pressure,4,1,7,0,72.0,0.0,HOLD,HOLD,False,NONE,HOLD,TRANSITION_IN_PROGRESS,0.0,,
1123,pressure,4,2,7,0,79.0,0.0,HOLD,HOLD,False,NONE,HOLD,TRANSITION_IN_PROGRESS,0.0,,
1124,pressure,5,0,7,0,86.0,0.0,HOLD,HOLD,False,NONE,HOLD,TRANSITION_IN_PROGRESS,0.0,,
1125,pressure,5,1,9,0,95.0,0.0,HOLD,HOLD,False,NONE,HOLD,TRANSITION_IN_PROGRESS,0.0,,
1126,pressure,0,0,7,0,62.0,0.0,HOLD,HOLD,False,NONE,HOLD,LLM_HOLD,0.0,,
1127,pressure,0,1,5,0,37.0,0.0,HOLD,HOLD,False,NONE,HOLD,LLM_HOLD,0.0,,
1128,pressure,0,2,3,0,18.0,0.0,HOLD,HOLD,False,NONE,HOLD,LLM_HOLD,0.0,,
1129,pressure,0,3,1,0,5.0,0.0,HOLD,HOLD,False,NONE,HOLD,LLM_HOLD,0.0,,
1130,pressure,0,4,1,1,1.0,1.0,HOLD,HOLD,False,NONE,HOLD,LLM_HOLD,0.0,,
1131,pressure,0,5,0,2,0.0,3.0,HOLD,HOLD,False,NONE,HOLD,LLM_HOLD,0.0,,
1132,pressure,0,6,0,2,0.0,5.0,HOLD,HOLD,False,NONE,HOLD,LLM_HOLD,0.0,,
1133,pressure,0,7,0,2,0.0,7.0,HOLD,HOLD,False,NONE,HOLD,LLM_HOLD,0.0,,
1134,pressure,0,8,0,2,0.0,9.0,HOLD,HOLD,False,NONE,HOLD,LLM_HOLD,0.0,,
1135,pressure,0,9,0,2,0.0,11.0,HOLD-REQUEST_EW,HOLD,False,NONE,HOLD,LLM_HOLD,0.0,,
1136,pressure,0,10,0,3,0.0,14.0,HOLD-REQUEST_EW,HOLD,False,NONE,HOLD,LLM_HOLD,0.0,,
1137,pressure,0,11,0,4,0.0,18.0,HOLD-REQUEST_EW,HOLD,False,NONE,HOLD,LLM_HOLD,0.0,,
1138,pressure,0,12,0,4,0.0,22.0,HOLD-REQUEST_EW,HOLD,False,NONE,HOLD,LLM_HOLD,0.0,,
1139,pressure,0,13,0,4,0.0,26.0,HOLD-REQUEST_EW,HOLD,False,NONE,HOLD,LLM_HOLD,0.0,,
1140,pressure,0,14,0,4,0.0,30.0,HOLD-REQUEST_EW,PRESSURE_DECISION,False,NONE,SWITCH,LLM_APPROVED,0.0,,
1141,pressure,1,0,0,4,0.0,34.0,HOLD,HOLD,False,NONE,HOLD,TRANSITION_IN_PROGRESS,0.0,,
1142,pressure,1,1,0,6,0.0,40.0,HOLD,HOLD,False,NONE,HOLD,TRANSITION_IN_PROGRESS,0.0,,
1143,pressure,1,2,0,6,0.0,46.0,HOLD,HOLD,False,NONE,HOLD,TRANSITION_IN_PROGRESS,0.0,,
1144,pressure,2,0,1,6,1.0,52.0,HOLD,HOLD,False,NONE,HOLD,TRANSITION_IN_PROGRESS,0.0,,
1145,pressure,2,1,1,6,2.0,58.0,HOLD,HOLD,False,NONE,HOLD,TRANSITION_IN_PROGRESS,0.0,,
1146,pressure,3,0,2,4,4.0,31.0,HOLD,HOLD,False,NONE,HOLD,LLM_HOLD,0.0,,
1147,pressure,3,1,2,3,6.0,13.0,HOLD,HOLD,False,NONE,HOLD,LLM_HOLD,0.0,,
1148,pressure,3,2,2,2,8.0,3.0,HOLD,HOLD,False,NONE,HOLD,LLM_HOLD,0.0,,
1149,pressure,3,3,2,0,10.0,0.0,HOLD,HOLD,False,NONE,HOLD,LLM_HOLD,0.0,,
1150,pressure,3,4,3,0,13.0,0.0,HOLD,HOLD,False,NONE,HOLD,LLM_HOLD,0.0,,
1151,pressure,3,5,3,0,16.0,0.0,HOLD,HOLD,False,NONE,HOLD,LLM_HOLD,0.0,,
1152,pressure,3,6,4,0,20.0,0.0,HOLD,HOLD,False,NONE,HOLD,LLM_HOLD,0.0,,
1153,pressure,3,7,4,0,24.0,0.0,HOLD,HOLD,False,NONE,HOLD,LLM_HOLD,0.0,,
1154,pressure,3,8,4,0,28.0,0.0,HOLD,HOLD,False,NONE,HOLD,LLM_HOLD,0.0,,
1155,pressure,3,9,4,0,32.0,0.0,HOLD-REQUEST_NS,HOLD,False,NONE,HOLD,LLM_HOLD,0.0,,
1156,pressure,3,10,5,0,37.0,0.0,HOLD-REQUEST_NS,HOLD,False,NONE,HOLD,LLM_HOLD,0.0,,
1157,pressure,3,11,6,0,43.0,0.0,HOLD-REQUEST_NS,HOLD,False,NONE,HOLD,LLM_HOLD,0.0,,
1158,pressure,3,12,6,0,49.0,0.0,HOLD-REQUEST_NS,HOLD,False,NONE,HOLD,LLM_HOLD,0.0,,
1159,pressure,3,13,6,0,55.0,0.0,HOLD-REQUEST_NS,HOLD,False,NONE,HOLD,LLM_HOLD,0.0,,
1160,pressure,3,14,6,0,61.0,0.0,HOLD-REQUEST_NS,PRESSURE_DECISION,False,NONE,SWITCH,LLM_APPROVED,0.0,,
1161,pressure,4,0,7,0,68.0,0.0,HOLD,HOLD,False,NONE,HOLD,TRANSITION_IN_PROGRESS,0.0,,
1162,pressure,4,1,8,0,76.0,0.0,HOLD,HOLD,False,NONE,HOLD,TRANSITION_IN_PROGRESS,0.0,,
1163,pressure,4,2,8,0,84.0,0.0,HOLD,HOLD,False,NONE,HOLD,TRANSITION_IN_PROGRESS,0.0,,
1164,pressure,5,0,8,0,92.0,0.0,HOLD,HOLD,False,NONE,HOLD,TRANSITION_IN_PROGRESS,0.0,,
1165,pressure,5,1,8,0,100.0,0.0,HOLD,HOLD,False,NONE,HOLD,TRANSITION_IN_PROGRESS,0.0,,
1166,pressure,0,0,6,1,64.0,1.0,HOLD,HOLD,False,NONE,HOLD,LLM_HOLD,0.0,,
1167,pressure,0,1,5,1,37.0,2.0,HOLD,HOLD,False,NONE,HOLD,LLM_HOLD,0.0,,
1168,pressure,0,2,4,2,18.0,4.0,HOLD,HOLD,False,NONE,HOLD,LLM_HOLD,0.0,,
1169,pressure,0,3,2,2,5.0,6.0,HOLD,HOLD,False,NONE,HOLD,LLM_HOLD,0.0,,
1170,pressure,0,4,0,2,0.0,8.0,HOLD,HOLD,False,NONE,HOLD,LLM_HOLD,0.0,,
1171,pressure,0,5,0,2,0.0,10.0,HOLD,HOLD,False,NONE,HOLD,LLM_HOLD,0.0,,
1172,pressure,0,6,0,2,0.0,12.0,HOLD,HOLD,False,NONE,HOLD,LLM_HOLD,0.0,,
1173,pressure,0,7,0,2,0.0,14.0,HOLD,HOLD,False,NONE,HOLD,LLM_HOLD,0.0,,
1174,pressure,0,8,0,3,0.0,17.0,HOLD,HOLD,False,NONE,HOLD,LLM_HOLD,0.0,,
1175,pressure,0,9,0,3,0.0,20.0,HOLD-REQUEST_EW,HOLD,False,NONE,HOLD,LLM_HOLD,0.0,,
1176,pressure,0,10,0,4,0.0,24.0,HOLD-REQUEST_EW,HOLD,False,NONE,HOLD,LLM_HOLD,0.0,,
1177,pressure,0,11,0,4,0.0,28.0,HOLD-REQUEST_EW,HOLD,False,NONE,HOLD,LLM_HOLD,0.0,,
1178,pressure,0,12,0,5,0.0,33.0,HOLD-REQUEST_EW,HOLD,False,NONE,HOLD,LLM_HOLD,0.0,,
1179,pressure,0,13,0,6,0.0,39.0,HOLD-REQUEST_EW,HOLD,False,NONE,HOLD,LLM_HOLD,0.0,,
1180,pressure,0,14,0,6,0.0,45.0,HOLD-REQUEST_EW,PRESSURE_DECISION,False,NONE,SWITCH,LLM_APPROVED,0.0,,
1181,pressure,1,0,0,6,0.0,51.0,HOLD,HOLD,False,NONE,HOLD,TRANSITION_IN_PROGRESS,0.0,,
1182,pressure,1,1,0,6,0.0,57.0,HOLD,HOLD,False,NONE,HOLD,TRANSITION_IN_PROGRESS,0.0,,
1183,pressure,1,2,0,6,0.0,63.0,HOLD,HOLD,False,NONE,HOLD,TRANSITION_IN_PROGRESS,0.0,,
1184,pressure,2,0,0,8,0.0,71.0,HOLD,HOLD,False,NONE,HOLD,TRANSITION_IN_PROGRESS,0.0,,
1185,pressure,2,1,0,8,0.0,79.0,HOLD,HOLD,False,NONE,HOLD,TRANSITION_IN_PROGRESS,0.0,,
1186,pressure,3,0,0,6,0.0,47.0,HOLD,HOLD,False,NONE,HOLD,LLM_HOLD,0.0,,
1187,pressure,3,1,2,4,2.0,27.0,HOLD,HOLD,False,NONE,HOLD,LLM_HOLD,0.0,,
1188,pressure,3,2,2,2,4.0,10.0,HOLD,HOLD,False,NONE,HOLD,LLM_HOLD,0.0,,
1189,pressure,3,3,2,0,6.0,0.0,HOLD,HOLD,False,NONE,HOLD,LLM_HOLD,0.0,,
1190,pressure,3,4,2,0,8.0,0.0,HOLD,HOLD,False,NONE,HOLD,LLM_HOLD,0.0,,
1191,pressure,3,5,2,0,10.0,0.0,HOLD,HOLD,False,NONE,HOLD,LLM_HOLD,0.0,,
1192,pressure,3,6,3,0,13.0,0.0,HOLD,HOLD,False,NONE,HOLD,LLM_HOLD,0.0,,
1193,pressure,3,7,4,0,17.0,0.0,HOLD,HOLD,False,NONE,HOLD,LLM_HOLD,0.0,,
1194,pressure,3,8,4,0,21.0,0.0,HOLD,HOLD,False,NONE,HOLD,LLM_HOLD,0.0,,
1195,pressure,3,9,4,0,25.0,0.0,HOLD-REQUEST_NS,HOLD,False,NONE,HOLD,LLM_HOLD,0.0,,
1196,pressure,3,10,4,0,29.0,0.0,HOLD-REQUEST_NS,HOLD,False,NONE,HOLD,LLM_HOLD,0.0,,
1197,pressure,3,11,4,0,33.0,0.0,HOLD-REQUEST_NS,HOLD,False,NONE,HOLD,LLM_HOLD,0.0,,
1198,pressure,3,12,6,0,39.0,0.0,HOLD-REQUEST_NS,HOLD,False,NONE,HOLD,LLM_HOLD,0.0,,
1199,pressure,3,13,6,0,45.0,0.0,HOLD-REQUEST_NS,HOLD,False,NONE,HOLD,LLM_HOLD,0.0,,
1200,pressure,3,14,6,0,51.0,0.0,HOLD-REQUEST_NS,PRESSURE_DECISION,False,NONE,SWITCH,LLM_APPROVED,0.0,,
1201,pressure,4,0,6,0,57.0,0.0,HOLD,HOLD,False,NONE,HOLD,TRANSITION_IN_PROGRESS,0.0,,
1202,pressure,4,1,6,0,63.0,0.0,HOLD,HOLD,False,NONE,HOLD,TRANSITION_IN_PROGRESS,0.0,,
1203,pressure,4,2,7,0,70.0,0.0,HOLD,HOLD,False,NONE,HOLD,TRANSITION_IN_PROGRESS,0.0,,
1204,pressure,5,0,7,0,77.0,0.0,HOLD,HOLD,False,NONE,HOLD,TRANSITION_IN_PROGRESS,0.0,,
1205,pressure,5,1,7,1,84.0,1.0,HOLD,HOLD,False,NONE,HOLD,TRANSITION_IN_PROGRESS,0.0,,
1206,pressure,0,0,6,1,52.0,2.0,HOLD,HOLD,False,NONE,HOLD,LLM_HOLD,0.0,,
1207,pressure,0,1,4,2,27.0,4.0,HOLD,HOLD,False,NONE,HOLD,LLM_HOLD,0.0,,
1208,pressure,0,2,2,2,9.0,6.0,HOLD,HOLD,False,NONE,HOLD,LLM_HOLD,0.0,,
1209,pressure,0,3,1,2,1.0,8.0,HOLD,HOLD,False,NONE,HOLD,LLM_HOLD,0.0,,
1210,pressure,0,4,0,2,0.0,10.0,HOLD,HOLD,False,NONE,HOLD,LLM_HOLD,0.0,,
1211,pressure,0,5,0,2,0.0,12.0,HOLD,HOLD,False,NONE,HOLD,LLM_HOLD,0.0,,
1212,pressure,0,6,0,2,0.0,14.0,HOLD,HOLD,False,NONE,HOLD,LLM_HOLD,0.0,,
1213,pressure,0,7,0,4,0.0,18.0,HOLD,HOLD,False,NONE,HOLD,LLM_HOLD,0.0,,
1214,pressure,0,8,0,4,0.0,22.0,HOLD,HOLD,False,NONE,HOLD,LLM_HOLD,0.0,,
1215,pressure,0,9,0,4,0.0,26.0,HOLD-REQUEST_EW,HOLD,False,NONE,HOLD,LLM_HOLD,0.0,,
1216,pressure,0,10,0,4,0.0,30.0,HOLD-REQUEST_EW,HOLD,False,NONE,HOLD,LLM_HOLD,0.0,,
1217,pressure,0,11,0,6,0.0,36.0,HOLD-REQUEST_EW,HOLD,False,NONE,HOLD,LLM_HOLD,0.0,,
1218,pressure,0,12,0,6,0.0,42.0,HOLD-REQUEST_EW,HOLD,False,NONE,HOLD,LLM_HOLD,0.0,,
1219,pressure,0,13,0,6,0.0,48.0,HOLD-REQUEST_EW,HOLD,False,NONE,HOLD,LLM_HOLD,0.0,,
1220,pressure,0,14,0,6,0.0,54.0,HOLD-REQUEST_EW,PRESSURE_DECISION,False,NONE,SWITCH,LLM_APPROVED,0.0,,
1221,pressure,1,0,0,6,0.0,60.0,HOLD,HOLD,False,NONE,HOLD,TRANSITION_IN_PROGRESS,0.0,,
1222,pressure,1,1,0,6,0.0,66.0,HOLD,HOLD,False,NONE,HOLD,TRANSITION_IN_PROGRESS,0.0,,
1223,pressure,1,2,0,7,0.0,73.0,HOLD,HOLD,False,NONE,HOLD,TRANSITION_IN_PROGRESS,0.0,,
1224,pressure,2,0,0,8,0.0,81.0,HOLD,HOLD,False,NONE,HOLD,TRANSITION_IN_PROGRESS,0.0,,
1225,pressure,2,1,0,8,0.0,89.0,HOLD,HOLD,False,NONE,HOLD,TRANSITION_IN_PROGRESS,0.0,,
1226,pressure,3,0,0,6,0.0,55.0,HOLD,HOLD,False,NONE,HOLD,LLM_HOLD,0.0,,
1227,pressure,3,1,0,4,0.0,31.0,HOLD,HOLD,False,NONE,HOLD,LLM_HOLD,0.0,,
1228,pressure,3,2,1,3,1.0,12.0,HOLD,HOLD,False,NONE,HOLD,LLM_HOLD,0.0,,
1229,pressure,3,3,1,2,2.0,3.0,HOLD,HOLD,False,NONE,HOLD,LLM_HOLD,0.0,,
1230,pressure,3,4,2,0,4.0,0.0,HOLD,HOLD,False,NONE,HOLD,LLM_HOLD,0.0,,
1231,pressure,3,5,2,0,6.0,0.0,HOLD,HOLD,False,NONE,HOLD,LLM_HOLD,0.0,,
1232,pressure,3,6,2,0,8.0,0.0,HOLD,HOLD,False,NONE,HOLD,LLM_HOLD,0.0,,
1233,pressure,3,7,2,0,10.0,0.0,HOLD,HOLD,False,NONE,HOLD,LLM_HOLD,0.0,,
1234,pressure,3,8,3,0,13.0,0.0,HOLD,HOLD,False,NONE,HOLD,LLM_HOLD,0.0,,
1235,pressure,3,9,3,0,16.0,0.0,HOLD-REQUEST_NS,HOLD,False,NONE,HOLD,LLM_HOLD,0.0,,
1236,pressure,3,10,4,0,20.0,0.0,HOLD-REQUEST_NS,HOLD,False,NONE,HOLD,LLM_HOLD,0.0,,
1237,pressure,3,11,4,0,24.0,0.0,HOLD-REQUEST_NS,HOLD,False,NONE,HOLD,LLM_HOLD,0.0,,
1238,pressure,3,12,4,0,28.0,0.0,HOLD-REQUEST_NS,HOLD,False,NONE,HOLD,LLM_HOLD,0.0,,
1239,pressure,3,13,5,0,33.0,0.0,HOLD-REQUEST_NS,HOLD,False,NONE,HOLD,LLM_HOLD,0.0,,
1240,pressure,3,14,6,0,39.0,0.0,HOLD-REQUEST_NS,PRESSURE_DECISION,False,NONE,SWITCH,LLM_APPROVED,0.0,,
1241,pressure,4,0,6,0,45.0,0.0,HOLD,HOLD,False,NONE,HOLD,TRANSITION_IN_PROGRESS,0.0,,
1242,pressure,4,1,6,0,51.0,0.0,HOLD,HOLD,False,NONE,HOLD,TRANSITION_IN_PROGRESS,0.0,,
1243,pressure,4,2,6,0,57.0,0.0,HOLD,HOLD,False,NONE,HOLD,TRANSITION_IN_PROGRESS,0.0,,
1244,pressure,5,0,6,0,63.0,0.0,HOLD,HOLD,False,NONE,HOLD,TRANSITION_IN_PROGRESS,0.0,,
1245,pressure,5,1,7,1,70.0,1.0,HOLD,HOLD,False,NONE,HOLD,TRANSITION_IN_PROGRESS,0.0,,
1246,pressure,0,0,6,1,42.0,2.0,HOLD,HOLD,False,NONE,HOLD,LLM_HOLD,0.0,,
1247,pressure,0,1,4,1,22.0,3.0,HOLD,HOLD,False,NONE,HOLD,LLM_HOLD,0.0,,
1248,pressure,0,2,2,1,7.0,4.0,HOLD,HOLD,False,NONE,HOLD,LLM_HOLD,0.0,,
1249,pressure,0,3,0,2,0.0,6.0,HOLD,HOLD,False,NONE,HOLD,LLM_HOLD,0.0,,
1250,pressure,0,4,0,3,0.0,9.0,HOLD,HOLD,False,NONE,HOLD,LLM_HOLD,0.0,,
1251,pressure,0,5,0,3,0.0,12.0,HOLD,HOLD,False,NONE,HOLD,LLM_HOLD,0.0,,
1252,pressure,0,6,0,3,0.0,15.0,HOLD,HOLD,False,NONE,HOLD,LLM_HOLD,0.0,,
1253,pressure,0,7,0,3,0.0,18.0,HOLD,HOLD,False,NONE,HOLD,LLM_HOLD,0.0,,
1254,pressure,0,8,0,3,0.0,21.0,HOLD,HOLD,False,NONE,HOLD,LLM_HOLD,0.0,,
1255,pressure,0,9,0,4,0.0,25.0,HOLD-REQUEST_EW,HOLD,False,NONE,HOLD,LLM_HOLD,0.0,,
1256,pressure,0,10,0,4,0.0,29.0,HOLD-REQUEST_EW,HOLD,False,NONE,HOLD,LLM_HOLD,0.0,,
1257,pressure,0,11,0,4,0.0,33.0,HOLD-REQUEST_EW,HOLD,False,NONE,HOLD,LLM_HOLD,0.0,,
1258,pressure,0,12,0,5,0.0,38.0,HOLD-REQUEST_EW,HOLD,False,NONE,HOLD,LLM_HOLD,0.0,,
1259,pressure,0,13,0,5,0.0,43.0,HOLD-REQUEST_EW,HOLD,False,NONE,HOLD,LLM_HOLD,0.0,,
1260,pressure,0,14,0,5,0.0,48.0,HOLD-REQUEST_EW,PRESSURE_DECISION,False,NONE,SWITCH,LLM_APPROVED,0.0,,
1261,pressure,1,0,0,6,0.0,54.0,HOLD,HOLD,False,NONE,HOLD,TRANSITION_IN_PROGRESS,0.0,,
1262,pressure,1,1,0,7,0.0,61.0,HOLD,HOLD,False,NONE,HOLD,TRANSITION_IN_PROGRESS,0.0,,
1263,pressure,1,2,0,7,0.0,68.0,HOLD,HOLD,False,NONE,HOLD,TRANSITION_IN_PROGRESS,0.0,,
1264,pressure,2,0,0,7,0.0,75.0,HOLD,HOLD,False,NONE,HOLD,TRANSITION_IN_PROGRESS,0.0,,
1265,pressure,2,1,1,7,1.0,82.0,HOLD,HOLD,False,NONE,HOLD,TRANSITION_IN_PROGRESS,0.0,,
1266,pressure,3,0,1,5,2.0,50.0,HOLD,HOLD,False,NONE,HOLD,LLM_HOLD,0.0,,
1267,pressure,3,1,2,4,4.0,27.0,HOLD,HOLD,False,NONE,HOLD,LLM_HOLD,0.0,,
1268,pressure,3,2,2,3,6.0,11.0,HOLD,HOLD,False,NONE,HOLD,LLM_HOLD,0.0,,
1269,pressure,3,3,2,1,8.0,3.0,HOLD,HOLD,False,NONE,HOLD,LLM_HOLD,0.0,,
1270,pressure,3,4,3,0,11.0,0.0,HOLD,HOLD,False,NONE,HOLD,LLM_HOLD,0.0,,
1271,pressure,3,5,4,0,15.0,0.0,HOLD,HOLD,False,NONE,HOLD,LLM_HOLD,0.0,,
1272,pressure,3,6,4,0,19.0,0.0,HOLD,HOLD,False,NONE,HOLD,LLM_HOLD,0.0,,
1273,pressure,3,7,4,0,23.0,0.0,HOLD,HOLD,False,NONE,HOLD,LLM_HOLD,0.0,,
1274,pressure,3,8,4,0,27.0,0.0,HOLD,HOLD,False,NONE,HOLD,LLM_HOLD,0.0,,
1275,pressure,3,9,5,0,32.0,0.0,HOLD-REQUEST_NS,HOLD,False,NONE,HOLD,LLM_HOLD,0.0,,
1276,pressure,3,10,6,0,38.0,0.0,HOLD-REQUEST_NS,HOLD,False,NONE,HOLD,LLM_HOLD,0.0,,
1277,pressure,3,11,6,0,44.0,0.0,HOLD-REQUEST_NS,HOLD,False,NONE,HOLD,LLM_HOLD,0.0,,
1278,pressure,3,12,6,0,50.0,0.0,HOLD-REQUEST_NS,HOLD,False,NONE,HOLD,LLM_HOLD,0.0,,
1279,pressure,3,13,6,0,56.0,0.0,HOLD-REQUEST_NS,HOLD,False,NONE,HOLD,LLM_HOLD,0.0,,
1280,pressure,3,14,6,0,62.0,0.0,HOLD-REQUEST_NS,PRESSURE_DECISION,False,NONE,SWITCH,LLM_APPROVED,0.0,,
1281,pressure,4,0,8,0,70.0,0.0,HOLD,HOLD,False,NONE,HOLD,TRANSITION_IN_PROGRESS,0.0,,
1282,pressure,4,1,8,0,78.0,0.0,HOLD,HOLD,False,NONE,HOLD,TRANSITION_IN_PROGRESS,0.0,,
1283,pressure,4,2,8,0,86.0,0.0,HOLD,HOLD,False,NONE,HOLD,TRANSITION_IN_PROGRESS,0.0,,
1284,pressure,5,0,8,0,94.0,0.0,HOLD,HOLD,False,NONE,HOLD,TRANSITION_IN_PROGRESS,0.0,,
1285,pressure,5,1,8,0,102.0,0.0,HOLD,HOLD,False,NONE,HOLD,TRANSITION_IN_PROGRESS,0.0,,
1286,pressure,0,0,6,0,68.0,0.0,HOLD,HOLD,False,NONE,HOLD,LLM_HOLD,0.0,,
1287,pressure,0,1,5,2,40.0,2.0,HOLD,HOLD,False,NONE,HOLD,LLM_HOLD,0.0,,
1288,pressure,0,2,3,2,18.0,4.0,HOLD,HOLD,False,NONE,HOLD,LLM_HOLD,0.0,,
1289,pressure,0,3,2,2,4.0,6.0,HOLD,HOLD,False,NONE,HOLD,LLM_HOLD,0.0,,
1290,pressure,0,4,0,2,0.0,8.0,HOLD,HOLD,False,NONE,HOLD,LLM_HOLD,0.0,,
1291,pressure,0,5,0,2,0.0,10.0,HOLD,HOLD,False,NONE,HOLD,LLM_HOLD,0.0,,
1292,pressure,0,6,0,2,0.0,12.0,HOLD,HOLD,False,NONE,HOLD,LLM_HOLD,0.0,,
1293,pressure,0,7,0,2,0.0,14.0,HOLD,HOLD,False,NONE,HOLD,LLM_HOLD,0.0,,
1294,pressure,0,8,0,4,0.0,18.0,HOLD,HOLD,False,NONE,HOLD,LLM_HOLD,0.0,,
1295,pressure,0,9,0,4,0.0,22.0,HOLD-REQUEST_EW,HOLD,False,NONE,HOLD,LLM_HOLD,0.0,,
1296,pressure,0,10,0,4,0.0,26.0,HOLD-REQUEST_EW,HOLD,False,NONE,HOLD,LLM_HOLD,0.0,,
1297,pressure,0,11,0,4,0.0,30.0,HOLD-REQUEST_EW,HOLD,False,NONE,HOLD,LLM_HOLD,0.0,,
1298,pressure,0,12,0,4,0.0,34.0,HOLD-REQUEST_EW,HOLD,False,NONE,HOLD,LLM_HOLD,0.0,,
1299,pressure,0,13,0,4,0.0,38.0,HOLD-REQUEST_EW,HOLD,False,NONE,HOLD,LLM_HOLD,0.0,,
1300,pressure,0,14,0,5,0.0,43.0,HOLD-REQUEST_EW,PRESSURE_DECISION,False,NONE,SWITCH,LLM_APPROVED,0.0,,
1301,pressure,1,0,0,6,0.0,49.0,HOLD,HOLD,False,NONE,HOLD,TRANSITION_IN_PROGRESS,0.0,,
1302,pressure,1,1,0,6,0.0,55.0,HOLD,HOLD,False,NONE,HOLD,TRANSITION_IN_PROGRESS,0.0,,
1303,pressure,1,2,0,6,0.0,61.0,HOLD,HOLD,False,NONE,HOLD,TRANSITION_IN_PROGRESS,0.0,,
1304,pressure,2,0,0,7,0.0,68.0,HOLD,HOLD,False,NONE,HOLD,TRANSITION_IN_PROGRESS,0.0,,
1305,pressure,2,1,0,8,0.0,76.0,HOLD,HOLD,False,NONE,HOLD,TRANSITION_IN_PROGRESS,0.0,,
1306,pressure,3,0,0,6,0.0,44.0,HOLD,HOLD,False,NONE,HOLD,LLM_HOLD,0.0,,
1307,pressure,3,1,0,4,0.0,22.0,HOLD,HOLD,False,NONE,HOLD,LLM_HOLD,0.0,,
1308,pressure,3,2,2,2,2.0,9.0,HOLD,HOLD,False,NONE,HOLD,LLM_HOLD,0.0,,
1309,pressure,3,3,2,0,4.0,0.0,HOLD,HOLD,False,NONE,HOLD,LLM_HOLD,0.0,,
1310,pressure,3,4,2,0,6.0,0.0,HOLD,HOLD,False,NONE,HOLD,LLM_HOLD,0.0,,
1311,pressure,3,5,2,0,8.0,0.0,HOLD,HOLD,False,NONE,HOLD,LLM_HOLD,0.0,,
1312,pressure,3,6,2,0,10.0,0.0,HOLD,HOLD,False,NONE,HOLD,LLM_HOLD,0.0,,
1313,pressure,3,7,4,0,14.0,0.0,HOLD,HOLD,False,NONE,HOLD,LLM_HOLD,0.0,,
1314,pressure,3,8,4,0,18.0,0.0,HOLD,HOLD,False,NONE,HOLD,LLM_HOLD,0.0,,
1315,pressure,3,9,4,0,22.0,0.0,HOLD-REQUEST_NS,HOLD,False,NONE,HOLD,LLM_HOLD,0.0,,
1316,pressure,3,10,4,0,26.0,0.0,HOLD-REQUEST_NS,HOLD,False,NONE,HOLD,LLM_HOLD,0.0,,
1317,pressure,3,11,5,0,31.0,0.0,HOLD-REQUEST_NS,HOLD,False,NONE,HOLD,LLM_HOLD,0.0,,
1318,pressure,3,12,6,0,37.0,0.0,HOLD-REQUEST_NS,HOLD,False,NONE,HOLD,LLM_HOLD,0.0,,
1319,pressure,3,13,6,0,43.0,0.0,HOLD-REQUEST_NS,HOLD,False,NONE,HOLD,LLM_HOLD,0.0,,
1320,pressure,3,14,6,0,49.0,0.0,HOLD-REQUEST_NS,PRESSURE_DECISION,False,NONE,SWITCH,LLM_APPROVED,0.0,,
1321,pressure,4,0,6,0,55.0,0.0,HOLD,HOLD,False,NONE,HOLD,TRANSITION_IN_PROGRESS,0.0,,
1322,pressure,4,1,6,0,61.0,0.0,HOLD,HOLD,False,NONE,HOLD,TRANSITION_IN_PROGRESS,0.0,,
1323,pressure,4,2,6,0,67.0,0.0,HOLD,HOLD,False,NONE,HOLD,TRANSITION_IN_PROGRESS,0.0,,
1324,pressure,5,0,7,0,74.0,0.0,HOLD,HOLD,False,NONE,HOLD,TRANSITION_IN_PROGRESS,0.0,,
1325,pressure,5,1,8,2,82.0,2.0,HOLD,HOLD,False,NONE,HOLD,TRANSITION_IN_PROGRESS,0.0,,
1326,pressure,0,0,6,2,52.0,4.0,HOLD,HOLD,False,NONE,HOLD,LLM_HOLD,0.0,,
1327,pressure,0,1,4,2,28.0,6.0,HOLD,HOLD,False,NONE,HOLD,LLM_HOLD,0.0,,
1328,pressure,0,2,3,2,10.0,8.0,HOLD,HOLD,False,NONE,HOLD,LLM_HOLD,0.0,,
1329,pressure,0,3,2,2,3.0,10.0,HOLD,HOLD,False,NONE,HOLD,LLM_HOLD,0.0,,
1330,pressure,0,4,0,2,0.0,12.0,HOLD,HOLD,False,NONE,HOLD,LLM_HOLD,0.0,,
1331,pressure,0,5,0,2,0.0,14.0,HOLD,HOLD,False,NONE,HOLD,LLM_HOLD,0.0,,
1332,pressure,0,6,0,2,0.0,16.0,HOLD,HOLD,False,NONE,HOLD,LLM_HOLD,0.0,,
1333,pressure,0,7,0,3,0.0,19.0,HOLD,HOLD,False,NONE,HOLD,LLM_HOLD,0.0,,
1334,pressure,0,8,0,4,0.0,23.0,HOLD,HOLD,False,NONE,HOLD,LLM_HOLD,0.0,,
1335,pressure,0,9,0,4,0.0,27.0,HOLD-REQUEST_EW,HOLD,False,NONE,HOLD,LLM_HOLD,0.0,,
1336,pressure,0,10,0,4,0.0,31.0,HOLD-REQUEST_EW,HOLD,False,NONE,HOLD,LLM_HOLD,0.0,,
1337,pressure,0,11,0,4,0.0,35.0,HOLD-REQUEST_EW,HOLD,False,NONE,HOLD,LLM_HOLD,0.0,,
1338,pressure,0,12,0,5,0.0,40.0,HOLD-REQUEST_EW,HOLD,False,NONE,HOLD,LLM_HOLD,0.0,,
1339,pressure,0,13,0,6,0.0,46.0,HOLD-REQUEST_EW,HOLD,False,NONE,HOLD,LLM_HOLD,0.0,,
1340,pressure,0,14,0,6,0.0,52.0,HOLD-REQUEST_EW,PRESSURE_DECISION,False,NONE,SWITCH,LLM_APPROVED,0.0,,
1341,pressure,1,0,0,6,0.0,58.0,HOLD,HOLD,False,NONE,HOLD,TRANSITION_IN_PROGRESS,0.0,,
1342,pressure,1,1,0,6,0.0,64.0,HOLD,HOLD,False,NONE,HOLD,TRANSITION_IN_PROGRESS,0.0,,
1343,pressure,1,2,0,7,0.0,71.0,HOLD,HOLD,False,NONE,HOLD,TRANSITION_IN_PROGRESS,0.0,,
1344,pressure,2,0,0,8,0.0,79.0,HOLD,HOLD,False,NONE,HOLD,TRANSITION_IN_PROGRESS,0.0,,
1345,pressure,2,1,0,8,0.0,87.0,HOLD,HOLD,False,NONE,HOLD,TRANSITION_IN_PROGRESS,0.0,,
1346,pressure,3,0,0,6,0.0,51.0,HOLD,HOLD,False,NONE,HOLD,LLM_HOLD,0.0,,
1347,pressure,3,1,0,4,0.0,28.0,HOLD,HOLD,False,NONE,HOLD,LLM_HOLD,0.0,,
1348,pressure,3,2,1,3,1.0,12.0,HOLD,HOLD,False,NONE,HOLD,LLM_HOLD,0.0,,
1349,pressure,3,3,2,2,3.0,3.0,HOLD,HOLD,False,NONE,HOLD,LLM_HOLD,0.0,,
1350,pressure,3,4,2,0,5.0,0.0,HOLD,HOLD,False,NONE,HOLD,LLM_HOLD,0.0,,
1351,pressure,3,5,2,0,7.0,0.0,HOLD,HOLD,False,NONE,HOLD,LLM_HOLD,0.0,,
1352,pressure,3,6,2,0,9.0,0.0,HOLD,HOLD,False,NONE,HOLD,LLM_HOLD,0.0,,
1353,pressure,3,7,2,0,11.0,0.0,HOLD,HOLD,False,NONE,HOLD,LLM_HOLD,0.0,,
1354,pressure,3,8,2,0,13.0,0.0,HOLD,HOLD,False,NONE,HOLD,LLM_HOLD,0.0,,
1355,pressure,3,9,3,0,16.0,0.0,HOLD-REQUEST_NS,HOLD,False,NONE,HOLD,LLM_HOLD,0.0,,
1356,pressure,3,10,4,0,20.0,0.0,HOLD-REQUEST_NS,HOLD,False,NONE,HOLD,LLM_HOLD,0.0,,
1357,pressure,3,11,4,0,24.0,0.0,HOLD-REQUEST_NS,HOLD,False,NONE,HOLD,LLM_HOLD,0.0,,
1358,pressure,3,12,4,0,28.0,0.0,HOLD-REQUEST_NS,HOLD,False,NONE,HOLD,LLM_HOLD,0.0,,
1359,pressure,3,13,4,0,32.0,0.0,HOLD-REQUEST_NS,HOLD,False,NONE,HOLD,LLM_HOLD,0.0,,
1360,pressure,3,14,5,0,37.0,0.0,HOLD-REQUEST_NS,PRESSURE_DECISION,False,NONE,SWITCH,LLM_APPROVED,0.0,,
1361,pressure,4,0,5,0,42.0,0.0,HOLD,HOLD,False,NONE,HOLD,TRANSITION_IN_PROGRESS,0.0,,
1362,pressure,4,1,6,0,48.0,0.0,HOLD,HOLD,False,NONE,HOLD,TRANSITION_IN_PROGRESS,0.0,,
1363,pressure,4,2,6,0,54.0,0.0,HOLD,HOLD,False,NONE,HOLD,TRANSITION_IN_PROGRESS,0.0,,
1364,pressure,5,0,6,0,60.0,0.0,HOLD,HOLD,False,NONE,HOLD,TRANSITION_IN_PROGRESS,0.0,,
1365,pressure,5,1,6,0,66.0,0.0,HOLD,HOLD,False,NONE,HOLD,TRANSITION_IN_PROGRESS,0.0,,
1366,pressure,0,0,5,0,36.0,0.0,HOLD,HOLD,False,NONE,HOLD,LLM_HOLD,0.0,,
1367,pressure,0,1,4,0,17.0,0.0,HOLD,HOLD,False,NONE,HOLD,LLM_HOLD,0.0,,
1368,pressure,0,2,2,0,5.0,0.0,HOLD,HOLD,False,NONE,HOLD,LLM_HOLD,0.0,,
1369,pressure,0,3,0,2,0.0,2.0,HOLD,HOLD,False,NONE,HOLD,LLM_HOLD,0.0,,
1370,pressure,0,4,0,2,0.0,4.0,HOLD,HOLD,False,NONE,HOLD,LLM_HOLD,0.0,,
1371,pressure,0,5,0,2,0.0,6.0,HOLD,HOLD,False,NONE,HOLD,LLM_HOLD,0.0,,
1372,pressure,0,6,0,2,0.0,8.0,HOLD,HOLD,False,NONE,HOLD,LLM_HOLD,0.0,,
1373,pressure,0,7,0,2,0.0,10.0,HOLD,HOLD,False,NONE,HOLD,LLM_HOLD,0.0,,
1374,pressure,0,8,0,2,0.0,12.0,HOLD,HOLD,False,NONE,HOLD,LLM_HOLD,0.0,,
1375,pressure,0,9,0,2,0.0,14.0,HOLD-REQUEST_EW,HOLD,False,NONE,HOLD,LLM_HOLD,0.0,,
1376,pressure,0,10,0,3,0.0,17.0,HOLD-REQUEST_EW,HOLD,False,NONE,HOLD,LLM_HOLD,0.0,,
1377,pressure,0,11,0,4,0.0,21.0,HOLD-REQUEST_EW,HOLD,False,NONE,HOLD,LLM_HOLD,0.0,,
1378,pressure,0,12,0,4,0.0,25.0,HOLD-REQUEST_EW,HOLD,False,NONE,HOLD,LLM_HOLD,0.0,,
1379,pressure,0,13,0,4,0.0,29.0,HOLD-REQUEST_EW,HOLD,False,NONE,HOLD,LLM_HOLD,0.0,,
1380,pressure,0,14,0,5,0.0,34.0,HOLD-REQUEST_EW,PRESSURE_DECISION,False,NONE,SWITCH,LLM_APPROVED,0.0,,
1381,pressure,1,0,0,5,0.0,39.0,HOLD,HOLD,False,NONE,HOLD,TRANSITION_IN_PROGRESS,0.0,,
1382,pressure,1,1,0,6,0.0,45.0,HOLD,HOLD,False,NONE,HOLD,TRANSITION_IN_PROGRESS,0.0,,
1383,pressure,1,2,0,6,0.0,51.0,HOLD,HOLD,False,NONE,HOLD,TRANSITION_IN_PROGRESS,0.0,,
1384,pressure,2,0,0,6,0.0,57.0,HOLD,HOLD,False,NONE,HOLD,TRANSITION_IN_PROGRESS,0.0,,
1385,pressure,2,1,1,6,1.0,63.0,HOLD,HOLD,False,NONE,HOLD,TRANSITION_IN_PROGRESS,0.0,,
1386,pressure,3,0,2,4,3.0,33.0,HOLD,HOLD,False,NONE,HOLD,LLM_HOLD,0.0,,
1387,pressure,3,1,2,4,5.0,16.0,HOLD,HOLD,False,NONE,HOLD,LLM_HOLD,0.0,,
1388,pressure,3,2,2,2,7.0,4.0,HOLD,HOLD,False,NONE,HOLD,LLM_HOLD,0.0,,
1389,pressure,3,3,2,0,9.0,0.0,HOLD,HOLD,False,NONE,HOLD,LLM_HOLD,0.0,,
1390,pressure,3,4,3,0,12.0,0.0,HOLD,HOLD,False,NONE,HOLD,LLM_HOLD,0.0,,
1391,pressure,3,5,4,0,16.0,0.0,HOLD,HOLD,False,NONE,HOLD,LLM_HOLD,0.0,,
1392,pressure,3,6,4,0,20.0,0.0,HOLD,HOLD,False,NONE,HOLD,LLM_HOLD,0.0,,
1393,pressure,3,7,4,0,24.0,0.0,HOLD,HOLD,False,NONE,HOLD,LLM_HOLD,0.0,,
1394,pressure,3,8,4,0,28.0,0.0,HOLD,HOLD,False,NONE,HOLD,LLM_HOLD,0.0,,
1395,pressure,3,9,4,0,32.0,0.0,HOLD-REQUEST_NS,HOLD,False,NONE,HOLD,LLM_HOLD,0.0,,
1396,pressure,3,10,5,0,37.0,0.0,HOLD-REQUEST_NS,HOLD,False,NONE,HOLD,LLM_HOLD,0.0,,
1397,pressure,3,11,6,0,43.0,0.0,HOLD-REQUEST_NS,HOLD,False,NONE,HOLD,LLM_HOLD,0.0,,
1398,pressure,3,12,6,0,49.0,0.0,HOLD-REQUEST_NS,HOLD,False,NONE,HOLD,LLM_HOLD,0.0,,
1399,pressure,3,13,6,0,55.0,0.0,HOLD-REQUEST_NS,HOLD,False,NONE,HOLD,LLM_HOLD,0.0,,
1400,pressure,3,14,6,0,61.0,0.0,HOLD-REQUEST_NS,PRESSURE_DECISION,False,NONE,SWITCH,LLM_APPROVED,0.0,,
1401,pressure,4,0,6,0,67.0,0.0,HOLD,HOLD,False,NONE,HOLD,TRANSITION_IN_PROGRESS,0.0,,
1402,pressure,4,1,7,0,74.0,0.0,HOLD,HOLD,False,NONE,HOLD,TRANSITION_IN_PROGRESS,0.0,,
1403,pressure,4,2,7,0,81.0,0.0,HOLD,HOLD,False,NONE,HOLD,TRANSITION_IN_PROGRESS,0.0,,
1404,pressure,5,0,8,0,89.0,0.0,HOLD,HOLD,False,NONE,HOLD,TRANSITION_IN_PROGRESS,0.0,,
1405,pressure,5,1,8,0,97.0,0.0,HOLD,HOLD,False,NONE,HOLD,TRANSITION_IN_PROGRESS,0.0,,
1406,pressure,0,0,6,0,62.0,0.0,HOLD,HOLD,False,NONE,HOLD,LLM_HOLD,0.0,,
1407,pressure,0,1,5,1,34.0,1.0,HOLD,HOLD,False,NONE,HOLD,LLM_HOLD,0.0,,
1408,pressure,0,2,4,2,15.0,3.0,HOLD,HOLD,False,NONE,HOLD,LLM_HOLD,0.0,,
1409,pressure,0,3,2,2,5.0,5.0,HOLD,HOLD,False,NONE,HOLD,LLM_HOLD,0.0,,
1410,pressure,0,4,0,2,0.0,7.0,HOLD,HOLD,False,NONE,HOLD,LLM_HOLD,0.0,,
1411,pressure,0,5,0,2,0.0,9.0,HOLD,HOLD,False,NONE,HOLD,LLM_HOLD,0.0,,
1412,pressure,0,6,0,2,0.0,11.0,HOLD,HOLD,False,NONE,HOLD,LLM_HOLD,0.0,,
1413,pressure,0,7,0,3,0.0,14.0,HOLD,HOLD,False,NONE,HOLD,LLM_HOLD,0.0,,
1414,pressure,0,8,0,4,0.0,18.0,HOLD,HOLD,False,NONE,HOLD,LLM_HOLD,0.0,,
1415,pressure,0,9,0,4,0.0,22.0,HOLD-REQUEST_EW,HOLD,False,NONE,HOLD,LLM_HOLD,0.0,,
1416,pressure,0,10,0,4,0.0,26.0,HOLD-REQUEST_EW,HOLD,False,NONE,HOLD,LLM_HOLD,0.0,,
1417,pressure,0,11,0,4,0.0,30.0,HOLD-REQUEST_EW,HOLD,False,NONE,HOLD,LLM_HOLD,0.0,,
1418,pressure,0,12,0,4,0.0,34.0,HOLD-REQUEST_EW,HOLD,False,NONE,HOLD,LLM_HOLD,0.0,,
1419,pressure,0,13,0,4,0.0,38.0,HOLD-REQUEST_EW,HOLD,False,NONE,HOLD,LLM_HOLD,0.0,,
1420,pressure,0,14,0,6,0.0,44.0,HOLD-REQUEST_EW,PRESSURE_DECISION,False,NONE,SWITCH,LLM_APPROVED,0.0,,
1421,pressure,1,0,0,6,0.0,50.0,HOLD,HOLD,False,NONE,HOLD,TRANSITION_IN_PROGRESS,0.0,,
1422,pressure,1,1,0,6,0.0,56.0,HOLD,HOLD,False,NONE,HOLD,TRANSITION_IN_PROGRESS,0.0,,
1423,pressure,1,2,0,6,0.0,62.0,HOLD,HOLD,False,NONE,HOLD,TRANSITION_IN_PROGRESS,0.0,,
1424,pressure,2,0,0,7,0.0,69.0,HOLD,HOLD,False,NONE,HOLD,TRANSITION_IN_PROGRESS,0.0,,
1425,pressure,2,1,0,7,0.0,76.0,HOLD,HOLD,False,NONE,HOLD,TRANSITION_IN_PROGRESS,0.0,,
1426,pressure,3,0,0,6,0.0,45.0,HOLD,HOLD,False,NONE,HOLD,LLM_HOLD,0.0,,
1427,pressure,3,1,1,4,1.0,22.0,HOLD,HOLD,False,NONE,HOLD,LLM_HOLD,0.0,,
1428,pressure,3,2,2,2,3.0,8.0,HOLD,HOLD,False,NONE,HOLD,LLM_HOLD,0.0,,
1429,pressure,3,3,2,0,5.0,0.0,HOLD,HOLD,False,NONE,HOLD,LLM_HOLD,0.0,,
1430,pressure,3,4,2,0,7.0,0.0,HOLD,HOLD,False,NONE,HOLD,LLM_HOLD,0.0,,
1431,pressure,3,5,2,0,9.0,0.0,HOLD,HOLD,False,NONE,HOLD,LLM_HOLD,0.0,,
1432,pressure,3,6,2,0,11.0,0.0,HOLD,HOLD,False,NONE,HOLD,LLM_HOLD,0.0,,
1433,pressure,3,7,2,0,13.0,0.0,HOLD,HOLD,False,NONE,HOLD,LLM_HOLD,0.0,,
1434,pressure,3,8,4,0,17.0,0.0,HOLD,HOLD,False,NONE,HOLD,LLM_HOLD,0.0,,
1435,pressure,3,9,4,0,21.0,0.0,HOLD-REQUEST_NS,HOLD,False,NONE,HOLD,LLM_HOLD,0.0,,
1436,pressure,3,10,4,0,25.0,0.0,HOLD-REQUEST_NS,HOLD,False,NONE,HOLD,LLM_HOLD,0.0,,
1437,pressure,3,11,4,0,29.0,0.0,HOLD-REQUEST_NS,HOLD,False,NONE,HOLD,LLM_HOLD,0.0,,
1438,pressure,3,12,6,0,35.0,0.0,HOLD-REQUEST_NS,HOLD,False,NONE,HOLD,LLM_HOLD,0.0,,
1439,pressure,3,13,6,0,41.0,0.0,HOLD-REQUEST_NS,HOLD,False,NONE,HOLD,LLM_HOLD,0.0,,
1440,pressure,3,14,6,0,47.0,0.0,HOLD-REQUEST_NS,PRESSURE_DECISION,False,NONE,SWITCH,LLM_APPROVED,0.0,,
1441,pressure,4,0,6,0,53.0,0.0,HOLD,HOLD,False,NONE,HOLD,TRANSITION_IN_PROGRESS,0.0,,
1442,pressure,4,1,6,0,59.0,0.0,HOLD,HOLD,False,NONE,HOLD,TRANSITION_IN_PROGRESS,0.0,,
1443,pressure,4,2,6,0,65.0,0.0,HOLD,HOLD,False,NONE,HOLD,TRANSITION_IN_PROGRESS,0.0,,
1444,pressure,5,0,6,0,71.0,0.0,HOLD,HOLD,False,NONE,HOLD,TRANSITION_IN_PROGRESS,0.0,,
1445,pressure,5,1,8,1,79.0,1.0,HOLD,HOLD,False,NONE,HOLD,TRANSITION_IN_PROGRESS,0.0,,
1446,pressure,0,0,6,1,48.0,2.0,HOLD,HOLD,False,NONE,HOLD,LLM_HOLD,0.0,,
1447,pressure,0,1,4,2,26.0,4.0,HOLD,HOLD,False,NONE,HOLD,LLM_HOLD,0.0,,
1448,pressure,0,2,2,2,8.0,6.0,HOLD,HOLD,False,NONE,HOLD,LLM_HOLD,0.0,,
1449,pressure,0,3,1,2,1.0,8.0,HOLD,HOLD,False,NONE,HOLD,LLM_HOLD,0.0,,
1450,pressure,0,4,0,2,0.0,10.0,HOLD,HOLD,False,NONE,HOLD,LLM_HOLD,0.0,,
1451,pressure,0,5,0,2,0.0,12.0,HOLD,HOLD,False,NONE,HOLD,LLM_HOLD,0.0,,
1452,pressure,0,6,0,3,0.0,15.0,HOLD,HOLD,False,NONE,HOLD,LLM_HOLD,0.0,,
1453,pressure,0,7,0,4,0.0,19.0,HOLD,HOLD,False,NONE,HOLD,LLM_HOLD,0.0,,
1454,pressure,0,8,0,4,0.0,23.0,HOLD,HOLD,False,NONE,HOLD,LLM_HOLD,0.0,,
1455,pressure,0,9,0,4,0.0,27.0,HOLD-REQUEST_EW,HOLD,False,NONE,HOLD,LLM_HOLD,0.0,,
1456,pressure,0,10,0,4,0.0,31.0,HOLD-REQUEST_EW,HOLD,False,NONE,HOLD,LLM_HOLD,0.0,,
1457,pressure,0,11,0,6,0.0,37.0,HOLD-REQUEST_EW,HOLD,False,NONE,HOLD,LLM_HOLD,0.0,,
1458,pressure,0,12,0,6,0.0,43.0,HOLD-REQUEST_EW,HOLD,False,NONE,HOLD,LLM_HOLD,0.0,,
1459,pressure,0,13,0,6,0.0,49.0,HOLD-REQUEST_EW,HOLD,False,NONE,HOLD,LLM_HOLD,0.0,,
1460,pressure,0,14,0,6,0.0,55.0,HOLD-REQUEST_EW,PRESSURE_DECISION,False,NONE,SWITCH,LLM_APPROVED,0.0,,
1461,pressure,1,0,0,6,0.0,61.0,HOLD,HOLD,False,NONE,HOLD,TRANSITION_IN_PROGRESS,0.0,,
1462,pressure,1,1,0,7,0.0,68.0,HOLD,HOLD,False,NONE,HOLD,TRANSITION_IN_PROGRESS,0.0,,
1463,pressure,1,2,0,8,0.0,76.0,HOLD,HOLD,False,NONE,HOLD,TRANSITION_IN_PROGRESS,0.0,,
1464,pressure,2,0,0,8,0.0,84.0,HOLD,HOLD,False,NONE,HOLD,TRANSITION_IN_PROGRESS,0.0,,
1465,pressure,2,1,0,8,0.0,92.0,HOLD,HOLD,False,NONE,HOLD,TRANSITION_IN_PROGRESS,0.0,,
1466,pressure,3,0,0,6,0.0,58.0,HOLD,HOLD,False,NONE,HOLD,LLM_HOLD,0.0,,
1467,pressure,3,1,0,4,0.0,33.0,HOLD,HOLD,False,NONE,HOLD,LLM_HOLD,0.0,,
1468,pressure,3,2,0,4,0.0,15.0,HOLD,HOLD,False,NONE,HOLD,LLM_HOLD,0.0,,
1469,pressure,3,3,1,2,1.0,4.0,HOLD,HOLD,False,NONE,HOLD,LLM_HOLD,0.0,,
1470,pressure,3,4,2,0,3.0,0.0,HOLD,HOLD,False,NONE,HOLD,LLM_HOLD,0.0,,
1471,pressure,3,5,2,0,5.0,0.0,HOLD,HOLD,False,NONE,HOLD,LLM_HOLD,0.0,,
1472,pressure,3,6,2,0,7.0,0.0,HOLD,HOLD,False,NONE,HOLD,LLM_HOLD,0.0,,
1473,pressure,3,7,2,0,9.0,0.0,HOLD,HOLD,False,NONE,HOLD,LLM_HOLD,0.0,,
1474,pressure,3,8,3,0,12.0,0.0,HOLD,HOLD,False,NONE,HOLD,LLM_HOLD,0.0,,
1475,pressure,3,9,4,0,16.0,0.0,HOLD-REQUEST_NS,HOLD,False,NONE,HOLD,LLM_HOLD,0.0,,
1476,pressure,3,10,4,0,20.0,0.0,HOLD-REQUEST_NS,HOLD,False,NONE,HOLD,LLM_HOLD,0.0,,
1477,pressure,3,11,4,0,24.0,0.0,HOLD-REQUEST_NS,HOLD,False,NONE,HOLD,LLM_HOLD,0.0,,
1478,pressure,3,12,4,0,28.0,0.0,HOLD-REQUEST_NS,HOLD,False,NONE,HOLD,LLM_HOLD,0.0,,
1479,pressure,3,13,4,0,32.0,0.0,HOLD-REQUEST_NS,HOLD,False,NONE,HOLD,LLM_HOLD,0.0,,
1480,pressure,3,14,5,0,37.0,0.0,HOLD-REQUEST_NS,PRESSURE_DECISION,False,NONE,SWITCH,LLM_APPROVED,0.0,,
1481,pressure,4,0,6,0,43.0,0.0,HOLD,HOLD,False,NONE,HOLD,TRANSITION_IN_PROGRESS,0.0,,
1482,pressure,4,1,6,0,49.0,0.0,HOLD,HOLD,False,NONE,HOLD,TRANSITION_IN_PROGRESS,0.0,,
1483,pressure,4,2,6,0,55.0,0.0,HOLD,HOLD,False,NONE,HOLD,TRANSITION_IN_PROGRESS,0.0,,
1484,pressure,5,0,6,0,61.0,0.0,HOLD,HOLD,False,NONE,HOLD,TRANSITION_IN_PROGRESS,0.0,,
1485,pressure,5,1,6,0,67.0,0.0,HOLD,HOLD,False,NONE,HOLD,TRANSITION_IN_PROGRESS,0.0,,
1486,pressure,0,0,6,0,40.0,0.0,HOLD,HOLD,False,NONE,HOLD,LLM_HOLD,0.0,,
1487,pressure,0,1,4,0,19.0,0.0,HOLD,HOLD,False,NONE,HOLD,LLM_HOLD,0.0,,
1488,pressure,0,2,2,0,6.0,0.0,HOLD,HOLD,False,NONE,HOLD,LLM_HOLD,0.0,,
1489,pressure,0,3,0,1,0.0,1.0,HOLD,HOLD,False,NONE,HOLD,LLM_HOLD,0.0,,
1490,pressure,0,4,0,1,0.0,2.0,HOLD,HOLD,False,NONE,HOLD,LLM_HOLD,0.0,,
1491,pressure,0,5,0,2,0.0,4.0,HOLD,HOLD,False,NONE,HOLD,LLM_HOLD,0.0,,
1492,pressure,0,6,0,2,0.0,6.0,HOLD,HOLD,False,NONE,HOLD,LLM_HOLD,0.0,,
1493,pressure,0,7,0,2,0.0,8.0,HOLD,HOLD,False,NONE,HOLD,LLM_HOLD,0.0,,
1494,pressure,0,8,0,2,0.0,10.0,HOLD,HOLD,False,NONE,HOLD,LLM_HOLD,0.0,,
1495,pressure,0,9,0,2,0.0,12.0,HOLD-REQUEST_EW,HOLD,False,NONE,HOLD,LLM_HOLD,0.0,,
1496,pressure,0,10,0,3,0.0,15.0,HOLD-REQUEST_EW,HOLD,False,NONE,HOLD,LLM_HOLD,0.0,,
1497,pressure,0,11,0,4,0.0,19.0,HOLD-REQUEST_EW,HOLD,False,NONE,HOLD,LLM_HOLD,0.0,,
1498,pressure,0,12,0,4,0.0,23.0,HOLD-REQUEST_EW,HOLD,False,NONE,HOLD,LLM_HOLD,0.0,,
1499,pressure,0,13,0,4,0.0,27.0,HOLD-REQUEST_EW,HOLD,False,NONE,HOLD,LLM_HOLD,0.0,,
1500,pressure,0,14,0,4,0.0,31.0,HOLD-REQUEST_EW,PRESSURE_DECISION,False,NONE,SWITCH,LLM_APPROVED,0.0,,
1501,pressure,1,0,0,5,0.0,36.0,HOLD,HOLD,False,NONE,HOLD,TRANSITION_IN_PROGRESS,0.0,,
1502,pressure,1,1,0,5,0.0,41.0,HOLD,HOLD,False,NONE,HOLD,TRANSITION_IN_PROGRESS,0.0,,
1503,pressure,1,2,0,6,0.0,47.0,HOLD,HOLD,False,NONE,HOLD,TRANSITION_IN_PROGRESS,0.0,,
1504,pressure,2,0,0,6,0.0,53.0,HOLD,HOLD,False,NONE,HOLD,TRANSITION_IN_PROGRESS,0.0,,
1505,pressure,2,1,0,6,0.0,59.0,HOLD,HOLD,False,NONE,HOLD,TRANSITION_IN_PROGRESS,0.0,,
1506,pressure,3,0,2,4,2.0,31.0,HOLD,HOLD,False,NONE,HOLD,LLM_HOLD,0.0,,
1507,pressure,3,1,2,3,4.0,13.0,HOLD,HOLD,False,NONE,HOLD,LLM_HOLD,0.0,,
1508,pressure,3,2,2,2,6.0,3.0,HOLD,HOLD,False,NONE,HOLD,LLM_HOLD,0.0,,
1509,pressure,3,3,2,0,8.0,0.0,HOLD,HOLD,False,NONE,HOLD,LLM_HOLD,0.0,,
1510,pressure,3,4,3,0,11.0,0.0,HOLD,HOLD,False,NONE,HOLD,LLM_HOLD,0.0,,
1511,pressure,3,5,3,0,14.0,0.0,HOLD,HOLD,False,NONE,HOLD,LLM_HOLD,0.0,,
1512,pressure,3,6,4,0,18.0,0.0,HOLD,HOLD,False,NONE,HOLD,LLM_HOLD,0.0,,
1513,pressure,3,7,4,0,22.0,0.0,HOLD,HOLD,False,NONE,HOLD,LLM_HOLD,0.0,,
1514,pressure,3,8,4,0,26.0,0.0,HOLD,HOLD,False,NONE,HOLD,LLM_HOLD,0.0,,
1515,pressure,3,9,4,0,30.0,0.0,HOLD-REQUEST_NS,HOLD,False,NONE,HOLD,LLM_HOLD,0.0,,
1516,pressure,3,10,4,0,34.0,0.0,HOLD-REQUEST_NS,HOLD,False,NONE,HOLD,LLM_HOLD,0.0,,
1517,pressure,3,11,5,0,39.0,0.0,HOLD-REQUEST_NS,HOLD,False,NONE,HOLD,LLM_HOLD,0.0,,
1518,pressure,3,12,6,0,45.0,0.0,HOLD-REQUEST_NS,HOLD,False,NONE,HOLD,LLM_HOLD,0.0,,
1519,pressure,3,13,6,0,51.0,0.0,HOLD-REQUEST_NS,HOLD,False,NONE,HOLD,LLM_HOLD,0.0,,
1520,pressure,3,14,6,0,57.0,0.0,HOLD-REQUEST_NS,PRESSURE_DECISION,False,NONE,SWITCH,LLM_APPROVED,0.0,,
1521,pressure,4,0,7,0,64.0,0.0,HOLD,HOLD,False,NONE,HOLD,TRANSITION_IN_PROGRESS,0.0,,
1522,pressure,4,1,7,0,71.0,0.0,HOLD,HOLD,False,NONE,HOLD,TRANSITION_IN_PROGRESS,0.0,,
1523,pressure,4,2,8,0,79.0,0.0,HOLD,HOLD,False,NONE,HOLD,TRANSITION_IN_PROGRESS,0.0,,
1524,pressure,5,0,8,0,87.0,0.0,HOLD,HOLD,False,NONE,HOLD,TRANSITION_IN_PROGRESS,0.0,,
1525,pressure,5,1,8,0,95.0,0.0,HOLD,HOLD,False,NONE,HOLD,TRANSITION_IN_PROGRESS,0.0,,
1526,pressure,0,0,8,0,63.0,0.0,HOLD,HOLD,False,NONE,HOLD,LLM_HOLD,0.0,,
1527,pressure,0,1,6,1,37.0,1.0,HOLD,HOLD,False,NONE,HOLD,LLM_HOLD,0.0,,
1528,pressure,0,2,4,2,20.0,3.0,HOLD,HOLD,False,NONE,HOLD,LLM_HOLD,0.0,,
1529,pressure,0,3,2,2,8.0,5.0,HOLD,HOLD,False,NONE,HOLD,LLM_HOLD,0.0,,
1530,pressure,0,4,0,2,0.0,7.0,HOLD,HOLD,False,NONE,HOLD,LLM_HOLD,0.0,,
1531,pressure,0,5,0,2,0.0,9.0,HOLD,HOLD,False,NONE,HOLD,LLM_HOLD,0.0,,
1532,pressure,0,6,0,2,0.0,11.0,HOLD,HOLD,False,NONE,HOLD,LLM_HOLD,0.0,,
1533,pressure,0,7,0,4,0.0,15.0,HOLD,HOLD,False,NONE,HOLD,LLM_HOLD,0.0,,
1534,pressure,0,8,0,4,0.0,19.0,HOLD,HOLD,False,NONE,HOLD,LLM_HOLD,0.0,,
1535,pressure,0,9,0,4,0.0,23.0,HOLD-REQUEST_EW,HOLD,False,NONE,HOLD,LLM_HOLD,0.0,,
1536,pressure,0,10,0,4,0.0,27.0,HOLD-REQUEST_EW,HOLD,False,NONE,HOLD,LLM_HOLD,0.0,,
1537,pressure,0,11,0,4,0.0,31.0,HOLD-REQUEST_EW,HOLD,False,NONE,HOLD,LLM_HOLD,0.0,,
1538,pressure,0,12,0,4,0.0,35.0,HOLD-REQUEST_EW,HOLD,False,NONE,HOLD,LLM_HOLD,0.0,,
1539,pressure,0,13,0,5,0.0,40.0,HOLD-REQUEST_EW,HOLD,False,NONE,HOLD,LLM_HOLD,0.0,,
1540,pressure,0,14,0,6,0.0,46.0,HOLD-REQUEST_EW,PRESSURE_DECISION,False,NONE,SWITCH,LLM_APPROVED,0.0,,
1541,pressure,1,0,0,6,0.0,52.0,HOLD,HOLD,False,NONE,HOLD,TRANSITION_IN_PROGRESS,0.0,,
1542,pressure,1,1,0,6,0.0,58.0,HOLD,HOLD,False,NONE,HOLD,TRANSITION_IN_PROGRESS,0.0,,
1543,pressure,1,2,0,6,0.0,64.0,HOLD,HOLD,False,NONE,HOLD,TRANSITION_IN_PROGRESS,0.0,,
1544,pressure,2,0,0,6,0.0,70.0,HOLD,HOLD,False,NONE,HOLD,TRANSITION_IN_PROGRESS,0.0,,
1545,pressure,2,1,0,8,0.0,78.0,HOLD,HOLD,False,NONE,HOLD,TRANSITION_IN_PROGRESS,0.0,,
1546,pressure,3,0,1,6,1.0,47.0,HOLD,HOLD,False,NONE,HOLD,LLM_HOLD,0.0,,
1547,pressure,3,1,1,4,2.0,23.0,HOLD,HOLD,False,NONE,HOLD,LLM_HOLD,0.0,,
1548,pressure,3,2,2,2,4.0,8.0,HOLD,HOLD,False,NONE,HOLD,LLM_HOLD,0.0,,
1549,pressure,3,3,2,0,6.0,0.0,HOLD,HOLD,False,NONE,HOLD,LLM_HOLD,0.0,,
1550,pressure,3,4,2,0,8.0,0.0,HOLD,HOLD,False,NONE,HOLD,LLM_HOLD,0.0,,
1551,pressure,3,5,2,0,10.0,0.0,HOLD,HOLD,False,NONE,HOLD,LLM_HOLD,0.0,,
1552,pressure,3,6,2,0,12.0,0.0,HOLD,HOLD,False,NONE,HOLD,LLM_HOLD,0.0,,
1553,pressure,3,7,4,0,16.0,0.0,HOLD,HOLD,False,NONE,HOLD,LLM_HOLD,0.0,,
1554,pressure,3,8,4,0,20.0,0.0,HOLD,HOLD,False,NONE,HOLD,LLM_HOLD,0.0,,
1555,pressure,3,9,4,0,24.0,0.0,HOLD-REQUEST_NS,HOLD,False,NONE,HOLD,LLM_HOLD,0.0,,
1556,pressure,3,10,4,0,28.0,0.0,HOLD-REQUEST_NS,HOLD,False,NONE,HOLD,LLM_HOLD,0.0,,
1557,pressure,3,11,4,0,32.0,0.0,HOLD-REQUEST_NS,HOLD,False,NONE,HOLD,LLM_HOLD,0.0,,
1558,pressure,3,12,5,0,37.0,0.0,HOLD-REQUEST_NS,HOLD,False,NONE,HOLD,LLM_HOLD,0.0,,
1559,pressure,3,13,6,0,43.0,0.0,HOLD-REQUEST_NS,HOLD,False,NONE,HOLD,LLM_HOLD,0.0,,
1560,pressure,3,14,6,0,49.0,0.0,HOLD-REQUEST_NS,PRESSURE_DECISION,False,NONE,SWITCH,LLM_APPROVED,0.0,,
1561,pressure,4,0,6,0,55.0,0.0,HOLD,HOLD,False,NONE,HOLD,TRANSITION_IN_PROGRESS,0.0,,
1562,pressure,4,1,6,0,61.0,0.0,HOLD,HOLD,False,NONE,HOLD,TRANSITION_IN_PROGRESS,0.0,,
1563,pressure,4,2,6,0,67.0,0.0,HOLD,HOLD,False,NONE,HOLD,TRANSITION_IN_PROGRESS,0.0,,
1564,pressure,5,0,7,1,74.0,1.0,HOLD,HOLD,False,NONE,HOLD,TRANSITION_IN_PROGRESS,0.0,,
1565,pressure,5,1,8,1,82.0,2.0,HOLD,HOLD,False,NONE,HOLD,TRANSITION_IN_PROGRESS,0.0,,
1566,pressure,0,0,6,2,50.0,4.0,HOLD,HOLD,False,NONE,HOLD,LLM_HOLD,0.0,,
1567,pressure,0,1,4,2,26.0,6.0,HOLD,HOLD,False,NONE,HOLD,LLM_HOLD,0.0,,
1568,pressure,0,2,2,2,9.0,8.0,HOLD,HOLD,False,NONE,HOLD,LLM_HOLD,0.0,,
1569,pressure,0,3,1,2,1.0,10.0,HOLD,HOLD,False,NONE,HOLD,LLM_HOLD,0.0,,
1570,pressure,0,4,0,2,0.0,12.0,HOLD,HOLD,False,NONE,HOLD,LLM_HOLD,0.0,,
1571,pressure,0,5,0,3,0.0,15.0,HOLD,HOLD,False,NONE,HOLD,LLM_HOLD,0.0,,
1572,pressure,0,6,0,3,0.0,18.0,HOLD,HOLD,False,NONE,HOLD,LLM_HOLD,0.0,,
1573,pressure,0,7,0,4,0.0,22.0,HOLD,HOLD,False,NONE,HOLD,LLM_HOLD,0.0,,
1574,pressure,0,8,0,4,0.0,26.0,HOLD,HOLD,False,NONE,HOLD,LLM_HOLD,0.0,,
1575,pressure,0,9,0,4,0.0,30.0,HOLD-REQUEST_EW,HOLD,False,NONE,HOLD,LLM_HOLD,0.0,,
1576,pressure,0,10,0,4,0.0,34.0,HOLD-REQUEST_EW,HOLD,False,NONE,HOLD,LLM_HOLD,0.0,,
1577,pressure,0,11,0,5,0.0,39.0,HOLD-REQUEST_EW,HOLD,False,NONE,HOLD,LLM_HOLD,0.0,,
1578,pressure,0,12,0,6,0.0,45.0,HOLD-REQUEST_EW,HOLD,False,NONE,HOLD,LLM_HOLD,0.0,,
1579,pressure,0,13,0,6,0.0,51.0,HOLD-REQUEST_EW,HOLD,False,NONE,HOLD,LLM_HOLD,0.0,,
1580,pressure,0,14,0,6,0.0,57.0,HOLD-REQUEST_EW,PRESSURE_DECISION,False,NONE,SWITCH,LLM_APPROVED,0.0,,
1581,pressure,1,0,0,6,0.0,63.0,HOLD,HOLD,False,NONE,HOLD,TRANSITION_IN_PROGRESS,0.0,,
1582,pressure,1,1,0,6,0.0,69.0,HOLD,HOLD,False,NONE,HOLD,TRANSITION_IN_PROGRESS,0.0,,
1583,pressure,1,2,0,7,0.0,76.0,HOLD,HOLD,False,NONE,HOLD,TRANSITION_IN_PROGRESS,0.0,,
1584,pressure,2,0,1,8,1.0,84.0,HOLD,HOLD,False,NONE,HOLD,TRANSITION_IN_PROGRESS,0.0,,
1585,pressure,2,1,1,8,2.0,92.0,HOLD,HOLD,False,NONE,HOLD,TRANSITION_IN_PROGRESS,0.0,,
1586,pressure,3,0,1,6,3.0,56.0,HOLD,HOLD,False,NONE,HOLD,LLM_HOLD,0.0,,
1587,pressure,3,1,1,4,4.0,30.0,HOLD,HOLD,False,NONE,HOLD,LLM_HOLD,0.0,,
1588,pressure,3,2,1,3,5.0,12.0,HOLD,HOLD,False,NONE,HOLD,LLM_HOLD,0.0,,
1589,pressure,3,3,2,2,7.0,3.0,HOLD,HOLD,False,NONE,HOLD,LLM_HOLD,0.0,,
1590,pressure,3,4,3,0,10.0,0.0,HOLD,HOLD,False,NONE,HOLD,LLM_HOLD,0.0,,
1591,pressure,3,5,3,0,13.0,0.0,HOLD,HOLD,False,NONE,HOLD,LLM_HOLD,0.0,,
1592,pressure,3,6,3,0,16.0,0.0,HOLD,HOLD,False,NONE,HOLD,LLM_HOLD,0.0,,
1593,pressure,3,7,4,0,20.0,0.0,HOLD,HOLD,False,NONE,HOLD,LLM_HOLD,0.0,,
1594,pressure,3,8,4,0,24.0,0.0,HOLD,HOLD,False,NONE,HOLD,LLM_HOLD,0.0,,
1595,pressure,3,9,4,0,28.0,0.0,HOLD-REQUEST_NS,HOLD,False,NONE,HOLD,LLM_HOLD,0.0,,
1596,pressure,3,10,5,0,33.0,0.0,HOLD-REQUEST_NS,HOLD,False,NONE,HOLD,LLM_HOLD,0.0,,
1597,pressure,3,11,5,0,38.0,0.0,HOLD-REQUEST_NS,HOLD,False,NONE,HOLD,LLM_HOLD,0.0,,
1598,pressure,3,12,5,0,43.0,0.0,HOLD-REQUEST_NS,HOLD,False,NONE,HOLD,LLM_HOLD,0.0,,
1599,pressure,3,13,5,0,48.0,0.0,HOLD-REQUEST_NS,HOLD,False,NONE,HOLD,LLM_HOLD,0.0,,
1600,pressure,3,14,7,0,55.0,0.0,HOLD-REQUEST_NS,PRESSURE_DECISION,False,NONE,SWITCH,LLM_APPROVED,0.0,,
1601,pressure,4,0,7,0,62.0,0.0,HOLD,HOLD,False,NONE,HOLD,TRANSITION_IN_PROGRESS,0.0,,
1602,pressure,4,1,7,0,69.0,0.0,HOLD,HOLD,False,NONE,HOLD,TRANSITION_IN_PROGRESS,0.0,,
1603,pressure,4,2,7,0,76.0,0.0,HOLD,HOLD,False,NONE,HOLD,TRANSITION_IN_PROGRESS,0.0,,
1604,pressure,5,0,7,0,83.0,0.0,HOLD,HOLD,False,NONE,HOLD,TRANSITION_IN_PROGRESS,0.0,,
1605,pressure,5,1,8,0,91.0,0.0,HOLD,HOLD,False,NONE,HOLD,TRANSITION_IN_PROGRESS,0.0,,
1606,pressure,0,0,7,0,60.0,0.0,HOLD,HOLD,False,NONE,HOLD,LLM_HOLD,0.0,,
1607,pressure,0,1,5,0,36.0,0.0,HOLD,HOLD,False,NONE,HOLD,LLM_HOLD,0.0,,
1608,pressure,0,2,3,1,16.0,1.0,HOLD,HOLD,False,NONE,HOLD,LLM_HOLD,0.0,,
1609,pressure,0,3,1,1,4.0,2.0,HOLD,HOLD,False,NONE,HOLD,LLM_HOLD,0.0,,
1610,pressure,0,4,0,1,0.0,3.0,HOLD,HOLD,False,NONE,HOLD,LLM_HOLD,0.0,,
1611,pressure,0,5,0,2,0.0,5.0,HOLD,HOLD,False,NONE,HOLD,LLM_HOLD,0.0,,
1612,pressure,0,6,0,2,0.0,7.0,HOLD,HOLD,False,NONE,HOLD,LLM_HOLD,0.0,,
1613,pressure,0,7,0,2,0.0,9.0,HOLD,HOLD,False,NONE,HOLD,LLM_HOLD,0.0,,
1614,pressure,0,8,0,2,0.0,11.0,HOLD,HOLD,False,NONE,HOLD,LLM_HOLD,0.0,,
1615,pressure,0,9,0,2,0.0,13.0,HOLD-REQUEST_EW,HOLD,False,NONE,HOLD,LLM_HOLD,0.0,,
1616,pressure,0,10,0,4,0.0,17.0,HOLD-REQUEST_EW,HOLD,False,NONE,HOLD,LLM_HOLD,0.0,,
1617,pressure,0,11,0,4,0.0,21.0,HOLD-REQUEST_EW,HOLD,False,NONE,HOLD,LLM_HOLD,0.0,,
1618,pressure,0,12,0,4,0.0,25.0,HOLD-REQUEST_EW,HOLD,False,NONE,HOLD,LLM_HOLD,0.0,,
1619,pressure,0,13,0,4,0.0,29.0,HOLD-REQUEST_EW,HOLD,False,NONE,HOLD,LLM_HOLD,0.0,,
1620,pressure,0,14,0,4,0.0,33.0,HOLD-REQUEST_EW,PRESSURE_DECISION,False,NONE,SWITCH,LLM_APPROVED,0.0,,
1621,pressure,1,0,0,4,0.0,37.0,HOLD,HOLD,False,NONE,HOLD,TRANSITION_IN_PROGRESS,0.0,,
1622,pressure,1,1,0,6,0.0,43.0,HOLD,HOLD,False,NONE,HOLD,TRANSITION_IN_PROGRESS,0.0,,
1623,pressure,1,2,0,6,0.0,49.0,HOLD,HOLD,False,NONE,HOLD,TRANSITION_IN_PROGRESS,0.0,,
1624,pressure,2,0,0,6,0.0,55.0,HOLD,HOLD,False,NONE,HOLD,TRANSITION_IN_PROGRESS,0.0,,
1625,pressure,2,1,1,6,1.0,61.0,HOLD,HOLD,False,NONE,HOLD,TRANSITION_IN_PROGRESS,0.0,,
1626,pressure,3,0,2,4,3.0,32.0,HOLD,HOLD,False,NONE,HOLD,LLM_HOLD,0.0,,
1627,pressure,3,1,2,3,5.0,13.0,HOLD,HOLD,False,NONE,HOLD,LLM_HOLD,0.0,,
1628,pressure,3,2,2,2,7.0,3.0,HOLD,HOLD,False,NONE,HOLD,LLM_HOLD,0.0,,
1629,pressure,3,3,2,0,9.0,0.0,HOLD,HOLD,False,NONE,HOLD,LLM_HOLD,0.0,,
1630,pressure,3,4,3,0,12.0,0.0,HOLD,HOLD,False,NONE,HOLD,LLM_HOLD,0.0,,
1631,pressure,3,5,3,0,15.0,0.0,HOLD,HOLD,False,NONE,HOLD,LLM_HOLD,0.0,,
1632,pressure,3,6,4,0,19.0,0.0,HOLD,HOLD,False,NONE,HOLD,LLM_HOLD,0.0,,
1633,pressure,3,7,4,0,23.0,0.0,HOLD,HOLD,False,NONE,HOLD,LLM_HOLD,0.0,,
1634,pressure,3,8,4,0,27.0,0.0,HOLD,HOLD,False,NONE,HOLD,LLM_HOLD,0.0,,
1635,pressure,3,9,5,0,32.0,0.0,HOLD-REQUEST_NS,HOLD,False,NONE,HOLD,LLM_HOLD,0.0,,
1636,pressure,3,10,5,0,37.0,0.0,HOLD-REQUEST_NS,HOLD,False,NONE,HOLD,LLM_HOLD,0.0,,
1637,pressure,3,11,6,0,43.0,0.0,HOLD-REQUEST_NS,HOLD,False,NONE,HOLD,LLM_HOLD,0.0,,
1638,pressure,3,12,6,0,49.0,0.0,HOLD-REQUEST_NS,HOLD,False,NONE,HOLD,LLM_HOLD,0.0,,
1639,pressure,3,13,6,0,55.0,0.0,HOLD-REQUEST_NS,HOLD,False,NONE,HOLD,LLM_HOLD,0.0,,
1640,pressure,3,14,6,0,61.0,0.0,HOLD-REQUEST_NS,PRESSURE_DECISION,False,NONE,SWITCH,LLM_APPROVED,0.0,,
1641,pressure,4,0,6,0,67.0,0.0,HOLD,HOLD,False,NONE,HOLD,TRANSITION_IN_PROGRESS,0.0,,
1642,pressure,4,1,7,0,74.0,0.0,HOLD,HOLD,False,NONE,HOLD,TRANSITION_IN_PROGRESS,0.0,,
1643,pressure,4,2,8,0,82.0,0.0,HOLD,HOLD,False,NONE,HOLD,TRANSITION_IN_PROGRESS,0.0,,
1644,pressure,5,0,8,0,90.0,0.0,HOLD,HOLD,False,NONE,HOLD,TRANSITION_IN_PROGRESS,0.0,,
1645,pressure,5,1,8,0,98.0,0.0,HOLD,HOLD,False,NONE,HOLD,TRANSITION_IN_PROGRESS,0.0,,
1646,pressure,0,0,6,0,63.0,0.0,HOLD,HOLD,False,NONE,HOLD,LLM_HOLD,0.0,,
1647,pressure,0,1,6,1,37.0,1.0,HOLD,HOLD,False,NONE,HOLD,LLM_HOLD,0.0,,
1648,pressure,0,2,4,1,17.0,2.0,HOLD,HOLD,False,NONE,HOLD,LLM_HOLD,0.0,,
1649,pressure,0,3,2,2,6.0,4.0,HOLD,HOLD,False,NONE,HOLD,LLM_HOLD,0.0,,
1650,pressure,0,4,0,2,0.0,6.0,HOLD,HOLD,False,NONE,HOLD,LLM_HOLD,0.0,,
1651,pressure,0,5,0,2,0.0,8.0,HOLD,HOLD,False,NONE,HOLD,LLM_HOLD,0.0,,
1652,pressure,0,6,0,2,0.0,10.0,HOLD,HOLD,False,NONE,HOLD,LLM_HOLD,0.0,,
1653,pressure,0,7,0,2,0.0,12.0,HOLD,HOLD,False,NONE,HOLD,LLM_HOLD,0.0,,
1654,pressure,0,8,0,3,0.0,15.0,HOLD,HOLD,False,NONE,HOLD,LLM_HOLD,0.0,,
1655,pressure,0,9,0,4,0.0,19.0,HOLD-REQUEST_EW,HOLD,False,NONE,HOLD,LLM_HOLD,0.0,,
1656,pressure,0,10,0,4,0.0,23.0,HOLD-REQUEST_EW,HOLD,False,NONE,HOLD,LLM_HOLD,0.0,,
1657,pressure,0,11,0,4,0.0,27.0,HOLD-REQUEST_EW,HOLD,False,NONE,HOLD,LLM_HOLD,0.0,,
1658,pressure,0,12,0,5,0.0,32.0,HOLD-REQUEST_EW,HOLD,False,NONE,HOLD,LLM_HOLD,0.0,,
1659,pressure,0,13,0,5,0.0,37.0,HOLD-REQUEST_EW,HOLD,False,NONE,HOLD,LLM_HOLD,0.0,,
1660,pressure,0,14,0,6,0.0,43.0,HOLD-REQUEST_EW,PRESSURE_DECISION,False,NONE,SWITCH,LLM_APPROVED,0.0,,
1661,pressure,1,0,0,6,0.0,49.0,HOLD,HOLD,False,NONE,HOLD,TRANSITION_IN_PROGRESS,0.0,,
1662,pressure,1,1,0,6,0.0,55.0,HOLD,HOLD,False,NONE,HOLD,TRANSITION_IN_PROGRESS,0.0,,
1663,pressure,1,2,0,6,0.0,61.0,HOLD,HOLD,False,NONE,HOLD,TRANSITION_IN_PROGRESS,0.0,,
1664,pressure,2,0,0,6,0.0,67.0,HOLD,HOLD,False,NONE,HOLD,TRANSITION_IN_PROGRESS,0.0,,
1665,pressure,2,1,0,8,0.0,75.0,HOLD,HOLD,False,NONE,HOLD,TRANSITION_IN_PROGRESS,0.0,,
1666,pressure,3,0,0,6,0.0,45.0,HOLD,HOLD,False,NONE,HOLD,LLM_HOLD,0.0,,
1667,pressure,3,1,1,4,1.0,24.0,HOLD,HOLD,False,NONE,HOLD,LLM_HOLD,0.0,,
1668,pressure,3,2,2,2,3.0,8.0,HOLD,HOLD,False,NONE,HOLD,LLM_HOLD,0.0,,
1669,pressure,3,3,2,0,5.0,0.0,HOLD,HOLD,False,NONE,HOLD,LLM_HOLD,0.0,,
1670,pressure,3,4,2,0,7.0,0.0,HOLD,HOLD,False,NONE,HOLD,LLM_HOLD,0.0,,
1671,pressure,3,5,2,0,9.0,0.0,HOLD,HOLD,False,NONE,HOLD,LLM_HOLD,0.0,,
1672,pressure,3,6,2,0,11.0,0.0,HOLD,HOLD,False,NONE,HOLD,LLM_HOLD,0.0,,
1673,pressure,3,7,4,0,15.0,0.0,HOLD,HOLD,False,NONE,HOLD,LLM_HOLD,0.0,,
1674,pressure,3,8,4,0,19.0,0.0,HOLD,HOLD,False,NONE,HOLD,LLM_HOLD,0.0,,
1675,pressure,3,9,4,0,23.0,0.0,HOLD-REQUEST_NS,HOLD,False,NONE,HOLD,LLM_HOLD,0.0,,
1676,pressure,3,10,4,0,27.0,0.0,HOLD-REQUEST_NS,HOLD,False,NONE,HOLD,LLM_HOLD,0.0,,
1677,pressure,3,11,4,0,31.0,0.0,HOLD-REQUEST_NS,HOLD,False,NONE,HOLD,LLM_HOLD,0.0,,
1678,pressure,3,12,4,0,35.0,0.0,HOLD-REQUEST_NS,HOLD,False,NONE,HOLD,LLM_HOLD,0.0,,
1679,pressure,3,13,6,0,41.0,0.0,HOLD-REQUEST_NS,HOLD,False,NONE,HOLD,LLM_HOLD,0.0,,
1680,pressure,3,14,6,0,47.0,0.0,HOLD-REQUEST_NS,PRESSURE_DECISION,False,NONE,SWITCH,LLM_APPROVED,0.0,,
1681,pressure,4,0,6,0,53.0,0.0,HOLD,HOLD,False,NONE,HOLD,TRANSITION_IN_PROGRESS,0.0,,
1682,pressure,4,1,6,0,59.0,0.0,HOLD,HOLD,False,NONE,HOLD,TRANSITION_IN_PROGRESS,0.0,,
1683,pressure,4,2,7,0,66.0,0.0,HOLD,HOLD,False,NONE,HOLD,TRANSITION_IN_PROGRESS,0.0,,
1684,pressure,5,0,7,0,73.0,0.0,HOLD,HOLD,False,NONE,HOLD,TRANSITION_IN_PROGRESS,0.0,,
1685,pressure,5,1,7,1,80.0,1.0,HOLD,HOLD,False,NONE,HOLD,TRANSITION_IN_PROGRESS,0.0,,
1686,pressure,0,0,6,2,49.0,3.0,HOLD,HOLD,False,NONE,HOLD,LLM_HOLD,0.0,,
1687,pressure,0,1,4,2,25.0,5.0,HOLD,HOLD,False,NONE,HOLD,LLM_HOLD,0.0,,
1688,pressure,0,2,2,2,9.0,7.0,HOLD,HOLD,False,NONE,HOLD,LLM_HOLD,0.0,,
1689,pressure,0,3,0,2,0.0,9.0,HOLD,HOLD,False,NONE,HOLD,LLM_HOLD,0.0,,
1690,pressure,0,4,0,2,0.0,11.0,HOLD,HOLD,False,NONE,HOLD,LLM_HOLD,0.0,,
1691,pressure,0,5,0,2,0.0,13.0,HOLD,HOLD,False,NONE,HOLD,LLM_HOLD,0.0,,
1692,pressure,0,6,0,2,0.0,15.0,HOLD,HOLD,False,NONE,HOLD,LLM_HOLD,0.0,,
1693,pressure,0,7,0,4,0.0,19.0,HOLD,HOLD,False,NONE,HOLD,LLM_HOLD,0.0,,
1694,pressure,0,8,0,4,0.0,23.0,HOLD,HOLD,False,NONE,HOLD,LLM_HOLD,0.0,,
1695,pressure,0,9,0,4,0.0,27.0,HOLD-REQUEST_EW,HOLD,False,NONE,HOLD,LLM_HOLD,0.0,,
1696,pressure,0,10,0,4,0.0,31.0,HOLD-REQUEST_EW,HOLD,False,NONE,HOLD,LLM_HOLD,0.0,,
1697,pressure,0,11,0,5,0.0,36.0,HOLD-REQUEST_EW,HOLD,False,NONE,HOLD,LLM_HOLD,0.0,,
1698,pressure,0,12,0,5,0.0,41.0,HOLD-REQUEST_EW,HOLD,False,NONE,HOLD,LLM_HOLD,0.0,,
1699,pressure,0,13,0,5,0.0,46.0,HOLD-REQUEST_EW,HOLD,False,NONE,HOLD,LLM_HOLD,0.0,,
1700,pressure,0,14,0,6,0.0,52.0,HOLD-REQUEST_EW,PRESSURE_DECISION,False,NONE,SWITCH,LLM_APPROVED,0.0,,
1701,pressure,1,0,0,6,0.0,58.0,HOLD,HOLD,False,NONE,HOLD,TRANSITION_IN_PROGRESS,0.0,,
1702,pressure,1,1,0,7,0.0,65.0,HOLD,HOLD,False,NONE,HOLD,TRANSITION_IN_PROGRESS,0.0,,
1703,pressure,1,2,0,8,0.0,73.0,HOLD,HOLD,False,NONE,HOLD,TRANSITION_IN_PROGRESS,0.0,,
1704,pressure,2,0,0,8,0.0,81.0,HOLD,HOLD,False,NONE,HOLD,TRANSITION_IN_PROGRESS,0.0,,
1705,pressure,2,1,0,8,0.0,89.0,HOLD,HOLD,False,NONE,HOLD,TRANSITION_IN_PROGRESS,0.0,,
1706,pressure,3,0,0,6,0.0,54.0,HOLD,HOLD,False,NONE,HOLD,LLM_HOLD,0.0,,
1707,pressure,3,1,0,4,0.0,30.0,HOLD,HOLD,False,NONE,HOLD,LLM_HOLD,0.0,,
1708,pressure,3,2,0,3,0.0,14.0,HOLD,HOLD,False,NONE,HOLD,LLM_HOLD,0.0,,
1709,pressure,3,3,2,1,2.0,2.0,HOLD,HOLD,False,NONE,HOLD,LLM_HOLD,0.0,,
1710,pressure,3,4,2,0,4.0,0.0,HOLD,HOLD,False,NONE,HOLD,LLM_HOLD,0.0,,
1711,pressure,3,5,2,0,6.0,0.0,HOLD,HOLD,False,NONE,HOLD,LLM_HOLD,0.0,,
1712,pressure,3,6,2,0,8.0,0.0,HOLD,HOLD,False,NONE,HOLD,LLM_HOLD,0.0,,
1713,pressure,3,7,2,0,10.0,0.0,HOLD,HOLD,False,NONE,HOLD,LLM_HOLD,0.0,,
1714,pressure,3,8,2,0,12.0,0.0,HOLD,HOLD,False,NONE,HOLD,LLM_HOLD,0.0,,
1715,pressure,3,9,2,0,14.0,0.0,HOLD-REQUEST_NS,HOLD,False,NONE,HOLD,LLM_HOLD,0.0,,
1716,pressure,3,10,4,0,18.0,0.0,HOLD-REQUEST_NS,HOLD,False,NONE,HOLD,LLM_HOLD,0.0,,
1717,pressure,3,11,4,0,22.0,0.0,HOLD-REQUEST_NS,HOLD,False,NONE,HOLD,LLM_HOLD,0.0,,
1718,pressure,3,12,4,0,26.0,0.0,HOLD-REQUEST_NS,HOLD,False,NONE,HOLD,LLM_HOLD,0.0,,
1719,pressure,3,13,5,0,31.0,0.0,HOLD-REQUEST_NS,HOLD,False,NONE,HOLD,LLM_HOLD,0.0,,
1720,pressure,3,14,5,0,36.0,0.0,HOLD-REQUEST_NS,PRESSURE_DECISION,False,NONE,SWITCH,LLM_APPROVED,0.0,,
1721,pressure,4,0,5,0,41.0,0.0,HOLD,HOLD,False,NONE,HOLD,TRANSITION_IN_PROGRESS,0.0,,
1722,pressure,4,1,6,0,47.0,0.0,HOLD,HOLD,False,NONE,HOLD,TRANSITION_IN_PROGRESS,0.0,,
1723,pressure,4,2,6,0,53.0,0.0,HOLD,HOLD,False,NONE,HOLD,TRANSITION_IN_PROGRESS,0.0,,
1724,pressure,5,0,6,0,59.0,0.0,HOLD,HOLD,False,NONE,HOLD,TRANSITION_IN_PROGRESS,0.0,,
1725,pressure,5,1,7,0,66.0,0.0,HOLD,HOLD,False,NONE,HOLD,TRANSITION_IN_PROGRESS,0.0,,
1726,pressure,0,0,6,0,38.0,0.0,HOLD,HOLD,False,NONE,HOLD,LLM_HOLD,0.0,,
1727,pressure,0,1,4,0,20.0,0.0,HOLD,HOLD,False,NONE,HOLD,LLM_HOLD,0.0,,
1728,pressure,0,2,2,1,7.0,1.0,HOLD,HOLD,False,NONE,HOLD,LLM_HOLD,0.0,,
1729,pressure,0,3,0,1,0.0,2.0,HOLD,HOLD,False,NONE,HOLD,LLM_HOLD,0.0,,
1730,pressure,0,4,0,1,0.0,3.0,HOLD,HOLD,False,NONE,HOLD,LLM_HOLD,0.0,,
1731,pressure,0,5,0,2,0.0,5.0,HOLD,HOLD,False,NONE,HOLD,LLM_HOLD,0.0,,
1732,pressure,0,6,0,2,0.0,7.0,HOLD,HOLD,False,NONE,HOLD,LLM_HOLD,0.0,,
1733,pressure,0,7,0,2,0.0,9.0,HOLD,HOLD,False,NONE,HOLD,LLM_HOLD,0.0,,
1734,pressure,0,8,0,2,0.0,11.0,HOLD,HOLD,False,NONE,HOLD,LLM_HOLD,0.0,,
1735,pressure,0,9,0,3,0.0,14.0,HOLD-REQUEST_EW,HOLD,False,NONE,HOLD,LLM_HOLD,0.0,,
1736,pressure,0,10,0,4,0.0,18.0,HOLD-REQUEST_EW,HOLD,False,NONE,HOLD,LLM_HOLD,0.0,,
1737,pressure,0,11,0,4,0.0,22.0,HOLD-REQUEST_EW,HOLD,False,NONE,HOLD,LLM_HOLD,0.0,,
1738,pressure,0,12,0,4,0.0,26.0,HOLD-REQUEST_EW,HOLD,False,NONE,HOLD,LLM_HOLD,0.0,,
1739,pressure,0,13,0,4,0.0,30.0,HOLD-REQUEST_EW,HOLD,False,NONE,HOLD,LLM_HOLD,0.0,,
1740,pressure,0,14,0,5,0.0,35.0,HOLD-REQUEST_EW,PRESSURE_DECISION,False,NONE,SWITCH,LLM_APPROVED,0.0,,
1741,pressure,1,0,0,6,0.0,41.0,HOLD,HOLD,False,NONE,HOLD,TRANSITION_IN_PROGRESS,0.0,,
1742,pressure,1,1,0,6,0.0,47.0,HOLD,HOLD,False,NONE,HOLD,TRANSITION_IN_PROGRESS,0.0,,
1743,pressure,1,2,0,6,0.0,53.0,HOLD,HOLD,False,NONE,HOLD,TRANSITION_IN_PROGRESS,0.0,,
1744,pressure,2,0,0,6,0.0,59.0,HOLD,HOLD,False,NONE,HOLD,TRANSITION_IN_PROGRESS,0.0,,
1745,pressure,2,1,1,6,1.0,65.0,HOLD,HOLD,False,NONE,HOLD,TRANSITION_IN_PROGRESS,0.0,,
1746,pressure,3,0,2,4,3.0,36.0,HOLD,HOLD,False,NONE,HOLD,LLM_HOLD,0.0,,
1747,pressure,3,1,2,4,5.0,17.0,HOLD,HOLD,False,NONE,HOLD,LLM_HOLD,0.0,,
1748,pressure,3,2,2,2,7.0,4.0,HOLD,HOLD,False,NONE,HOLD,LLM_HOLD,0.0,,
1749,pressure,3,3,2,0,9.0,0.0,HOLD,HOLD,False,NONE,HOLD,LLM_HOLD,0.0,,
1750,pressure,3,4,2,0,11.0,0.0,HOLD,HOLD,False,NONE,HOLD,LLM_HOLD,0.0,,
1751,pressure,3,5,2,0,13.0,0.0,HOLD,HOLD,False,NONE,HOLD,LLM_HOLD,0.0,,
1752,pressure,3,6,4,0,17.0,0.0,HOLD,HOLD,False,NONE,HOLD,LLM_HOLD,0.0,,
1753,pressure,3,7,4,0,21.0,0.0,HOLD,HOLD,False,NONE,HOLD,LLM_HOLD,0.0,,
1754,pressure,3,8,4,0,25.0,0.0,HOLD,HOLD,False,NONE,HOLD,LLM_HOLD,0.0,,
1755,pressure,3,9,5,0,30.0,0.0,HOLD-REQUEST_NS,HOLD,False,NONE,HOLD,LLM_HOLD,0.0,,
1756,pressure,3,10,5,0,35.0,0.0,HOLD-REQUEST_NS,HOLD,False,NONE,HOLD,LLM_HOLD,0.0,,
1757,pressure,3,11,6,0,41.0,0.0,HOLD-REQUEST_NS,HOLD,False,NONE,HOLD,LLM_HOLD,0.0,,
1758,pressure,3,12,6,0,47.0,0.0,HOLD-REQUEST_NS,HOLD,False,NONE,HOLD,LLM_HOLD,0.0,,
1759,pressure,3,13,6,0,53.0,0.0,HOLD-REQUEST_NS,HOLD,False,NONE,HOLD,LLM_HOLD,0.0,,
1760,pressure,3,14,6,0,59.0,0.0,HOLD-REQUEST_NS,PRESSURE_DECISION,False,NONE,SWITCH,LLM_APPROVED,0.0,,
1761,pressure,4,0,6,0,65.0,0.0,HOLD,HOLD,False,NONE,HOLD,TRANSITION_IN_PROGRESS,0.0,,
1762,pressure,4,1,8,0,73.0,0.0,HOLD,HOLD,False,NONE,HOLD,TRANSITION_IN_PROGRESS,0.0,,
1763,pressure,4,2,8,0,81.0,0.0,HOLD,HOLD,False,NONE,HOLD,TRANSITION_IN_PROGRESS,0.0,,
1764,pressure,5,0,8,0,89.0,0.0,HOLD,HOLD,False,NONE,HOLD,TRANSITION_IN_PROGRESS,0.0,,
1765,pressure,5,1,8,0,97.0,0.0,HOLD,HOLD,False,NONE,HOLD,TRANSITION_IN_PROGRESS,0.0,,
1766,pressure,0,0,7,0,63.0,0.0,HOLD,HOLD,False,NONE,HOLD,LLM_HOLD,0.0,,
1767,pressure,0,1,5,0,38.0,0.0,HOLD,HOLD,False,NONE,HOLD,LLM_HOLD,0.0,,
1768,pressure,0,2,4,2,18.0,2.0,HOLD,HOLD,False,NONE,HOLD,LLM_HOLD,0.0,,
1769,pressure,0,3,2,2,6.0,4.0,HOLD,HOLD,False,NONE,HOLD,LLM_HOLD,0.0,,
1770,pressure,0,4,0,2,0.0,6.0,HOLD,HOLD,False,NONE,HOLD,LLM_HOLD,0.0,,
1771,pressure,0,5,0,2,0.0,8.0,HOLD,HOLD,False,NONE,HOLD,LLM_HOLD,0.0,,
1772,pressure,0,6,0,2,0.0,10.0,HOLD,HOLD,False,NONE,HOLD,LLM_HOLD,0.0,,
1773,pressure,0,7,0,3,0.0,13.0,HOLD,HOLD,False,NONE,HOLD,LLM_HOLD,0.0,,
1774,pressure,0,8,0,4,0.0,17.0,HOLD,HOLD,False,NONE,HOLD,LLM_HOLD,0.0,,
1775,pressure,0,9,0,4,0.0,21.0,HOLD-REQUEST_EW,HOLD,False,NONE,HOLD,LLM_HOLD,0.0,,
1776,pressure,0,10,0,4,0.0,25.0,HOLD-REQUEST_EW,HOLD,False,NONE,HOLD,LLM_HOLD,0.0,,
1777,pressure,0,11,0,4,0.0,29.0,HOLD-REQUEST_EW,HOLD,False,NONE,HOLD,LLM_HOLD,0.0,,
1778,pressure,0,12,0,4,0.0,33.0,HOLD-REQUEST_EW,HOLD,False,NONE,HOLD,LLM_HOLD,0.0,,
1779,pressure,0,13,0,6,0.0,39.0,HOLD-REQUEST_EW,HOLD,False,NONE,HOLD,LLM_HOLD,0.0,,
1780,pressure,0,14,0,6,0.0,45.0,HOLD-REQUEST_EW,PRESSURE_DECISION,False,NONE,SWITCH,LLM_APPROVED,0.0,,
1781,pressure,1,0,0,6,0.0,51.0,HOLD,HOLD,False,NONE,HOLD,TRANSITION_IN_PROGRESS,0.0,,
1782,pressure,1,1,0,6,0.0,57.0,HOLD,HOLD,False,NONE,HOLD,TRANSITION_IN_PROGRESS,0.0,,
1783,pressure,1,2,0,6,0.0,63.0,HOLD,HOLD,False,NONE,HOLD,TRANSITION_IN_PROGRESS,0.0,,
1784,pressure,2,0,0,6,0.0,69.0,HOLD,HOLD,False,NONE,HOLD,TRANSITION_IN_PROGRESS,0.0,,
1785,pressure,2,1,0,8,0.0,77.0,HOLD,HOLD,False,NONE,HOLD,TRANSITION_IN_PROGRESS,0.0,,
1786,pressure,3,0,0,6,0.0,47.0,HOLD,HOLD,False,NONE,HOLD,LLM_HOLD,0.0,,
1787,pressure,3,1,0,4,0.0,24.0,HOLD,HOLD,False,NONE,HOLD,LLM_HOLD,0.0,,
1788,pressure,3,2,2,2,2.0,8.0,HOLD,HOLD,False,NONE,HOLD,LLM_HOLD,0.0,,
1789,pressure,3,3,2,0,4.0,0.0,HOLD,HOLD,False,NONE,HOLD,LLM_HOLD,0.0,,
1790,pressure,3,4,2,0,6.0,0.0,HOLD,HOLD,False,NONE,HOLD,LLM_HOLD,0.0,,
1791,pressure,3,5,2,0,8.0,0.0,HOLD,HOLD,False,NONE,HOLD,LLM_HOLD,0.0,,
1792,pressure,3,6,3,0,11.0,0.0,HOLD,HOLD,False,NONE,HOLD,LLM_HOLD,0.0,,
1793,pressure,3,7,3,0,14.0,0.0,HOLD,HOLD,False,NONE,HOLD,LLM_HOLD,0.0,,
1794,pressure,3,8,3,0,17.0,0.0,HOLD,HOLD,False,NONE,HOLD,LLM_HOLD,0.0,,
1795,pressure,3,9,4,0,21.0,0.0,HOLD-REQUEST_NS,HOLD,False,NONE,HOLD,LLM_HOLD,0.0,,
1796,pressure,3,10,4,0,25.0,0.0,HOLD-REQUEST_NS,HOLD,False,NONE,HOLD,LLM_HOLD,0.0,,
1797,pressure,3,11,4,0,29.0,0.0,HOLD-REQUEST_NS,HOLD,False,NONE,HOLD,LLM_HOLD,0.0,,
1798,pressure,3,12,5,0,34.0,0.0,HOLD-REQUEST_NS,HOLD,False,NONE,HOLD,LLM_HOLD,0.0,,
1799,pressure,3,13,5,0,39.0,0.0,HOLD-REQUEST_NS,HOLD,False,NONE,HOLD,LLM_HOLD,0.0,,
1800,pressure,3,14,6,0,45.0,0.0,HOLD-REQUEST_NS,PRESSURE_DECISION,False,NONE,SWITCH,LLM_APPROVED,0.0,,
1801,pressure,4,0,6,0,51.0,0.0,HOLD,HOLD,False,NONE,HOLD,TRANSITION_IN_PROGRESS,0.0,,
1802,pressure,4,1,6,0,57.0,0.0,HOLD,HOLD,False,NONE,HOLD,TRANSITION_IN_PROGRESS,0.0,,
1803,pressure,4,2,6,0,63.0,0.0,HOLD,HOLD,False,NONE,HOLD,TRANSITION_IN_PROGRESS,0.0,,
1804,pressure,5,0,6,0,69.0,0.0,HOLD,HOLD,False,NONE,HOLD,TRANSITION_IN_PROGRESS,0.0,,
1805,pressure,5,1,8,2,77.0,2.0,HOLD,HOLD,False,NONE,HOLD,TRANSITION_IN_PROGRESS,0.0,,
1806,pressure,0,0,6,2,47.0,4.0,HOLD,HOLD,False,NONE,HOLD,LLM_HOLD,0.0,,
1807,pressure,0,1,4,2,24.0,6.0,HOLD,HOLD,False,NONE,HOLD,LLM_HOLD,0.0,,
1808,pressure,0,2,2,2,8.0,8.0,HOLD,HOLD,False,NONE,HOLD,LLM_HOLD,0.0,,
1809,pressure,0,3,0,2,0.0,10.0,HOLD,HOLD,False,NONE,HOLD,LLM_HOLD,0.0,,
1810,pressure,0,4,0,2,0.0,12.0,HOLD,HOLD,False,NONE,HOLD,LLM_HOLD,0.0,,
1811,pressure,0,5,0,2,0.0,14.0,HOLD,HOLD,False,NONE,HOLD,LLM_HOLD,0.0,,
1812,pressure,0,6,0,3,0.0,17.0,HOLD,HOLD,False,NONE,HOLD,LLM_HOLD,0.0,,
1813,pressure,0,7,0,3,0.0,20.0,HOLD,HOLD,False,NONE,HOLD,LLM_HOLD,0.0,,
1814,pressure,0,8,0,4,0.0,24.0,HOLD,HOLD,False,NONE,HOLD,LLM_HOLD,0.0,,
1815,pressure,0,9,0,4,0.0,28.0,HOLD-REQUEST_EW,HOLD,False,NONE,HOLD,LLM_HOLD,0.0,,
1816,pressure,0,10,0,4,0.0,32.0,HOLD-REQUEST_EW,HOLD,False,NONE,HOLD,LLM_HOLD,0.0,,
1817,pressure,0,11,0,5,0.0,37.0,HOLD-REQUEST_EW,HOLD,False,NONE,HOLD,LLM_HOLD,0.0,,
1818,pressure,0,12,0,5,0.0,42.0,HOLD-REQUEST_EW,HOLD,False,NONE,HOLD,LLM_HOLD,0.0,,
1819,pressure,0,13,0,6,0.0,48.0,HOLD-REQUEST_EW,HOLD,False,NONE,HOLD,LLM_HOLD,0.0,,
1820,pressure,0,14,0,6,0.0,54.0,HOLD-REQUEST_EW,PRESSURE_DECISION,False,NONE,SWITCH,LLM_APPROVED,0.0,,
1821,pressure,1,0,0,6,0.0,60.0,HOLD,HOLD,False,NONE,HOLD,TRANSITION_IN_PROGRESS,0.0,,
1822,pressure,1,1,0,7,0.0,67.0,HOLD,HOLD,False,NONE,HOLD,TRANSITION_IN_PROGRESS,0.0,,
1823,pressure,1,2,0,8,0.0,75.0,HOLD,HOLD,False,NONE,HOLD,TRANSITION_IN_PROGRESS,0.0,,
1824,pressure,2,0,0,8,0.0,83.0,HOLD,HOLD,False,NONE,HOLD,TRANSITION_IN_PROGRESS,0.0,,
1825,pressure,2,1,0,8,0.0,91.0,HOLD,HOLD,False,NONE,HOLD,TRANSITION_IN_PROGRESS,0.0,,
1826,pressure,3,0,0,6,0.0,55.0,HOLD,HOLD,False,NONE,HOLD,LLM_HOLD,0.0,,
1827,pressure,3,1,0,4,0.0,31.0,HOLD,HOLD,False,NONE,HOLD,LLM_HOLD,0.0,,
1828,pressure,3,2,1,2,1.0,13.0,HOLD,HOLD,False,NONE,HOLD,LLM_HOLD,0.0,,
1829,pressure,3,3,2,2,3.0,2.0,HOLD,HOLD,False,NONE,HOLD,LLM_HOLD,0.0,,
1830,pressure,3,4,2,0,5.0,0.0,HOLD,HOLD,False,NONE,HOLD,LLM_HOLD,0.0,,
1831,pressure,3,5,2,0,7.0,0.0,HOLD,HOLD,False,NONE,HOLD,LLM_HOLD,0.0,,
1832,pressure,3,6,2,0,9.0,0.0,HOLD,HOLD,False,NONE,HOLD,LLM_HOLD,0.0,,
1833,pressure,3,7,2,0,11.0,0.0,HOLD,HOLD,False,NONE,HOLD,LLM_HOLD,0.0,,
1834,pressure,3,8,2,0,13.0,0.0,HOLD,HOLD,False,NONE,HOLD,LLM_HOLD,0.0,,
1835,pressure,3,9,2,0,15.0,0.0,HOLD-REQUEST_NS,HOLD,False,NONE,HOLD,LLM_HOLD,0.0,,
1836,pressure,3,10,4,0,19.0,0.0,HOLD-REQUEST_NS,HOLD,False,NONE,HOLD,LLM_HOLD,0.0,,
1837,pressure,3,11,4,0,23.0,0.0,HOLD-REQUEST_NS,HOLD,False,NONE,HOLD,LLM_HOLD,0.0,,
1838,pressure,3,12,4,0,27.0,0.0,HOLD-REQUEST_NS,HOLD,False,NONE,HOLD,LLM_HOLD,0.0,,
1839,pressure,3,13,4,0,31.0,0.0,HOLD-REQUEST_NS,HOLD,False,NONE,HOLD,LLM_HOLD,0.0,,
1840,pressure,3,14,6,0,37.0,0.0,HOLD-REQUEST_NS,PRESSURE_DECISION,False,NONE,SWITCH,LLM_APPROVED,0.0,,
1841,pressure,4,0,6,0,43.0,0.0,HOLD,HOLD,False,NONE,HOLD,TRANSITION_IN_PROGRESS,0.0,,
1842,pressure,4,1,6,0,49.0,0.0,HOLD,HOLD,False,NONE,HOLD,TRANSITION_IN_PROGRESS,0.0,,
1843,pressure,4,2,6,1,55.0,1.0,HOLD,HOLD,False,NONE,HOLD,TRANSITION_IN_PROGRESS,0.0,,
1844,pressure,5,0,6,2,61.0,3.0,HOLD,HOLD,False,NONE,HOLD,TRANSITION_IN_PROGRESS,0.0,,
1845,pressure,5,1,7,2,68.0,5.0,HOLD,HOLD,False,NONE,HOLD,TRANSITION_IN_PROGRESS,0.0,,
1846,pressure,0,0,5,2,38.0,7.0,HOLD,HOLD,False,NONE,HOLD,LLM_HOLD,0.0,,
1847,pressure,0,1,4,2,20.0,9.0,HOLD,HOLD,False,NONE,HOLD,LLM_HOLD,0.0,,
1848,pressure,0,2,2,2,6.0,11.0,HOLD,HOLD,False,NONE,HOLD,LLM_HOLD,0.0,,
1849,pressure,0,3,0,3,0.0,14.0,HOLD,HOLD,False,NONE,HOLD,LLM_HOLD,0.0,,
1850,pressure,0,4,0,3,0.0,17.0,HOLD,HOLD,False,NONE,HOLD,LLM_HOLD,0.0,,
1851,pressure,0,5,0,4,0.0,21.0,HOLD,HOLD,False,NONE,HOLD,LLM_HOLD,0.0,,
1852,pressure,0,6,0,4,0.0,25.0,HOLD,HOLD,False,NONE,HOLD,LLM_HOLD,0.0,,
1853,pressure,0,7,0,4,0.0,29.0,HOLD,HOLD,False,NONE,HOLD,LLM_HOLD,0.0,,
1854,pressure,0,8,0,4,0.0,33.0,HOLD,HOLD,False,NONE,HOLD,LLM_HOLD,0.0,,
1855,pressure,0,9,0,4,0.0,37.0,HOLD-REQUEST_EW,HOLD,False,NONE,HOLD,LLM_HOLD,0.0,,
1856,pressure,0,10,0,5,0.0,42.0,HOLD-REQUEST_EW,HOLD,False,NONE,HOLD,LLM_HOLD,0.0,,
1857,pressure,0,11,0,6,0.0,48.0,HOLD-REQUEST_EW,HOLD,False,NONE,HOLD,LLM_HOLD,0.0,,
1858,pressure,0,12,0,6,0.0,54.0,HOLD-REQUEST_EW,HOLD,False,NONE,HOLD,LLM_HOLD,0.0,,
1859,pressure,0,13,0,6,0.0,60.0,HOLD-REQUEST_EW,HOLD,False,NONE,HOLD,LLM_HOLD,0.0,,
1860,pressure,0,14,0,7,0.0,67.0,HOLD-REQUEST_EW,PRESSURE_DECISION,False,NONE,SWITCH,LLM_APPROVED,0.0,,
1861,pressure,1,0,0,7,0.0,74.0,HOLD,HOLD,False,NONE,HOLD,TRANSITION_IN_PROGRESS,0.0,,
1862,pressure,1,1,0,8,0.0,82.0,HOLD,HOLD,False,NONE,HOLD,TRANSITION_IN_PROGRESS,0.0,,
1863,pressure,1,2,0,8,0.0,90.0,HOLD,HOLD,False,NONE,HOLD,TRANSITION_IN_PROGRESS,0.0,,
1864,pressure,2,0,1,8,1.0,98.0,HOLD,HOLD,False,NONE,HOLD,TRANSITION_IN_PROGRESS,0.0,,
1865,pressure,2,1,2,9,3.0,107.0,HOLD,HOLD,False,NONE,HOLD,TRANSITION_IN_PROGRESS,0.0,,
1866,pressure,3,0,2,7,5.0,69.0,HOLD,HOLD,False,NONE,HOLD,LLM_HOLD,0.0,,
1867,pressure,3,1,2,6,7.0,41.0,HOLD,HOLD,False,NONE,HOLD,LLM_HOLD,0.0,,
1868,pressure,3,2,2,4,9.0,22.0,HOLD,HOLD,False,NONE,HOLD,LLM_HOLD,0.0,,
1869,pressure,3,3,2,2,11.0,8.0,HOLD,HOLD,False,NONE,HOLD,LLM_HOLD,0.0,,
1870,pressure,3,4,3,0,14.0,0.0,HOLD,HOLD,False,NONE,HOLD,LLM_HOLD,0.0,,
1871,pressure,3,5,4,0,18.0,0.0,HOLD,HOLD,False,NONE,HOLD,LLM_HOLD,0.0,,
1872,pressure,3,6,4,0,22.0,0.0,HOLD,HOLD,False,NONE,HOLD,LLM_HOLD,0.0,,
1873,pressure,3,7,4,0,26.0,0.0,HOLD,HOLD,False,NONE,HOLD,LLM_HOLD,0.0,,
1874,pressure,3,8,4,0,30.0,0.0,HOLD,HOLD,False,NONE,HOLD,LLM_HOLD,0.0,,
1875,pressure,3,9,4,0,34.0,0.0,HOLD-REQUEST_NS,HOLD,False,NONE,HOLD,LLM_HOLD,0.0,,
1876,pressure,3,10,4,0,38.0,0.0,HOLD-REQUEST_NS,HOLD,False,NONE,HOLD,LLM_HOLD,0.0,,
1877,pressure,3,11,6,0,44.0,0.0,HOLD-REQUEST_NS,HOLD,False,NONE,HOLD,LLM_HOLD,0.0,,
1878,pressure,3,12,6,0,50.0,0.0,HOLD-REQUEST_NS,HOLD,False,NONE,HOLD,LLM_HOLD,0.0,,
1879,pressure,3,13,6,0,56.0,0.0,HOLD-REQUEST_NS,HOLD,False,NONE,HOLD,LLM_HOLD,0.0,,
1880,pressure,3,14,6,0,62.0,0.0,HOLD-REQUEST_NS,PRESSURE_DECISION,False,NONE,SWITCH,LLM_APPROVED,0.0,,
1881,pressure,4,0,6,0,68.0,0.0,HOLD,HOLD,False,NONE,HOLD,TRANSITION_IN_PROGRESS,0.0,,
1882,pressure,4,1,7,0,75.0,0.0,HOLD,HOLD,False,NONE,HOLD,TRANSITION_IN_PROGRESS,0.0,,
1883,pressure,4,2,8,0,83.0,0.0,HOLD,HOLD,False,NONE,HOLD,TRANSITION_IN_PROGRESS,0.0,,
1884,pressure,5,0,8,0,91.0,0.0,HOLD,HOLD,False,NONE,HOLD,TRANSITION_IN_PROGRESS,0.0,,
1885,pressure,5,1,8,0,99.0,0.0,HOLD,HOLD,False,NONE,HOLD,TRANSITION_IN_PROGRESS,0.0,,
1886,pressure,0,0,6,0,62.0,0.0,HOLD,HOLD,False,NONE,HOLD,LLM_HOLD,0.0,,
1887,pressure,0,1,5,1,34.0,1.0,HOLD,HOLD,False,NONE,HOLD,LLM_HOLD,0.0,,
1888,pressure,0,2,4,1,16.0,2.0,HOLD,HOLD,False,NONE,HOLD,LLM_HOLD,0.0,,
1889,pressure,0,3,2,2,5.0,4.0,HOLD,HOLD,False,NONE,HOLD,LLM_HOLD,0.0,,
1890,pressure,0,4,0,2,0.0,6.0,HOLD,HOLD,False,NONE,HOLD,LLM_HOLD,0.0,,
1891,pressure,0,5,0,2,0.0,8.0,HOLD,HOLD,False,NONE,HOLD,LLM_HOLD,0.0,,
1892,pressure,0,6,0,2,0.0,10.0,HOLD,HOLD,False,NONE,HOLD,LLM_HOLD,0.0,,
1893,pressure,0,7,0,2,0.0,12.0,HOLD,HOLD,False,NONE,HOLD,LLM_HOLD,0.0,,
1894,pressure,0,8,0,2,0.0,14.0,HOLD,HOLD,False,NONE,HOLD,LLM_HOLD,0.0,,
1895,pressure,0,9,0,4,0.0,18.0,HOLD-REQUEST_EW,HOLD,False,NONE,HOLD,LLM_HOLD,0.0,,
1896,pressure,0,10,0,4,0.0,22.0,HOLD-REQUEST_EW,HOLD,False,NONE,HOLD,LLM_HOLD,0.0,,
1897,pressure,0,11,0,4,0.0,26.0,HOLD-REQUEST_EW,HOLD,False,NONE,HOLD,LLM_HOLD,0.0,,
1898,pressure,0,12,0,4,0.0,30.0,HOLD-REQUEST_EW,HOLD,False,NONE,HOLD,LLM_HOLD,0.0,,
1899,pressure,0,13,0,5,0.0,35.0,HOLD-REQUEST_EW,HOLD,False,NONE,HOLD,LLM_HOLD,0.0,,
1900,pressure,0,14,0,6,0.0,41.0,HOLD-REQUEST_EW,PRESSURE_DECISION,False,NONE,SWITCH,LLM_APPROVED,0.0,,
1901,pressure,1,0,0,6,0.0,47.0,HOLD,HOLD,False,NONE,HOLD,TRANSITION_IN_PROGRESS,0.0,,
1902,pressure,1,1,0,6,0.0,53.0,HOLD,HOLD,False,NONE,HOLD,TRANSITION_IN_PROGRESS,0.0,,
1903,pressure,1,2,0,6,0.0,59.0,HOLD,HOLD,False,NONE,HOLD,TRANSITION_IN_PROGRESS,0.0,,
1904,pressure,2,0,0,6,0.0,65.0,HOLD,HOLD,False,NONE,HOLD,TRANSITION_IN_PROGRESS,0.0,,
1905,pressure,2,1,0,8,0.0,73.0,HOLD,HOLD,False,NONE,HOLD,TRANSITION_IN_PROGRESS,0.0,,
1906,pressure,3,0,0,6,0.0,43.0,HOLD,HOLD,False,NONE,HOLD,LLM_HOLD,0.0,,
1907,pressure,3,1,0,4,0.0,23.0,HOLD,HOLD,False,NONE,HOLD,LLM_HOLD,0.0,,
1908,pressure,3,2,1,2,1.0,8.0,HOLD,HOLD,False,NONE,HOLD,LLM_HOLD,0.0,,
1909,pressure,3,3,2,0,3.0,0.0,HOLD,HOLD,False,NONE,HOLD,LLM_HOLD,0.0,,
1910,pressure,3,4,2,0,5.0,0.0,HOLD,HOLD,False,NONE,HOLD,LLM_HOLD,0.0,,
1911,pressure,3,5,2,0,7.0,0.0,HOLD,HOLD,False,NONE,HOLD,LLM_HOLD,0.0,,
1912,pressure,3,6,2,0,9.0,0.0,HOLD,HOLD,False,NONE,HOLD,LLM_HOLD,0.0,,
1913,pressure,3,7,2,0,11.0,0.0,HOLD,HOLD,False,NONE,HOLD,LLM_HOLD,0.0,,
1914,pressure,3,8,4,0,15.0,0.0,HOLD,HOLD,False,NONE,HOLD,LLM_HOLD,0.0,,
1915,pressure,3,9,4,0,19.0,0.0,HOLD-REQUEST_NS,HOLD,False,NONE,HOLD,LLM_HOLD,0.0,,
1916,pressure,3,10,4,0,23.0,0.0,HOLD-REQUEST_NS,HOLD,False,NONE,HOLD,LLM_HOLD,0.0,,
1917,pressure,3,11,5,0,28.0,0.0,HOLD-REQUEST_NS,HOLD,False,NONE,HOLD,LLM_HOLD,0.0,,
1918,pressure,3,12,5,0,33.0,0.0,HOLD-REQUEST_NS,HOLD,False,NONE,HOLD,LLM_HOLD,0.0,,
1919,pressure,3,13,6,0,39.0,0.0,HOLD-REQUEST_NS,HOLD,False,NONE,HOLD,LLM_HOLD,0.0,,
1920,pressure,3,14,6,0,45.0,0.0,HOLD-REQUEST_NS,PRESSURE_DECISION,False,NONE,SWITCH,LLM_APPROVED,0.0,,
1921,pressure,4,0,6,0,51.0,0.0,HOLD,HOLD,False,NONE,HOLD,TRANSITION_IN_PROGRESS,0.0,,
1922,pressure,4,1,6,0,57.0,0.0,HOLD,HOLD,False,NONE,HOLD,TRANSITION_IN_PROGRESS,0.0,,
1923,pressure,4,2,8,0,65.0,0.0,HOLD,HOLD,False,NONE,HOLD,TRANSITION_IN_PROGRESS,0.0,,
1924,pressure,5,0,8,0,73.0,0.0,HOLD,HOLD,False,NONE,HOLD,TRANSITION_IN_PROGRESS,0.0,,
1925,pressure,5,1,8,0,81.0,0.0,HOLD,HOLD,False,NONE,HOLD,TRANSITION_IN_PROGRESS,0.0,,
1926,pressure,0,0,6,1,52.0,1.0,HOLD,HOLD,False,NONE,HOLD,LLM_HOLD,0.0,,
1927,pressure,0,1,4,2,30.0,3.0,HOLD,HOLD,False,NONE,HOLD,LLM_HOLD,0.0,,
1928,pressure,0,2,2,2,12.0,5.0,HOLD,HOLD,False,NONE,HOLD,LLM_HOLD,0.0,,
1929,pressure,0,3,0,2,0.0,7.0,HOLD,HOLD,False,NONE,HOLD,LLM_HOLD,0.0,,
1930,pressure,0,4,0,2,0.0,9.0,HOLD,HOLD,False,NONE,HOLD,LLM_HOLD,0.0,,
1931,pressure,0,5,0,2,0.0,11.0,HOLD,HOLD,False,NONE,HOLD,LLM_HOLD,0.0,,
1932,pressure,0,6,0,4,0.0,15.0,HOLD,HOLD,False,NONE,HOLD,LLM_HOLD,0.0,,
1933,pressure,0,7,0,4,0.0,19.0,HOLD,HOLD,False,NONE,HOLD,LLM_HOLD,0.0,,
1934,pressure,0,8,0,4,0.0,23.0,HOLD,HOLD,False,NONE,HOLD,LLM_HOLD,0.0,,
1935,pressure,0,9,0,4,0.0,27.0,HOLD-REQUEST_EW,HOLD,False,NONE,HOLD,LLM_HOLD,0.0,,
1936,pressure,0,10,0,4,0.0,31.0,HOLD-REQUEST_EW,HOLD,False,NONE,HOLD,LLM_HOLD,0.0,,
1937,pressure,0,11,0,5,0.0,36.0,HOLD-REQUEST_EW,HOLD,False,NONE,HOLD,LLM_HOLD,0.0,,
1938,pressure,0,12,0,6,0.0,42.0,HOLD-REQUEST_EW,HOLD,False,NONE,HOLD,LLM_HOLD,0.0,,
1939,pressure,0,13,0,6,0.0,48.0,HOLD-REQUEST_EW,HOLD,False,NONE,HOLD,LLM_HOLD,0.0,,
1940,pressure,0,14,0,6,0.0,54.0,HOLD-REQUEST_EW,PRESSURE_DECISION,False,NONE,SWITCH,LLM_APPROVED,0.0,,
1941,pressure,1,0,0,7,0.0,61.0,HOLD,HOLD,False,NONE,HOLD,TRANSITION_IN_PROGRESS,0.0,,
1942,pressure,1,1,0,7,0.0,68.0,HOLD,HOLD,False,NONE,HOLD,TRANSITION_IN_PROGRESS,0.0,,
1943,pressure,1,2,0,7,0.0,75.0,HOLD,HOLD,False,NONE,HOLD,TRANSITION_IN_PROGRESS,0.0,,
1944,pressure,2,0,0,8,0.0,83.0,HOLD,HOLD,False,NONE,HOLD,TRANSITION_IN_PROGRESS,0.0,,
1945,pressure,2,1,0,8,0.0,91.0,HOLD,HOLD,False,NONE,HOLD,TRANSITION_IN_PROGRESS,0.0,,
1946,pressure,3,0,0,6,0.0,58.0,HOLD,HOLD,False,NONE,HOLD,LLM_HOLD,0.0,,
1947,pressure,3,1,0,4,0.0,32.0,HOLD,HOLD,False,NONE,HOLD,LLM_HOLD,0.0,,
1948,pressure,3,2,0,2,0.0,13.0,HOLD,HOLD,False,NONE,HOLD,LLM_HOLD,0.0,,
1949,pressure,3,3,0,1,0.0,1.0,HOLD,HOLD,False,NONE,HOLD,LLM_HOLD,0.0,,
1950,pressure,3,4,1,0,1.0,0.0,HOLD,HOLD,False,NONE,HOLD,LLM_HOLD,0.0,,
1951,pressure,3,5,2,0,3.0,0.0,HOLD,HOLD,False,NONE,HOLD,LLM_HOLD,0.0,,
1952,pressure,3,6,2,0,5.0,0.0,HOLD,HOLD,False,NONE,HOLD,LLM_HOLD,0.0,,
1953,pressure,3,7,2,0,7.0,0.0,HOLD,HOLD,False,NONE,HOLD,LLM_HOLD,0.0,,
1954,pressure,3,8,3,0,10.0,0.0,HOLD,HOLD,False,NONE,HOLD,LLM_HOLD,0.0,,
1955,pressure,3,9,4,0,14.0,0.0,HOLD-REQUEST_NS,HOLD,False,NONE,HOLD,LLM_HOLD,0.0,,
1956,pressure,3,10,4,0,18.0,0.0,HOLD-REQUEST_NS,HOLD,False,NONE,HOLD,LLM_HOLD,0.0,,
1957,pressure,3,11,4,0,22.0,0.0,HOLD-REQUEST_NS,HOLD,False,NONE,HOLD,LLM_HOLD,0.0,,
1958,pressure,3,12,4,0,26.0,0.0,HOLD-REQUEST_NS,HOLD,False,NONE,HOLD,LLM_HOLD,0.0,,
1959,pressure,3,13,5,0,31.0,0.0,HOLD-REQUEST_NS,HOLD,False,NONE,HOLD,LLM_HOLD,0.0,,
1960,pressure,3,14,6,0,37.0,0.0,HOLD-REQUEST_NS,PRESSURE_DECISION,False,NONE,SWITCH,LLM_APPROVED,0.0,,
1961,pressure,4,0,6,0,43.0,0.0,HOLD,HOLD,False,NONE,HOLD,TRANSITION_IN_PROGRESS,0.0,,
1962,pressure,4,1,6,0,49.0,0.0,HOLD,HOLD,False,NONE,HOLD,TRANSITION_IN_PROGRESS,0.0,,
1963,pressure,4,2,6,0,55.0,0.0,HOLD,HOLD,False,NONE,HOLD,TRANSITION_IN_PROGRESS,0.0,,
1964,pressure,5,0,6,0,61.0,0.0,HOLD,HOLD,False,NONE,HOLD,TRANSITION_IN_PROGRESS,0.0,,
1965,pressure,5,1,6,1,67.0,1.0,HOLD,HOLD,False,NONE,HOLD,TRANSITION_IN_PROGRESS,0.0,,
1966,pressure,0,0,6,1,42.0,2.0,HOLD,HOLD,False,NONE,HOLD,LLM_HOLD,0.0,,
1967,pressure,0,1,4,1,21.0,3.0,HOLD,HOLD,False,NONE,HOLD,LLM_HOLD,0.0,,
1968,pressure,0,2,2,1,6.0,4.0,HOLD,HOLD,False,NONE,HOLD,LLM_HOLD,0.0,,
1969,pressure,0,3,0,3,0.0,7.0,HOLD,HOLD,False,NONE,HOLD,LLM_HOLD,0.0,,
1970,pressure,0,4,0,3,0.0,10.0,HOLD,HOLD,False,NONE,HOLD,LLM_HOLD,0.0,,
1971,pressure,0,5,0,3,0.0,13.0,HOLD,HOLD,False,NONE,HOLD,LLM_HOLD,0.0,,
1972,pressure,0,6,0,3,0.0,16.0,HOLD,HOLD,False,NONE,HOLD,LLM_HOLD,0.0,,
1973,pressure,0,7,0,3,0.0,19.0,HOLD,HOLD,False,NONE,HOLD,LLM_HOLD,0.0,,
1974,pressure,0,8,0,3,0.0,22.0,HOLD,HOLD,False,NONE,HOLD,LLM_HOLD,0.0,,
1975,pressure,0,9,0,3,0.0,25.0,HOLD-REQUEST_EW,HOLD,False,NONE,HOLD,LLM_HOLD,0.0,,
1976,pressure,0,10,0,4,0.0,29.0,HOLD-REQUEST_EW,HOLD,False,NONE,HOLD,LLM_HOLD,0.0,,
1977,pressure,0,11,0,5,0.0,34.0,HOLD-REQUEST_EW,HOLD,False,NONE,HOLD,LLM_HOLD,0.0,,
1978,pressure,0,12,0,5,0.0,39.0,HOLD-REQUEST_EW,HOLD,False,NONE,HOLD,LLM_HOLD,0.0,,
1979,pressure,0,13,0,5,0.0,44.0,HOLD-REQUEST_EW,HOLD,False,NONE,HOLD,LLM_HOLD,0.0,,
1980,pressure,0,14,0,5,0.0,49.0,HOLD-REQUEST_EW,PRESSURE_DECISION,False,NONE,SWITCH,LLM_APPROVED,0.0,,
1981,pressure,1,0,0,6,0.0,55.0,HOLD,HOLD,False,NONE,HOLD,TRANSITION_IN_PROGRESS,0.0,,
1982,pressure,1,1,0,7,0.0,62.0,HOLD,HOLD,False,NONE,HOLD,TRANSITION_IN_PROGRESS,0.0,,
1983,pressure,1,2,0,7,0.0,69.0,HOLD,HOLD,False,NONE,HOLD,TRANSITION_IN_PROGRESS,0.0,,
1984,pressure,2,0,0,7,0.0,76.0,HOLD,HOLD,False,NONE,HOLD,TRANSITION_IN_PROGRESS,0.0,,
1985,pressure,2,1,1,7,1.0,83.0,HOLD,HOLD,False,NONE,HOLD,TRANSITION_IN_PROGRESS,0.0,,
1986,pressure,3,0,2,7,3.0,52.0,HOLD,HOLD,False,NONE,HOLD,LLM_HOLD,0.0,,
1987,pressure,3,1,2,5,5.0,29.0,HOLD,HOLD,False,NONE,HOLD,LLM_HOLD,0.0,,
1988,pressure,3,2,2,3,7.0,14.0,HOLD,HOLD,False,NONE,HOLD,LLM_HOLD,0.0,,
1989,pressure,3,3,2,1,9.0,4.0,HOLD,HOLD,False,NONE,HOLD,LLM_HOLD,0.0,,
1990,pressure,3,4,3,0,12.0,0.0,HOLD,HOLD,False,NONE,HOLD,LLM_HOLD,0.0,,
1991,pressure,3,5,3,0,15.0,0.0,HOLD,HOLD,False,NONE,HOLD,LLM_HOLD,0.0,,
1992,pressure,3,6,4,0,19.0,0.0,HOLD,HOLD,False,NONE,HOLD,LLM_HOLD,0.0,,
1993,pressure,3,7,4,0,23.0,0.0,HOLD,HOLD,False,NONE,HOLD,LLM_HOLD,0.0,,
1994,pressure,3,8,4,0,27.0,0.0,HOLD,HOLD,False,NONE,HOLD,LLM_HOLD,0.0,,
1995,pressure,3,9,4,0,31.0,0.0,HOLD-REQUEST_NS,HOLD,False,NONE,HOLD,LLM_HOLD,0.0,,
1996,pressure,3,10,5,0,36.0,0.0,HOLD-REQUEST_NS,HOLD,False,NONE,HOLD,LLM_HOLD,0.0,,
1997,pressure,3,11,6,0,42.0,0.0,HOLD-REQUEST_NS,HOLD,False,NONE,HOLD,LLM_HOLD,0.0,,
1998,pressure,3,12,6,0,48.0,0.0,HOLD-REQUEST_NS,HOLD,False,NONE,HOLD,LLM_HOLD,0.0,,
1999,pressure,3,13,6,0,54.0,0.0,HOLD-REQUEST_NS,HOLD,False,NONE,HOLD,LLM_HOLD,0.0,,
2000,pressure,3,14,6,0,60.0,0.0,HOLD-REQUEST_NS,PRESSURE_DECISION,False,NONE,SWITCH,LLM_APPROVED,0.0,,
2001,pressure,4,0,6,0,66.0,0.0,HOLD,HOLD,False,NONE,HOLD,TRANSITION_IN_PROGRESS,0.0,,
2002,pressure,4,1,6,0,72.0,0.0,HOLD,HOLD,False,NONE,HOLD,TRANSITION_IN_PROGRESS,0.0,,
2003,pressure,4,2,8,0,80.0,0.0,HOLD,HOLD,False,NONE,HOLD,TRANSITION_IN_PROGRESS,0.0,,
2004,pressure,5,0,8,0,88.0,0.0,HOLD,HOLD,False,NONE,HOLD,TRANSITION_IN_PROGRESS,0.0,,
2005,pressure,5,1,8,0,96.0,0.0,HOLD,HOLD,False,NONE,HOLD,TRANSITION_IN_PROGRESS,0.0,,
2006,pressure,0,0,6,0,61.0,0.0,HOLD,HOLD,False,NONE,HOLD,LLM_HOLD,0.0,,
2007,pressure,0,1,6,1,35.0,1.0,HOLD,HOLD,False,NONE,HOLD,LLM_HOLD,0.0,,
2008,pressure,0,2,4,2,16.0,3.0,HOLD,HOLD,False,NONE,HOLD,LLM_HOLD,0.0,,
2009,pressure,0,3,2,2,6.0,5.0,HOLD,HOLD,False,NONE,HOLD,LLM_HOLD,0.0,,
2010,pressure,0,4,0,2,0.0,7.0,HOLD,HOLD,False,NONE,HOLD,LLM_HOLD,0.0,,
2011,pressure,0,5,0,2,0.0,9.0,HOLD,HOLD,False,NONE,HOLD,LLM_HOLD,0.0,,
2012,pressure,0,6,0,2,0.0,11.0,HOLD,HOLD,False,NONE,HOLD,LLM_HOLD,0.0,,
2013,pressure,0,7,0,3,0.0,14.0,HOLD,HOLD,False,NONE,HOLD,LLM_HOLD,0.0,,
2014,pressure,0,8,0,3,0.0,17.0,HOLD,HOLD,False,NONE,HOLD,LLM_HOLD,0.0,,
2015,pressure,0,9,0,4,0.0,21.0,HOLD-REQUEST_EW,HOLD,False,NONE,HOLD,LLM_HOLD,0.0,,
2016,pressure,0,10,0,4,0.0,25.0,HOLD-REQUEST_EW,HOLD,False,NONE,HOLD,LLM_HOLD,0.0,,
2017,pressure,0,11,0,4,0.0,29.0,HOLD-REQUEST_EW,HOLD,False,NONE,HOLD,LLM_HOLD,0.0,,
2018,pressure,0,12,0,4,0.0,33.0,HOLD-REQUEST_EW,HOLD,False,NONE,HOLD,LLM_HOLD,0.0,,
2019,pressure,0,13,0,5,0.0,38.0,HOLD-REQUEST_EW,HOLD,False,NONE,HOLD,LLM_HOLD,0.0,,
2020,pressure,0,14,0,6,0.0,44.0,HOLD-REQUEST_EW,PRESSURE_DECISION,False,NONE,SWITCH,LLM_APPROVED,0.0,,
2021,pressure,1,0,0,6,0.0,50.0,HOLD,HOLD,False,NONE,HOLD,TRANSITION_IN_PROGRESS,0.0,,
2022,pressure,1,1,0,6,0.0,56.0,HOLD,HOLD,False,NONE,HOLD,TRANSITION_IN_PROGRESS,0.0,,
2023,pressure,1,2,0,6,0.0,62.0,HOLD,HOLD,False,NONE,HOLD,TRANSITION_IN_PROGRESS,0.0,,
2024,pressure,2,0,0,6,0.0,68.0,HOLD,HOLD,False,NONE,HOLD,TRANSITION_IN_PROGRESS,0.0,,
2025,pressure,2,1,0,6,0.0,74.0,HOLD,HOLD,False,NONE,HOLD,TRANSITION_IN_PROGRESS,0.0,,
2026,pressure,3,0,1,5,1.0,42.0,HOLD,HOLD,False,NONE,HOLD,LLM_HOLD,0.0,,
2027,pressure,3,1,1,4,2.0,20.0,HOLD,HOLD,False,NONE,HOLD,LLM_HOLD,0.0,,
2028,pressure,3,2,2,2,4.0,5.0,HOLD,HOLD,False,NONE,HOLD,LLM_HOLD,0.0,,
2029,pressure,3,3,2,0,6.0,0.0,HOLD,HOLD,False,NONE,HOLD,LLM_HOLD,0.0,,
2030,pressure,3,4,2,0,8.0,0.0,HOLD,HOLD,False,NONE,HOLD,LLM_HOLD,0.0,,
2031,pressure,3,5,2,0,10.0,0.0,HOLD,HOLD,False,NONE,HOLD,LLM_HOLD,0.0,,
2032,pressure,3,6,4,0,14.0,0.0,HOLD,HOLD,False,NONE,HOLD,LLM_HOLD,0.0,,
2033,pressure,3,7,4,0,18.0,0.0,HOLD,HOLD,False,NONE,HOLD,LLM_HOLD,0.0,,
2034,pressure,3,8,4,0,22.0,0.0,HOLD,HOLD,False,NONE,HOLD,LLM_HOLD,0.0,,
2035,pressure,3,9,4,0,26.0,0.0,HOLD-REQUEST_NS,HOLD,False,NONE,HOLD,LLM_HOLD,0.0,,
2036,pressure,3,10,4,0,30.0,0.0,HOLD-REQUEST_NS,HOLD,False,NONE,HOLD,LLM_HOLD,0.0,,
2037,pressure,3,11,4,0,34.0,0.0,HOLD-REQUEST_NS,HOLD,False,NONE,HOLD,LLM_HOLD,0.0,,
2038,pressure,3,12,5,0,39.0,0.0,HOLD-REQUEST_NS,HOLD,False,NONE,HOLD,LLM_HOLD,0.0,,
2039,pressure,3,13,6,0,45.0,0.0,HOLD-REQUEST_NS,HOLD,False,NONE,HOLD,LLM_HOLD,0.0,,
2040,pressure,3,14,6,0,51.0,0.0,HOLD-REQUEST_NS,PRESSURE_DECISION,False,NONE,SWITCH,LLM_APPROVED,0.0,,
2041,pressure,4,0,6,0,57.0,0.0,HOLD,HOLD,False,NONE,HOLD,TRANSITION_IN_PROGRESS,0.0,,
2042,pressure,4,1,6,0,63.0,0.0,HOLD,HOLD,False,NONE,HOLD,TRANSITION_IN_PROGRESS,0.0,,
2043,pressure,4,2,8,0,71.0,0.0,HOLD,HOLD,False,NONE,HOLD,TRANSITION_IN_PROGRESS,0.0,,
2044,pressure,5,0,8,1,79.0,1.0,HOLD,HOLD,False,NONE,HOLD,TRANSITION_IN_PROGRESS,0.0,,
2045,pressure,5,1,8,1,87.0,2.0,HOLD,HOLD,False,NONE,HOLD,TRANSITION_IN_PROGRESS,0.0,,
2046,pressure,0,0,6,2,55.0,4.0,HOLD,HOLD,False,NONE,HOLD,LLM_HOLD,0.0,,
2047,pressure,0,1,4,2,29.0,6.0,HOLD,HOLD,False,NONE,HOLD,LLM_HOLD,0.0,,
2048,pressure,0,2,2,2,12.0,8.0,HOLD,HOLD,False,NONE,HOLD,LLM_HOLD,0.0,,
2049,pressure,0,3,1,2,1.0,10.0,HOLD,HOLD,False,NONE,HOLD,LLM_HOLD,0.0,,
2050,pressure,0,4,0,2,0.0,12.0,HOLD,HOLD,False,NONE,HOLD,LLM_HOLD,0.0,,
2051,pressure,0,5,0,2,0.0,14.0,HOLD,HOLD,False,NONE,HOLD,LLM_HOLD,0.0,,
2052,pressure,0,6,0,3,0.0,17.0,HOLD,HOLD,False,NONE,HOLD,LLM_HOLD,0.0,,
2053,pressure,0,7,0,3,0.0,20.0,HOLD,HOLD,False,NONE,HOLD,LLM_HOLD,0.0,,
2054,pressure,0,8,0,4,0.0,24.0,HOLD,HOLD,False,NONE,HOLD,LLM_HOLD,0.0,,
2055,pressure,0,9,0,4,0.0,28.0,HOLD-REQUEST_EW,HOLD,False,NONE,HOLD,LLM_HOLD,0.0,,
2056,pressure,0,10,0,4,0.0,32.0,HOLD-REQUEST_EW,HOLD,False,NONE,HOLD,LLM_HOLD,0.0,,
2057,pressure,0,11,0,6,0.0,38.0,HOLD-REQUEST_EW,HOLD,False,NONE,HOLD,LLM_HOLD,0.0,,
2058,pressure,0,12,0,6,0.0,44.0,HOLD-REQUEST_EW,HOLD,False,NONE,HOLD,LLM_HOLD,0.0,,
2059,pressure,0,13,0,6,0.0,50.0,HOLD-REQUEST_EW,HOLD,False,NONE,HOLD,LLM_HOLD,0.0,,
2060,pressure,0,14,0,6,0.0,56.0,HOLD-REQUEST_EW,PRESSURE_DECISION,False,NONE,SWITCH,LLM_APPROVED,0.0,,
2061,pressure,1,0,0,6,0.0,62.0,HOLD,HOLD,False,NONE,HOLD,TRANSITION_IN_PROGRESS,0.0,,
2062,pressure,1,1,0,8,0.0,70.0,HOLD,HOLD,False,NONE,HOLD,TRANSITION_IN_PROGRESS,0.0,,
2063,pressure,1,2,0,8,0.0,78.0,HOLD,HOLD,False,NONE,HOLD,TRANSITION_IN_PROGRESS,0.0,,
2064,pressure,2,0,0,8,0.0,86.0,HOLD,HOLD,False,NONE,HOLD,TRANSITION_IN_PROGRESS,0.0,,
2065,pressure,2,1,0,8,0.0,94.0,HOLD,HOLD,False,NONE,HOLD,TRANSITION_IN_PROGRESS,0.0,,
2066,pressure,3,0,0,6,0.0,58.0,HOLD,HOLD,False,NONE,HOLD,LLM_HOLD,0.0,,
2067,pressure,3,1,0,4,0.0,34.0,HOLD,HOLD,False,NONE,HOLD,LLM_HOLD,0.0,,
2068,pressure,3,2,0,2,0.0,14.0,HOLD,HOLD,False,NONE,HOLD,LLM_HOLD,0.0,,
2069,pressure,3,3,1,2,1.0,2.0,HOLD,HOLD,False,NONE,HOLD,LLM_HOLD,0.0,,
2070,pressure,3,4,2,0,3.0,0.0,HOLD,HOLD,False,NONE,HOLD,LLM_HOLD,0.0,,
2071,pressure,3,5,2,0,5.0,0.0,HOLD,HOLD,False,NONE,HOLD,LLM_HOLD,0.0,,
2072,pressure,3,6,2,0,7.0,0.0,HOLD,HOLD,False,NONE,HOLD,LLM_HOLD,0.0,,
2073,pressure,3,7,2,0,9.0,0.0,HOLD,HOLD,False,NONE,HOLD,LLM_HOLD,0.0,,
2074,pressure,3,8,2,0,11.0,0.0,HOLD,HOLD,False,NONE,HOLD,LLM_HOLD,0.0,,
2075,pressure,3,9,3,0,14.0,0.0,HOLD-REQUEST_NS,HOLD,False,NONE,HOLD,LLM_HOLD,0.0,,
2076,pressure,3,10,4,0,18.0,0.0,HOLD-REQUEST_NS,HOLD,False,NONE,HOLD,LLM_HOLD,0.0,,
2077,pressure,3,11,4,0,22.0,0.0,HOLD-REQUEST_NS,HOLD,False,NONE,HOLD,LLM_HOLD,0.0,,
2078,pressure,3,12,4,0,26.0,0.0,HOLD-REQUEST_NS,HOLD,False,NONE,HOLD,LLM_HOLD,0.0,,
2079,pressure,3,13,4,0,30.0,0.0,HOLD-REQUEST_NS,HOLD,False,NONE,HOLD,LLM_HOLD,0.0,,
2080,pressure,3,14,4,0,34.0,0.0,HOLD-REQUEST_NS,PRESSURE_DECISION,False,NONE,SWITCH,LLM_APPROVED,0.0,,
2081,pressure,4,0,5,0,39.0,0.0,HOLD,HOLD,False,NONE,HOLD,TRANSITION_IN_PROGRESS,0.0,,
2082,pressure,4,1,6,0,45.0,0.0,HOLD,HOLD,False,NONE,HOLD,TRANSITION_IN_PROGRESS,0.0,,
2083,pressure,4,2,6,0,51.0,0.0,HOLD,HOLD,False,NONE,HOLD,TRANSITION_IN_PROGRESS,0.0,,
2084,pressure,5,0,6,0,57.0,0.0,HOLD,HOLD,False,NONE,HOLD,TRANSITION_IN_PROGRESS,0.0,,
2085,pressure,5,1,6,0,63.0,0.0,HOLD,HOLD,False,NONE,HOLD,TRANSITION_IN_PROGRESS,0.0,,
2086,pressure,0,0,6,0,36.0,0.0,HOLD,HOLD,False,NONE,HOLD,LLM_HOLD,0.0,,
2087,pressure,0,1,4,0,17.0,0.0,HOLD,HOLD,False,NONE,HOLD,LLM_HOLD,0.0,,
2088,pressure,0,2,2,0,6.0,0.0,HOLD,HOLD,False,NONE,HOLD,LLM_HOLD,0.0,,
2089,pressure,0,3,0,0,0.0,0.0,HOLD,HOLD,False,NONE,HOLD,LLM_HOLD,0.0,,
2090,pressure,0,4,0,2,0.0,2.0,HOLD,HOLD,False,NONE,HOLD,LLM_HOLD,0.0,,
2091,pressure,0,5,0,2,0.0,4.0,HOLD,HOLD,False,NONE,HOLD,LLM_HOLD,0.0,,
2092,pressure,0,6,0,2,0.0,6.0,HOLD,HOLD,False,NONE,HOLD,LLM_HOLD,0.0,,
2093,pressure,0,7,0,2,0.0,8.0,HOLD,HOLD,False,NONE,HOLD,LLM_HOLD,0.0,,
2094,pressure,0,8,0,2,0.0,10.0,HOLD,HOLD,False,NONE,HOLD,LLM_HOLD,0.0,,
2095,pressure,0,9,0,2,0.0,12.0,HOLD-REQUEST_EW,HOLD,False,NONE,HOLD,LLM_HOLD,0.0,,
2096,pressure,0,10,0,4,0.0,16.0,HOLD-REQUEST_EW,HOLD,False,NONE,HOLD,LLM_HOLD,0.0,,
2097,pressure,0,11,0,4,0.0,20.0,HOLD-REQUEST_EW,HOLD,False,NONE,HOLD,LLM_HOLD,0.0,,
2098,pressure,0,12,0,4,0.0,24.0,HOLD-REQUEST_EW,HOLD,False,NONE,HOLD,LLM_HOLD,0.0,,
2099,pressure,0,13,0,4,0.0,28.0,HOLD-REQUEST_EW,HOLD,False,NONE,HOLD,LLM_HOLD,0.0,,
2100,pressure,0,14,0,5,0.0,33.0,HOLD-REQUEST_EW,PRESSURE_DECISION,False,NONE,SWITCH,LLM_APPROVED,0.0,,
2101,pressure,1,0,0,5,0.0,38.0,HOLD,HOLD,False,NONE,HOLD,TRANSITION_IN_PROGRESS,0.0,,
2102,pressure,1,1,0,5,0.0,43.0,HOLD,HOLD,False,NONE,HOLD,TRANSITION_IN_PROGRESS,0.0,,
2103,pressure,1,2,0,6,0.0,49.0,HOLD,HOLD,False,NONE,HOLD,TRANSITION_IN_PROGRESS,0.0,,
2104,pressure,2,0,0,6,0.0,55.0,HOLD,HOLD,False,NONE,HOLD,TRANSITION_IN_PROGRESS,0.0,,
2105,pressure,2,1,1,6,1.0,61.0,HOLD,HOLD,False,NONE,HOLD,TRANSITION_IN_PROGRESS,0.0,,
2106,pressure,3,0,1,5,2.0,34.0,HOLD,HOLD,False,NONE,HOLD,LLM_HOLD,0.0,,
2107,pressure,3,1,2,4,4.0,16.0,HOLD,HOLD,False,NONE,HOLD,LLM_HOLD,0.0,,
2108,pressure,3,2,2,2,6.0,5.0,HOLD,HOLD,False,NONE,HOLD,LLM_HOLD,0.0,,
2109,pressure,3,3,2,0,8.0,0.0,HOLD,HOLD,False,NONE,HOLD,LLM_HOLD,0.0,,
2110,pressure,3,4,3,0,11.0,0.0,HOLD,HOLD,False,NONE,HOLD,LLM_HOLD,0.0,,
2111,pressure,3,5,3,0,14.0,0.0,HOLD,HOLD,False,NONE,HOLD,LLM_HOLD,0.0,,
2112,pressure,3,6,4,0,18.0,0.0,HOLD,HOLD,False,NONE,HOLD,LLM_HOLD,0.0,,
2113,pressure,3,7,4,0,22.0,0.0,HOLD,HOLD,False,NONE,HOLD,LLM_HOLD,0.0,,
2114,pressure,3,8,4,0,26.0,0.0,HOLD,HOLD,False,NONE,HOLD,LLM_HOLD,0.0,,
2115,pressure,3,9,5,0,31.0,0.0,HOLD-REQUEST_NS,HOLD,False,NONE,HOLD,LLM_HOLD,0.0,,
2116,pressure,3,10,5,0,36.0,0.0,HOLD-REQUEST_NS,HOLD,False,NONE,HOLD,LLM_HOLD,0.0,,
2117,pressure,3,11,5,0,41.0,0.0,HOLD-REQUEST_NS,HOLD,False,NONE,HOLD,LLM_HOLD,0.0,,
2118,pressure,3,12,6,0,47.0,0.0,HOLD-REQUEST_NS,HOLD,False,NONE,HOLD,LLM_HOLD,0.0,,
2119,pressure,3,13,6,0,53.0,0.0,HOLD-REQUEST_NS,HOLD,False,NONE,HOLD,LLM_HOLD,0.0,,
2120,pressure,3,14,6,0,59.0,0.0,HOLD-REQUEST_NS,PRESSURE_DECISION,False,NONE,SWITCH,LLM_APPROVED,0.0,,
2121,pressure,4,0,6,0,65.0,0.0,HOLD,HOLD,False,NONE,HOLD,TRANSITION_IN_PROGRESS,0.0,,
2122,pressure,4,1,8,0,73.0,0.0,HOLD,HOLD,False,NONE,HOLD,TRANSITION_IN_PROGRESS,0.0,,
2123,pressure,4,2,8,0,81.0,0.0,HOLD,HOLD,False,NONE,HOLD,TRANSITION_IN_PROGRESS,0.0,,
2124,pressure,5,0,8,0,89.0,0.0,HOLD,HOLD,False,NONE,HOLD,TRANSITION_IN_PROGRESS,0.0,,
2125,pressure,5,1,8,0,97.0,0.0,HOLD,HOLD,False,NONE,HOLD,TRANSITION_IN_PROGRESS,0.0,,
2126,pressure,0,0,6,0,63.0,0.0,HOLD,HOLD,False,NONE,HOLD,LLM_HOLD,0.0,,
2127,pressure,0,1,4,0,35.0,0.0,HOLD,HOLD,False,NONE,HOLD,LLM_HOLD,0.0,,
2128,pressure,0,2,3,1,15.0,1.0,HOLD,HOLD,False,NONE,HOLD,LLM_HOLD,0.0,,
2129,pressure,0,3,2,1,3.0,2.0,HOLD,HOLD,False,NONE,HOLD,LLM_HOLD,0.0,,
2130,pressure,0,4,0,2,0.0,4.0,HOLD,HOLD,False,NONE,HOLD,LLM_HOLD,0.0,,
2131,pressure,0,5,0,2,0.0,6.0,HOLD,HOLD,False,NONE,HOLD,LLM_HOLD,0.0,,
2132,pressure,0,6,0,2,0.0,8.0,HOLD,HOLD,False,NONE,HOLD,LLM_HOLD,0.0,,
2133,pressure,0,7,0,3,0.0,11.0,HOLD,HOLD,False,NONE,HOLD,LLM_HOLD,0.0,,
2134,pressure,0,8,0,4,0.0,15.0,HOLD,HOLD,False,NONE,HOLD,LLM_HOLD,0.0,,
2135,pressure,0,9,0,4,0.0,19.0,HOLD-REQUEST_EW,HOLD,False,NONE,HOLD,LLM_HOLD,0.0,,
2136,pressure,0,10,0,4,0.0,23.0,HOLD-REQUEST_EW,HOLD,False,NONE,HOLD,LLM_HOLD,0.0,,
2137,pressure,0,11,0,4,0.0,27.0,HOLD-REQUEST_EW,HOLD,False,NONE,HOLD,LLM_HOLD,0.0,,
2138,pressure,0,12,0,4,0.0,31.0,HOLD-REQUEST_EW,HOLD,False,NONE,HOLD,LLM_HOLD,0.0,,
2139,pressure,0,13,0,5,0.0,36.0,HOLD-REQUEST_EW,HOLD,False,NONE,HOLD,LLM_HOLD,0.0,,
2140,pressure,0,14,0,6,0.0,42.0,HOLD-REQUEST_EW,PRESSURE_DECISION,False,NONE,SWITCH,LLM_APPROVED,0.0,,
2141,pressure,1,0,0,6,0.0,48.0,HOLD,HOLD,False,NONE,HOLD,TRANSITION_IN_PROGRESS,0.0,,
2142,pressure,1,1,0,6,0.0,54.0,HOLD,HOLD,False,NONE,HOLD,TRANSITION_IN_PROGRESS,0.0,,
2143,pressure,1,2,0,6,0.0,60.0,HOLD,HOLD,False,NONE,HOLD,TRANSITION_IN_PROGRESS,0.0,,
2144,pressure,2,0,0,6,0.0,66.0,HOLD,HOLD,False,NONE,HOLD,TRANSITION_IN_PROGRESS,0.0,,
2145,pressure,2,1,0,8,0.0,74.0,HOLD,HOLD,False,NONE,HOLD,TRANSITION_IN_PROGRESS,0.0,,
2146,pressure,3,0,0,6,0.0,46.0,HOLD,HOLD,False,NONE,HOLD,LLM_HOLD,0.0,,
2147,pressure,3,1,0,4,0.0,23.0,HOLD,HOLD,False,NONE,HOLD,LLM_HOLD,0.0,,
2148,pressure,3,2,0,2,0.0,8.0,HOLD,HOLD,False,NONE,HOLD,LLM_HOLD,0.0,,
2149,pressure,3,3,1,0,1.0,0.0,HOLD,HOLD,False,NONE,HOLD,LLM_HOLD,0.0,,
2150,pressure,3,4,2,0,3.0,0.0,HOLD,HOLD,False,NONE,HOLD,LLM_HOLD,0.0,,
2151,pressure,3,5,2,0,5.0,0.0,HOLD,HOLD,False,NONE,HOLD,LLM_HOLD,0.0,,
2152,pressure,3,6,2,0,7.0,0.0,HOLD,HOLD,False,NONE,HOLD,LLM_HOLD,0.0,,
2153,pressure,3,7,3,0,10.0,0.0,HOLD,HOLD,False,NONE,HOLD,LLM_HOLD,0.0,,
2154,pressure,3,8,4,0,14.0,0.0,HOLD,HOLD,False,NONE,HOLD,LLM_HOLD,0.0,,
2155,pressure,3,9,4,0,18.0,0.0,HOLD-REQUEST_NS,HOLD,False,NONE,HOLD,LLM_HOLD,0.0,,
2156,pressure,3,10,4,0,22.0,0.0,HOLD-REQUEST_NS,HOLD,False,NONE,HOLD,LLM_HOLD,0.0,,
2157,pressure,3,11,4,0,26.0,0.0,HOLD-REQUEST_NS,HOLD,False,NONE,HOLD,LLM_HOLD,0.0,,
2158,pressure,3,12,5,0,31.0,0.0,HOLD-REQUEST_NS,HOLD,False,NONE,HOLD,LLM_HOLD,0.0,,
2159,pressure,3,13,6,0,37.0,0.0,HOLD-REQUEST_NS,HOLD,False,NONE,HOLD,LLM_HOLD,0.0,,
2160,pressure,3,14,6,0,43.0,0.0,HOLD-REQUEST_NS,PRESSURE_DECISION,False,NONE,SWITCH,LLM_APPROVED,0.0,,
2161,pressure,4,0,6,0,49.0,0.0,HOLD,HOLD,False,NONE,HOLD,TRANSITION_IN_PROGRESS,0.0,,
2162,pressure,4,1,6,0,55.0,0.0,HOLD,HOLD,False,NONE,HOLD,TRANSITION_IN_PROGRESS,0.0,,
2163,pressure,4,2,7,0,62.0,0.0,HOLD,HOLD,False,NONE,HOLD,TRANSITION_IN_PROGRESS,0.0,,
2164,pressure,5,0,8,0,70.0,0.0,HOLD,HOLD,False,NONE,HOLD,TRANSITION_IN_PROGRESS,0.0,,
2165,pressure,5,1,8,1,78.0,1.0,HOLD,HOLD,False,NONE,HOLD,TRANSITION_IN_PROGRESS,0.0,,
2166,pressure,0,0,6,1,51.0,2.0,HOLD,HOLD,False,NONE,HOLD,LLM_HOLD,0.0,,
2167,pressure,0,1,4,2,28.0,4.0,HOLD,HOLD,False,NONE,HOLD,LLM_HOLD,0.0,,
2168,pressure,0,2,2,2,11.0,6.0,HOLD,HOLD,False,NONE,HOLD,LLM_HOLD,0.0,,
2169,pressure,0,3,2,2,2.0,8.0,HOLD,HOLD,False,NONE,HOLD,LLM_HOLD,0.0,,
2170,pressure,0,4,0,2,0.0,10.0,HOLD,HOLD,False,NONE,HOLD,LLM_HOLD,0.0,,
2171,pressure,0,5,0,2,0.0,12.0,HOLD,HOLD,False,NONE,HOLD,LLM_HOLD,0.0,,
2172,pressure,0,6,0,3,0.0,15.0,HOLD,HOLD,False,NONE,HOLD,LLM_HOLD,0.0,,
2173,pressure,0,7,0,4,0.0,19.0,HOLD,HOLD,False,NONE,HOLD,LLM_HOLD,0.0,,
2174,pressure,0,8,0,4,0.0,23.0,HOLD,HOLD,False,NONE,HOLD,LLM_HOLD,0.0,,
2175,pressure,0,9,0,4,0.0,27.0,HOLD-REQUEST_EW,HOLD,False,NONE,HOLD,LLM_HOLD,0.0,,
2176,pressure,0,10,0,4,0.0,31.0,HOLD-REQUEST_EW,HOLD,False,NONE,HOLD,LLM_HOLD,0.0,,
2177,pressure,0,11,0,5,0.0,36.0,HOLD-REQUEST_EW,HOLD,False,NONE,HOLD,LLM_HOLD,0.0,,
2178,pressure,0,12,0,6,0.0,42.0,HOLD-REQUEST_EW,HOLD,False,NONE,HOLD,LLM_HOLD,0.0,,
2179,pressure,0,13,0,6,0.0,48.0,HOLD-REQUEST_EW,HOLD,False,NONE,HOLD,LLM_HOLD,0.0,,
2180,pressure,0,14,0,6,0.0,54.0,HOLD-REQUEST_EW,PRESSURE_DECISION,False,NONE,SWITCH,LLM_APPROVED,0.0,,
2181,pressure,1,0,0,6,0.0,60.0,HOLD,HOLD,False,NONE,HOLD,TRANSITION_IN_PROGRESS,0.0,,
2182,pressure,1,1,0,7,0.0,67.0,HOLD,HOLD,False,NONE,HOLD,TRANSITION_IN_PROGRESS,0.0,,
2183,pressure,1,2,0,8,0.0,75.0,HOLD,HOLD,False,NONE,HOLD,TRANSITION_IN_PROGRESS,0.0,,
2184,pressure,2,0,0,8,0.0,83.0,HOLD,HOLD,False,NONE,HOLD,TRANSITION_IN_PROGRESS,0.0,,
2185,pressure,2,1,0,8,0.0,91.0,HOLD,HOLD,False,NONE,HOLD,TRANSITION_IN_PROGRESS,0.0,,
2186,pressure,3,0,0,6,0.0,57.0,HOLD,HOLD,False,NONE,HOLD,LLM_HOLD,0.0,,
2187,pressure,3,1,0,4,0.0,32.0,HOLD,HOLD,False,NONE,HOLD,LLM_HOLD,0.0,,
2188,pressure,3,2,0,3,0.0,14.0,HOLD,HOLD,False,NONE,HOLD,LLM_HOLD,0.0,,
2189,pressure,3,3,2,2,2.0,3.0,HOLD,HOLD,False,NONE,HOLD,LLM_HOLD,0.0,,
2190,pressure,3,4,2,0,4.0,0.0,HOLD,HOLD,False,NONE,HOLD,LLM_HOLD,0.0,,
2191,pressure,3,5,2,0,6.0,0.0,HOLD,HOLD,False,NONE,HOLD,LLM_HOLD,0.0,,
2192,pressure,3,6,2,0,8.0,0.0,HOLD,HOLD,False,NONE,HOLD,LLM_HOLD,0.0,,
2193,pressure,3,7,2,0,10.0,0.0,HOLD,HOLD,False,NONE,HOLD,LLM_HOLD,0.0,,
2194,pressure,3,8,2,0,12.0,0.0,HOLD,HOLD,False,NONE,HOLD,LLM_HOLD,0.0,,
2195,pressure,3,9,3,0,15.0,0.0,HOLD-REQUEST_NS,HOLD,False,NONE,HOLD,LLM_HOLD,0.0,,
2196,pressure,3,10,4,0,19.0,0.0,HOLD-REQUEST_NS,HOLD,False,NONE,HOLD,LLM_HOLD,0.0,,
2197,pressure,3,11,4,0,23.0,0.0,HOLD-REQUEST_NS,HOLD,False,NONE,HOLD,LLM_HOLD,0.0,,
2198,pressure,3,12,4,0,27.0,0.0,HOLD-REQUEST_NS,HOLD,False,NONE,HOLD,LLM_HOLD,0.0,,
2199,pressure,3,13,4,0,31.0,0.0,HOLD-REQUEST_NS,HOLD,False,NONE,HOLD,LLM_HOLD,0.0,,
2200,pressure,3,14,6,0,37.0,0.0,HOLD-REQUEST_NS,PRESSURE_DECISION,False,NONE,SWITCH,LLM_APPROVED,0.0,,
2201,pressure,4,0,6,0,43.0,0.0,HOLD,HOLD,False,NONE,HOLD,TRANSITION_IN_PROGRESS,0.0,,
2202,pressure,4,1,6,0,49.0,0.0,HOLD,HOLD,False,NONE,HOLD,TRANSITION_IN_PROGRESS,0.0,,
2203,pressure,4,2,6,0,55.0,0.0,HOLD,HOLD,False,NONE,HOLD,TRANSITION_IN_PROGRESS,0.0,,
2204,pressure,5,0,6,1,61.0,1.0,HOLD,HOLD,False,NONE,HOLD,TRANSITION_IN_PROGRESS,0.0,,
2205,pressure,5,1,6,1,67.0,2.0,HOLD,HOLD,False,NONE,HOLD,TRANSITION_IN_PROGRESS,0.0,,
2206,pressure,0,0,5,1,38.0,3.0,HOLD,HOLD,False,NONE,HOLD,LLM_HOLD,0.0,,
2207,pressure,0,1,4,1,19.0,4.0,HOLD,HOLD,False,NONE,HOLD,LLM_HOLD,0.0,,
2208,pressure,0,2,2,1,5.0,5.0,HOLD,HOLD,False,NONE,HOLD,LLM_HOLD,0.0,,
2209,pressure,0,3,0,3,0.0,8.0,HOLD,HOLD,False,NONE,HOLD,LLM_HOLD,0.0,,
2210,pressure,0,4,0,3,0.0,11.0,HOLD,HOLD,False,NONE,HOLD,LLM_HOLD,0.0,,
2211,pressure,0,5,0,3,0.0,14.0,HOLD,HOLD,False,NONE,HOLD,LLM_HOLD,0.0,,
2212,pressure,0,6,0,3,0.0,17.0,HOLD,HOLD,False,NONE,HOLD,LLM_HOLD,0.0,,
2213,pressure,0,7,0,3,0.0,20.0,HOLD,HOLD,False,NONE,HOLD,LLM_HOLD,0.0,,
2214,pressure,0,8,0,3,0.0,23.0,HOLD,HOLD,False,NONE,HOLD,LLM_HOLD,0.0,,
2215,pressure,0,9,0,3,0.0,26.0,HOLD-REQUEST_EW,HOLD,False,NONE,HOLD,LLM_HOLD,0.0,,
2216,pressure,0,10,0,3,0.0,29.0,HOLD-REQUEST_EW,HOLD,False,NONE,HOLD,LLM_HOLD,0.0,,
2217,pressure,0,11,0,4,0.0,33.0,HOLD-REQUEST_EW,HOLD,False,NONE,HOLD,LLM_HOLD,0.0,,
2218,pressure,0,12,0,5,0.0,38.0,HOLD-REQUEST_EW,HOLD,False,NONE,HOLD,LLM_HOLD,0.0,,
2219,pressure,0,13,0,5,0.0,43.0,HOLD-REQUEST_EW,HOLD,False,NONE,HOLD,LLM_HOLD,0.0,,
2220,pressure,0,14,0,5,0.0,48.0,HOLD-REQUEST_EW,PRESSURE_DECISION,False,NONE,SWITCH,LLM_APPROVED,0.0,,
2221,pressure,1,0,0,6,0.0,54.0,HOLD,HOLD,False,NONE,HOLD,TRANSITION_IN_PROGRESS,0.0,,
2222,pressure,1,1,0,6,0.0,60.0,HOLD,HOLD,False,NONE,HOLD,TRANSITION_IN_PROGRESS,0.0,,
2223,pressure,1,2,0,7,0.0,67.0,HOLD,HOLD,False,NONE,HOLD,TRANSITION_IN_PROGRESS,0.0,,
2224,pressure,2,0,0,7,0.0,74.0,HOLD,HOLD,False,NONE,HOLD,TRANSITION_IN_PROGRESS,0.0,,
2225,pressure,2,1,1,7,1.0,81.0,HOLD,HOLD,False,NONE,HOLD,TRANSITION_IN_PROGRESS,0.0,,
2226,pressure,3,0,2,5,3.0,47.0,HOLD,HOLD,False,NONE,HOLD,LLM_HOLD,0.0,,
2227,pressure,3,1,2,5,5.0,25.0,HOLD,HOLD,False,NONE,HOLD,LLM_HOLD,0.0,,
2228,pressure,3,2,2,3,7.0,12.0,HOLD,HOLD,False,NONE,HOLD,LLM_HOLD,0.0,,
2229,pressure,3,3,2,1,9.0,3.0,HOLD,HOLD,False,NONE,HOLD,LLM_HOLD,0.0,,
2230,pressure,3,4,2,0,11.0,0.0,HOLD,HOLD,False,NONE,HOLD,LLM_HOLD,0.0,,
2231,pressure,3,5,4,0,15.0,0.0,HOLD,HOLD,False,NONE,HOLD,LLM_HOLD,0.0,,
2232,pressure,3,6,4,0,19.0,0.0,HOLD,HOLD,False,NONE,HOLD,LLM_HOLD,0.0,,
2233,pressure,3,7,4,0,23.0,0.0,HOLD,HOLD,False,NONE,HOLD,LLM_HOLD,0.0,,
2234,pressure,3,8,4,0,27.0,0.0,HOLD,HOLD,False,NONE,HOLD,LLM_HOLD,0.0,,
2235,pressure,3,9,4,0,31.0,0.0,HOLD-REQUEST_NS,HOLD,False,NONE,HOLD,LLM_HOLD,0.0,,
2236,pressure,3,10,4,0,35.0,0.0,HOLD-REQUEST_NS,HOLD,False,NONE,HOLD,LLM_HOLD,0.0,,
2237,pressure,3,11,5,0,40.0,0.0,HOLD-REQUEST_NS,HOLD,False,NONE,HOLD,LLM_HOLD,0.0,,
2238,pressure,3,12,6,0,46.0,0.0,HOLD-REQUEST_NS,HOLD,False,NONE,HOLD,LLM_HOLD,0.0,,
2239,pressure,3,13,6,0,52.0,0.0,HOLD-REQUEST_NS,HOLD,False,NONE,HOLD,LLM_HOLD,0.0,,
2240,pressure,3,14,6,0,58.0,0.0,HOLD-REQUEST_NS,PRESSURE_DECISION,False,NONE,SWITCH,LLM_APPROVED,0.0,,
2241,pressure,4,0,6,0,64.0,0.0,HOLD,HOLD,False,NONE,HOLD,TRANSITION_IN_PROGRESS,0.0,,
2242,pressure,4,1,7,0,71.0,0.0,HOLD,HOLD,False,NONE,HOLD,TRANSITION_IN_PROGRESS,0.0,,
2243,pressure,4,2,8,0,79.0,0.0,HOLD,HOLD,False,NONE,HOLD,TRANSITION_IN_PROGRESS,0.0,,
2244,pressure,5,0,8,0,87.0,0.0,HOLD,HOLD,False,NONE,HOLD,TRANSITION_IN_PROGRESS,0.0,,
2245,pressure,5,1,8,0,95.0,0.0,HOLD,HOLD,False,NONE,HOLD,TRANSITION_IN_PROGRESS,0.0,,
2246,pressure,0,0,6,0,60.0,0.0,HOLD,HOLD,False,NONE,HOLD,LLM_HOLD,0.0,,
2247,pressure,0,1,5,0,33.0,0.0,HOLD,HOLD,False,NONE,HOLD,LLM_HOLD,0.0,,
2248,pressure,0,2,4,2,16.0,2.0,HOLD,HOLD,False,NONE,HOLD,LLM_HOLD,0.0,,
2249,pressure,0,3,2,2,5.0,4.0,HOLD,HOLD,False,NONE,HOLD,LLM_HOLD,0.0,,
2250,pressure,0,4,0,2,0.0,6.0,HOLD,HOLD,False,NONE,HOLD,LLM_HOLD,0.0,,
2251,pressure,0,5,0,2,0.0,8.0,HOLD,HOLD,False,NONE,HOLD,LLM_HOLD,0.0,,
2252,pressure,0,6,0,2,0.0,10.0,HOLD,HOLD,False,NONE,HOLD,LLM_HOLD,0.0,,
2253,pressure,0,7,0,3,0.0,13.0,HOLD,HOLD,False,NONE,HOLD,LLM_HOLD,0.0,,
2254,pressure,0,8,0,4,0.0,17.0,HOLD,HOLD,False,NONE,HOLD,LLM_HOLD,0.0,,
2255,pressure,0,9,0,4,0.0,21.0,HOLD-REQUEST_EW,HOLD,False,NONE,HOLD,LLM_HOLD,0.0,,
2256,pressure,0,10,0,4,0.0,25.0,HOLD-REQUEST_EW,HOLD,False,NONE,HOLD,LLM_HOLD,0.0,,
2257,pressure,0,11,0,4,0.0,29.0,HOLD-REQUEST_EW,HOLD,False,NONE,HOLD,LLM_HOLD,0.0,,
2258,pressure,0,12,0,4,0.0,33.0,HOLD-REQUEST_EW,HOLD,False,NONE,HOLD,LLM_HOLD,0.0,,
2259,pressure,0,13,0,6,0.0,39.0,HOLD-REQUEST_EW,HOLD,False,NONE,HOLD,LLM_HOLD,0.0,,
2260,pressure,0,14,0,6,0.0,45.0,HOLD-REQUEST_EW,PRESSURE_DECISION,False,NONE,SWITCH,LLM_APPROVED,0.0,,
2261,pressure,1,0,0,6,0.0,51.0,HOLD,HOLD,False,NONE,HOLD,TRANSITION_IN_PROGRESS,0.0,,
2262,pressure,1,1,0,6,0.0,57.0,HOLD,HOLD,False,NONE,HOLD,TRANSITION_IN_PROGRESS,0.0,,
2263,pressure,1,2,0,6,0.0,63.0,HOLD,HOLD,False,NONE,HOLD,TRANSITION_IN_PROGRESS,0.0,,
2264,pressure,2,0,0,6,0.0,69.0,HOLD,HOLD,False,NONE,HOLD,TRANSITION_IN_PROGRESS,0.0,,
2265,pressure,2,1,0,6,0.0,75.0,HOLD,HOLD,False,NONE,HOLD,TRANSITION_IN_PROGRESS,0.0,,
2266,pressure,3,0,1,6,1.0,45.0,HOLD,HOLD,False,NONE,HOLD,LLM_HOLD,0.0,,
2267,pressure,3,1,2,4,3.0,22.0,HOLD,HOLD,False,NONE,HOLD,LLM_HOLD,0.0,,
2268,pressure,3,2,2,2,5.0,6.0,HOLD,HOLD,False,NONE,HOLD,LLM_HOLD,0.0,,
2269,pressure,3,3,2,0,7.0,0.0,HOLD,HOLD,False,NONE,HOLD,LLM_HOLD,0.0,,
2270,pressure,3,4,2,0,9.0,0.0,HOLD,HOLD,False,NONE,HOLD,LLM_HOLD,0.0,,
2271,pressure,3,5,2,0,11.0,0.0,HOLD,HOLD,False,NONE,HOLD,LLM_HOLD,0.0,,
2272,pressure,3,6,2,0,13.0,0.0,HOLD,HOLD,False,NONE,HOLD,LLM_HOLD,0.0,,
2273,pressure,3,7,2,0,15.0,0.0,HOLD,HOLD,False,NONE,HOLD,LLM_HOLD,0.0,,
2274,pressure,3,8,4,0,19.0,0.0,HOLD,HOLD,False,NONE,HOLD,LLM_HOLD,0.0,,
2275,pressure,3,9,4,0,23.0,0.0,HOLD-REQUEST_NS,HOLD,False,NONE,HOLD,LLM_HOLD,0.0,,
2276,pressure,3,10,4,0,27.0,0.0,HOLD-REQUEST_NS,HOLD,False,NONE,HOLD,LLM_HOLD,0.0,,
2277,pressure,3,11,4,0,31.0,0.0,HOLD-REQUEST_NS,HOLD,False,NONE,HOLD,LLM_HOLD,0.0,,
2278,pressure,3,12,5,0,36.0,0.0,HOLD-REQUEST_NS,HOLD,False,NONE,HOLD,LLM_HOLD,0.0,,
2279,pressure,3,13,6,0,42.0,0.0,HOLD-REQUEST_NS,HOLD,False,NONE,HOLD,LLM_HOLD,0.0,,
2280,pressure,3,14,6,0,48.0,0.0,HOLD-REQUEST_NS,PRESSURE_DECISION,False,NONE,SWITCH,LLM_APPROVED,0.0,,
2281,pressure,4,0,6,0,54.0,0.0,HOLD,HOLD,False,NONE,HOLD,TRANSITION_IN_PROGRESS,0.0,,
2282,pressure,4,1,6,0,60.0,0.0,HOLD,HOLD,False,NONE,HOLD,TRANSITION_IN_PROGRESS,0.0,,
2283,pressure,4,2,7,0,67.0,0.0,HOLD,HOLD,False,NONE,HOLD,TRANSITION_IN_PROGRESS,0.0,,
2284,pressure,5,0,8,0,75.0,0.0,HOLD,HOLD,False,NONE,HOLD,TRANSITION_IN_PROGRESS,0.0,,
2285,pressure,5,1,8,1,83.0,1.0,HOLD,HOLD,False,NONE,HOLD,TRANSITION_IN_PROGRESS,0.0,,
2286,pressure,0,0,6,2,50.0,3.0,HOLD,HOLD,False,NONE,HOLD,LLM_HOLD,0.0,,
2287,pressure,0,1,4,2,28.0,5.0,HOLD,HOLD,False,NONE,HOLD,LLM_HOLD,0.0,,
2288,pressure,0,2,2,2,11.0,7.0,HOLD,HOLD,False,NONE,HOLD,LLM_HOLD,0.0,,
2289,pressure,0,3,0,2,0.0,9.0,HOLD,HOLD,False,NONE,HOLD,LLM_HOLD,0.0,,
2290,pressure,0,4,0,2,0.0,11.0,HOLD,HOLD,False,NONE,HOLD,LLM_HOLD,0.0,,
2291,pressure,0,5,0,2,0.0,13.0,HOLD,HOLD,False,NONE,HOLD,LLM_HOLD,0.0,,
2292,pressure,0,6,0,3,0.0,16.0,HOLD,HOLD,False,NONE,HOLD,LLM_HOLD,0.0,,
2293,pressure,0,7,0,3,0.0,19.0,HOLD,HOLD,False,NONE,HOLD,LLM_HOLD,0.0,,
2294,pressure,0,8,0,4,0.0,23.0,HOLD,HOLD,False,NONE,HOLD,LLM_HOLD,0.0,,
2295,pressure,0,9,0,4,0.0,27.0,HOLD-REQUEST_EW,HOLD,False,NONE,HOLD,LLM_HOLD,0.0,,
2296,pressure,0,10,0,4,0.0,31.0,HOLD-REQUEST_EW,HOLD,False,NONE,HOLD,LLM_HOLD,0.0,,
2297,pressure,0,11,0,4,0.0,35.0,HOLD-REQUEST_EW,HOLD,False,NONE,HOLD,LLM_HOLD,0.0,,
2298,pressure,0,12,0,5,0.0,40.0,HOLD-REQUEST_EW,HOLD,False,NONE,HOLD,LLM_HOLD,0.0,,
2299,pressure,0,13,0,6,0.0,46.0,HOLD-REQUEST_EW,HOLD,False,NONE,HOLD,LLM_HOLD,0.0,,
2300,pressure,0,14,0,6,0.0,52.0,HOLD-REQUEST_EW,PRESSURE_DECISION,False,NONE,SWITCH,LLM_APPROVED,0.0,,
2301,pressure,1,0,0,6,0.0,58.0,HOLD,HOLD,False,NONE,HOLD,TRANSITION_IN_PROGRESS,0.0,,
2302,pressure,1,1,0,6,0.0,64.0,HOLD,HOLD,False,NONE,HOLD,TRANSITION_IN_PROGRESS,0.0,,
2303,pressure,1,2,0,7,0.0,71.0,HOLD,HOLD,False,NONE,HOLD,TRANSITION_IN_PROGRESS,0.0,,
2304,pressure,2,0,0,8,0.0,79.0,HOLD,HOLD,False,NONE,HOLD,TRANSITION_IN_PROGRESS,0.0,,
2305,pressure,2,1,0,8,0.0,87.0,HOLD,HOLD,False,NONE,HOLD,TRANSITION_IN_PROGRESS,0.0,,
2306,pressure,3,0,0,6,0.0,52.0,HOLD,HOLD,False,NONE,HOLD,LLM_HOLD,0.0,,
2307,pressure,3,1,0,4,0.0,28.0,HOLD,HOLD,False,NONE,HOLD,LLM_HOLD,0.0,,
2308,pressure,3,2,1,2,1.0,11.0,HOLD,HOLD,False,NONE,HOLD,LLM_HOLD,0.0,,
2309,pressure,3,3,2,2,3.0,2.0,HOLD,HOLD,False,NONE,HOLD,LLM_HOLD,0.0,,
2310,pressure,3,4,2,0,5.0,0.0,HOLD,HOLD,False,NONE,HOLD,LLM_HOLD,0.0,,
2311,pressure,3,5,2,0,7.0,0.0,HOLD,HOLD,False,NONE,HOLD,LLM_HOLD,0.0,,
2312,pressure,3,6,2,0,9.0,0.0,HOLD,HOLD,False,NONE,HOLD,LLM_HOLD,0.0,,
2313,pressure,3,7,2,0,11.0,0.0,HOLD,HOLD,False,NONE,HOLD,LLM_HOLD,0.0,,
2314,pressure,3,8,2,0,13.0,0.0,HOLD,HOLD,False,NONE,HOLD,LLM_HOLD,0.0,,
2315,pressure,3,9,4,0,17.0,0.0,HOLD-REQUEST_NS,HOLD,False,NONE,HOLD,LLM_HOLD,0.0,,
2316,pressure,3,10,4,0,21.0,0.0,HOLD-REQUEST_NS,HOLD,False,NONE,HOLD,LLM_HOLD,0.0,,
2317,pressure,3,11,4,0,25.0,0.0,HOLD-REQUEST_NS,HOLD,False,NONE,HOLD,LLM_HOLD,0.0,,
2318,pressure,3,12,4,0,29.0,0.0,HOLD-REQUEST_NS,HOLD,False,NONE,HOLD,LLM_HOLD,0.0,,
2319,pressure,3,13,4,0,33.0,0.0,HOLD-REQUEST_NS,HOLD,False,NONE,HOLD,LLM_HOLD,0.0,,
2320,pressure,3,14,5,0,38.0,0.0,HOLD-REQUEST_NS,PRESSURE_DECISION,False,NONE,SWITCH,LLM_APPROVED,0.0,,
2321,pressure,4,0,6,0,44.0,0.0,HOLD,HOLD,False,NONE,HOLD,TRANSITION_IN_PROGRESS,0.0,,
2322,pressure,4,1,6,0,50.0,0.0,HOLD,HOLD,False,NONE,HOLD,TRANSITION_IN_PROGRESS,0.0,,
2323,pressure,4,2,6,0,56.0,0.0,HOLD,HOLD,False,NONE,HOLD,TRANSITION_IN_PROGRESS,0.0,,
2324,pressure,5,0,6,1,62.0,1.0,HOLD,HOLD,False,NONE,HOLD,TRANSITION_IN_PROGRESS,0.0,,
2325,pressure,5,1,7,1,69.0,2.0,HOLD,HOLD,False,NONE,HOLD,TRANSITION_IN_PROGRESS,0.0,,
2326,pressure,0,0,6,1,40.0,3.0,HOLD,HOLD,False,NONE,HOLD,LLM_HOLD,0.0,,
2327,pressure,0,1,4,1,20.0,4.0,HOLD,HOLD,False,NONE,HOLD,LLM_HOLD,0.0,,
2328,pressure,0,2,2,2,7.0,6.0,HOLD,HOLD,False,NONE,HOLD,LLM_HOLD,0.0,,
2329,pressure,0,3,0,2,0.0,8.0,HOLD,HOLD,False,NONE,HOLD,LLM_HOLD,0.0,,
2330,pressure,0,4,0,2,0.0,10.0,HOLD,HOLD,False,NONE,HOLD,LLM_HOLD,0.0,,
2331,pressure,0,5,0,3,0.0,13.0,HOLD,HOLD,False,NONE,HOLD,LLM_HOLD,0.0,,
2332,pressure,0,6,0,3,0.0,16.0,HOLD,HOLD,False,NONE,HOLD,LLM_HOLD,0.0,,
2333,pressure,0,7,0,3,0.0,19.0,HOLD,HOLD,False,NONE,HOLD,LLM_HOLD,0.0,,
2334,pressure,0,8,0,3,0.0,22.0,HOLD,HOLD,False,NONE,HOLD,LLM_HOLD,0.0,,
2335,pressure,0,9,0,4,0.0,26.0,HOLD-REQUEST_EW,HOLD,False,NONE,HOLD,LLM_HOLD,0.0,,
2336,pressure,0,10,0,5,0.0,31.0,HOLD-REQUEST_EW,HOLD,False,NONE,HOLD,LLM_HOLD,0.0,,
2337,pressure,0,11,0,5,0.0,36.0,HOLD-REQUEST_EW,HOLD,False,NONE,HOLD,LLM_HOLD,0.0,,
2338,pressure,0,12,0,5,0.0,41.0,HOLD-REQUEST_EW,HOLD,False,NONE,HOLD,LLM_HOLD,0.0,,
2339,pressure,0,13,0,5,0.0,46.0,HOLD-REQUEST_EW,HOLD,False,NONE,HOLD,LLM_HOLD,0.0,,
2340,pressure,0,14,0,5,0.0,51.0,HOLD-REQUEST_EW,PRESSURE_DECISION,False,NONE,SWITCH,LLM_APPROVED,0.0,,
2341,pressure,1,0,0,5,0.0,56.0,HOLD,HOLD,False,NONE,HOLD,TRANSITION_IN_PROGRESS,0.0,,
2342,pressure,1,1,0,7,0.0,63.0,HOLD,HOLD,False,NONE,HOLD,TRANSITION_IN_PROGRESS,0.0,,
2343,pressure,1,2,0,7,0.0,70.0,HOLD,HOLD,False,NONE,HOLD,TRANSITION_IN_PROGRESS,0.0,,
2344,pressure,2,0,0,7,0.0,77.0,HOLD,HOLD,False,NONE,HOLD,TRANSITION_IN_PROGRESS,0.0,,
2345,pressure,2,1,1,7,1.0,84.0,HOLD,HOLD,False,NONE,HOLD,TRANSITION_IN_PROGRESS,0.0,,
2346,pressure,3,0,2,6,3.0,53.0,HOLD,HOLD,False,NONE,HOLD,LLM_HOLD,0.0,,
2347,pressure,3,1,2,4,5.0,27.0,HOLD,HOLD,False,NONE,HOLD,LLM_HOLD,0.0,,
2348,pressure,3,2,2,3,7.0,11.0,HOLD,HOLD,False,NONE,HOLD,LLM_HOLD,0.0,,
2349,pressure,3,3,2,1,9.0,4.0,HOLD,HOLD,False,NONE,HOLD,LLM_HOLD,0.0,,
2350,pressure,3,4,3,0,12.0,0.0,HOLD,HOLD,False,NONE,HOLD,LLM_HOLD,0.0,,
2351,pressure,3,5,4,0,16.0,0.0,HOLD,HOLD,False,NONE,HOLD,LLM_HOLD,0.0,,
2352,pressure,3,6,4,0,20.0,0.0,HOLD,HOLD,False,NONE,HOLD,LLM_HOLD,0.0,,
2353,pressure,3,7,4,0,24.0,0.0,HOLD,HOLD,False,NONE,HOLD,LLM_HOLD,0.0,,
2354,pressure,3,8,4,0,28.0,0.0,HOLD,HOLD,False,NONE,HOLD,LLM_HOLD,0.0,,
2355,pressure,3,9,4,0,32.0,0.0,HOLD-REQUEST_NS,HOLD,False,NONE,HOLD,LLM_HOLD,0.0,,
2356,pressure,3,10,4,0,36.0,0.0,HOLD-REQUEST_NS,HOLD,False,NONE,HOLD,LLM_HOLD,0.0,,
2357,pressure,3,11,6,0,42.0,0.0,HOLD-REQUEST_NS,HOLD,False,NONE,HOLD,LLM_HOLD,0.0,,
2358,pressure,3,12,6,0,48.0,0.0,HOLD-REQUEST_NS,HOLD,False,NONE,HOLD,LLM_HOLD,0.0,,
2359,pressure,3,13,6,0,54.0,0.0,HOLD-REQUEST_NS,HOLD,False,NONE,HOLD,LLM_HOLD,0.0,,
2360,pressure,3,14,6,0,60.0,0.0,HOLD-REQUEST_NS,PRESSURE_DECISION,False,NONE,SWITCH,LLM_APPROVED,0.0,,
2361,pressure,4,0,6,0,66.0,0.0,HOLD,HOLD,False,NONE,HOLD,TRANSITION_IN_PROGRESS,0.0,,
2362,pressure,4,1,8,0,74.0,0.0,HOLD,HOLD,False,NONE,HOLD,TRANSITION_IN_PROGRESS,0.0,,
2363,pressure,4,2,8,0,82.0,0.0,HOLD,HOLD,False,NONE,HOLD,TRANSITION_IN_PROGRESS,0.0,,
2364,pressure,5,0,8,0,90.0,0.0,HOLD,HOLD,False,NONE,HOLD,TRANSITION_IN_PROGRESS,0.0,,
2365,pressure,5,1,8,0,98.0,0.0,HOLD,HOLD,False,NONE,HOLD,TRANSITION_IN_PROGRESS,0.0,,
2366,pressure,0,0,6,0,63.0,0.0,HOLD,HOLD,False,NONE,HOLD,LLM_HOLD,0.0,,
2367,pressure,0,1,5,0,35.0,0.0,HOLD,HOLD,False,NONE,HOLD,LLM_HOLD,0.0,,
2368,pressure,0,2,4,2,17.0,2.0,HOLD,HOLD,False,NONE,HOLD,LLM_HOLD,0.0,,
2369,pressure,0,3,2,2,5.0,4.0,HOLD,HOLD,False,NONE,HOLD,LLM_HOLD,0.0,,
2370,pressure,0,4,0,2,0.0,6.0,HOLD,HOLD,False,NONE,HOLD,LLM_HOLD,0.0,,
2371,pressure,0,5,0,2,0.0,8.0,HOLD,HOLD,False,NONE,HOLD,LLM_HOLD,0.0,,
2372,pressure,0,6,0,2,0.0,10.0,HOLD,HOLD,False,NONE,HOLD,LLM_HOLD,0.0,,
2373,pressure,0,7,0,3,0.0,13.0,HOLD,HOLD,False,NONE,HOLD,LLM_HOLD,0.0,,
2374,pressure,0,8,0,4,0.0,17.0,HOLD,HOLD,False,NONE,HOLD,LLM_HOLD,0.0,,
2375,pressure,0,9,0,4,0.0,21.0,HOLD-REQUEST_EW,HOLD,False,NONE,HOLD,LLM_HOLD,0.0,,
2376,pressure,0,10,0,4,0.0,25.0,HOLD-REQUEST_EW,HOLD,False,NONE,HOLD,LLM_HOLD,0.0,,
2377,pressure,0,11,0,4,0.0,29.0,HOLD-REQUEST_EW,HOLD,False,NONE,HOLD,LLM_HOLD,0.0,,
2378,pressure,0,12,0,4,0.0,33.0,HOLD-REQUEST_EW,HOLD,False,NONE,HOLD,LLM_HOLD,0.0,,
2379,pressure,0,13,0,6,0.0,39.0,HOLD-REQUEST_EW,HOLD,False,NONE,HOLD,LLM_HOLD,0.0,,
2380,pressure,0,14,0,6,0.0,45.0,HOLD-REQUEST_EW,PRESSURE_DECISION,False,NONE,SWITCH,LLM_APPROVED,0.0,,
2381,pressure,1,0,0,6,0.0,51.0,HOLD,HOLD,False,NONE,HOLD,TRANSITION_IN_PROGRESS,0.0,,
2382,pressure,1,1,0,6,0.0,57.0,HOLD,HOLD,False,NONE,HOLD,TRANSITION_IN_PROGRESS,0.0,,
2383,pressure,1,2,0,6,0.0,63.0,HOLD,HOLD,False,NONE,HOLD,TRANSITION_IN_PROGRESS,0.0,,
2384,pressure,2,0,0,7,0.0,70.0,HOLD,HOLD,False,NONE,HOLD,TRANSITION_IN_PROGRESS,0.0,,
2385,pressure,2,1,0,8,0.0,78.0,HOLD,HOLD,False,NONE,HOLD,TRANSITION_IN_PROGRESS,0.0,,
2386,pressure,3,0,0,6,0.0,48.0,HOLD,HOLD,False,NONE,HOLD,LLM_HOLD,0.0,,
2387,pressure,3,1,1,4,1.0,25.0,HOLD,HOLD,False,NONE,HOLD,LLM_HOLD,0.0,,
2388,pressure,3,2,2,2,3.0,9.0,HOLD,HOLD,False,NONE,HOLD,LLM_HOLD,0.0,,
2389,pressure,3,3,2,0,5.0,0.0,HOLD,HOLD,False,NONE,HOLD,LLM_HOLD,0.0,,
2390,pressure,3,4,2,0,7.0,0.0,HOLD,HOLD,False,NONE,HOLD,LLM_HOLD,0.0,,
2391,pressure,3,5,2,0,9.0,0.0,HOLD,HOLD,False,NONE,HOLD,LLM_HOLD,0.0,,
2392,pressure,3,6,3,0,12.0,0.0,HOLD,HOLD,False,NONE,HOLD,LLM_HOLD,0.0,,
2393,pressure,3,7,3,0,15.0,0.0,HOLD,HOLD,False,NONE,HOLD,LLM_HOLD,0.0,,
2394,pressure,3,8,4,0,19.0,0.0,HOLD,HOLD,False,NONE,HOLD,LLM_HOLD,0.0,,
2395,pressure,3,9,4,0,23.0,0.0,HOLD-REQUEST_NS,HOLD,False,NONE,HOLD,LLM_HOLD,0.0,,
2396,pressure,3,10,4,0,27.0,0.0,HOLD-REQUEST_NS,HOLD,False,NONE,HOLD,LLM_HOLD,0.0,,
2397,pressure,3,11,4,0,31.0,0.0,HOLD-REQUEST_NS,HOLD,False,NONE,HOLD,LLM_HOLD,0.0,,
2398,pressure,3,12,6,0,37.0,0.0,HOLD-REQUEST_NS,HOLD,False,NONE,HOLD,LLM_HOLD,0.0,,
2399,pressure,3,13,6,0,43.0,0.0,HOLD-REQUEST_NS,HOLD,False,NONE,HOLD,LLM_HOLD,0.0,,
2400,pressure,3,14,6,0,49.0,0.0,HOLD-REQUEST_NS,PRESSURE_DECISION,False,NONE,SWITCH,LLM_APPROVED,0.0,,
2401,pressure,4,0,6,0,55.0,0.0,HOLD,HOLD,False,NONE,HOLD,TRANSITION_IN_PROGRESS,0.0,,
2402,pressure,4,1,6,0,61.0,0.0,HOLD,HOLD,False,NONE,HOLD,TRANSITION_IN_PROGRESS,0.0,,
2403,pressure,4,2,7,0,68.0,0.0,HOLD,HOLD,False,NONE,HOLD,TRANSITION_IN_PROGRESS,0.0,,
2404,pressure,5,0,7,1,75.0,1.0,HOLD,HOLD,False,NONE,HOLD,TRANSITION_IN_PROGRESS,0.0,,
2405,pressure,5,1,8,2,83.0,3.0,HOLD,HOLD,False,NONE,HOLD,TRANSITION_IN_PROGRESS,0.0,,
2406,pressure,0,0,6,2,52.0,5.0,HOLD,HOLD,False,NONE,HOLD,LLM_HOLD,0.0,,
2407,pressure,0,1,4,2,28.0,7.0,HOLD,HOLD,False,NONE,HOLD,LLM_HOLD,0.0,,
2408,pressure,0,2,2,2,10.0,9.0,HOLD,HOLD,False,NONE,HOLD,LLM_HOLD,0.0,,
2409,pressure,0,3,1,2,1.0,11.0,HOLD,HOLD,False,NONE,HOLD,LLM_HOLD,0.0,,
2410,pressure,0,4,0,2,0.0,13.0,HOLD,HOLD,False,NONE,HOLD,LLM_HOLD,0.0,,
2411,pressure,0,5,0,2,0.0,15.0,HOLD,HOLD,False,NONE,HOLD,LLM_HOLD,0.0,,
2412,pressure,0,6,0,4,0.0,19.0,HOLD,HOLD,False,NONE,HOLD,LLM_HOLD,0.0,,
2413,pressure,0,7,0,4,0.0,23.0,HOLD,HOLD,False,NONE,HOLD,LLM_HOLD,0.0,,
2414,pressure,0,8,0,4,0.0,27.0,HOLD,HOLD,False,NONE,HOLD,LLM_HOLD,0.0,,
2415,pressure,0,9,0,4,0.0,31.0,HOLD-REQUEST_EW,HOLD,False,NONE,HOLD,LLM_HOLD,0.0,,
2416,pressure,0,10,0,4,0.0,35.0,HOLD-REQUEST_EW,HOLD,False,NONE,HOLD,LLM_HOLD,0.0,,
2417,pressure,0,11,0,5,0.0,40.0,HOLD-REQUEST_EW,HOLD,False,NONE,HOLD,LLM_HOLD,0.0,,
2418,pressure,0,12,0,6,0.0,46.0,HOLD-REQUEST_EW,HOLD,False,NONE,HOLD,LLM_HOLD,0.0,,
2419,pressure,0,13,0,6,0.0,52.0,HOLD-REQUEST_EW,HOLD,False,NONE,HOLD,LLM_HOLD,0.0,,
2420,pressure,0,14,0,6,0.0,58.0,HOLD-REQUEST_EW,PRESSURE_DECISION,False,NONE,SWITCH,LLM_APPROVED,0.0,,
2421,pressure,1,0,0,6,0.0,64.0,HOLD,HOLD,False,NONE,HOLD,TRANSITION_IN_PROGRESS,0.0,,
2422,pressure,1,1,0,6,0.0,70.0,HOLD,HOLD,False,NONE,HOLD,TRANSITION_IN_PROGRESS,0.0,,
2423,pressure,1,2,0,6,0.0,76.0,HOLD,HOLD,False,NONE,HOLD,TRANSITION_IN_PROGRESS,0.0,,
2424,pressure,2,0,0,8,0.0,84.0,HOLD,HOLD,False,NONE,HOLD,TRANSITION_IN_PROGRESS,0.0,,
2425,pressure,2,1,0,8,0.0,92.0,HOLD,HOLD,False,NONE,HOLD,TRANSITION_IN_PROGRESS,0.0,,
2426,pressure,3,0,0,6,0.0,55.0,HOLD,HOLD,False,NONE,HOLD,LLM_HOLD,0.0,,
2427,pressure,3,1,0,4,0.0,29.0,HOLD,HOLD,False,NONE,HOLD,LLM_HOLD,0.0,,
2428,pressure,3,2,0,3,0.0,11.0,HOLD,HOLD,False,NONE,HOLD,LLM_HOLD,0.0,,
2429,pressure,3,3,1,1,1.0,2.0,HOLD,HOLD,False,NONE,HOLD,LLM_HOLD,0.0,,
2430,pressure,3,4,2,0,3.0,0.0,HOLD,HOLD,False,NONE,HOLD,LLM_HOLD,0.0,,
2431,pressure,3,5,2,0,5.0,0.0,HOLD,HOLD,False,NONE,HOLD,LLM_HOLD,0.0,,
2432,pressure,3,6,2,0,7.0,0.0,HOLD,HOLD,False,NONE,HOLD,LLM_HOLD,0.0,,
2433,pressure,3,7,2,0,9.0,0.0,HOLD,HOLD,False,NONE,HOLD,LLM_HOLD,0.0,,
2434,pressure,3,8,2,0,11.0,0.0,HOLD,HOLD,False,NONE,HOLD,LLM_HOLD,0.0,,
2435,pressure,3,9,3,0,14.0,0.0,HOLD-REQUEST_NS,HOLD,False,NONE,HOLD,LLM_HOLD,0.0,,
2436,pressure,3,10,3,0,17.0,0.0,HOLD-REQUEST_NS,HOLD,False,NONE,HOLD,LLM_HOLD,0.0,,
2437,pressure,3,11,4,0,21.0,0.0,HOLD-REQUEST_NS,HOLD,False,NONE,HOLD,LLM_HOLD,0.0,,
2438,pressure,3,12,4,0,25.0,0.0,HOLD-REQUEST_NS,HOLD,False,NONE,HOLD,LLM_HOLD,0.0,,
2439,pressure,3,13,4,0,29.0,0.0,HOLD-REQUEST_NS,HOLD,False,NONE,HOLD,LLM_HOLD,0.0,,
2440,pressure,3,14,4,0,33.0,0.0,HOLD-REQUEST_NS,PRESSURE_DECISION,False,NONE,SWITCH,LLM_APPROVED,0.0,,
2441,pressure,4,0,6,0,39.0,0.0,HOLD,HOLD,False,NONE,HOLD,TRANSITION_IN_PROGRESS,0.0,,
2442,pressure,4,1,6,0,45.0,0.0,HOLD,HOLD,False,NONE,HOLD,TRANSITION_IN_PROGRESS,0.0,,
2443,pressure,4,2,6,0,51.0,0.0,HOLD,HOLD,False,NONE,HOLD,TRANSITION_IN_PROGRESS,0.0,,
2444,pressure,5,0,6,0,57.0,0.0,HOLD,HOLD,False,NONE,HOLD,TRANSITION_IN_PROGRESS,0.0,,
2445,pressure,5,1,7,0,64.0,0.0,HOLD,HOLD,False,NONE,HOLD,TRANSITION_IN_PROGRESS,0.0,,
2446,pressure,0,0,5,0,36.0,0.0,HOLD,HOLD,False,NONE,HOLD,LLM_HOLD,0.0,,
2447,pressure,0,1,4,0,18.0,0.0,HOLD,HOLD,False,NONE,HOLD,LLM_HOLD,0.0,,
2448,pressure,0,2,2,0,6.0,0.0,HOLD,HOLD,False,NONE,HOLD,LLM_HOLD,0.0,,
2449,pressure,0,3,0,1,0.0,1.0,HOLD,HOLD,False,NONE,HOLD,LLM_HOLD,0.0,,
2450,pressure,0,4,0,2,0.0,3.0,HOLD,HOLD,False,NONE,HOLD,LLM_HOLD,0.0,,
2451,pressure,0,5,0,2,0.0,5.0,HOLD,HOLD,False,NONE,HOLD,LLM_HOLD,0.0,,
2452,pressure,0,6,0,2,0.0,7.0,HOLD,HOLD,False,NONE,HOLD,LLM_HOLD,0.0,,
2453,pressure,0,7,0,2,0.0,9.0,HOLD,HOLD,False,NONE,HOLD,LLM_HOLD,0.0,,
2454,pressure,0,8,0,2,0.0,11.0,HOLD,HOLD,False,NONE,HOLD,LLM_HOLD,0.0,,
2455,pressure,0,9,0,2,0.0,13.0,HOLD-REQUEST_EW,HOLD,False,NONE,HOLD,LLM_HOLD,0.0,,
2456,pressure,0,10,0,4,0.0,17.0,HOLD-REQUEST_EW,HOLD,False,NONE,HOLD,LLM_HOLD,0.0,,
2457,pressure,0,11,0,4,0.0,21.0,HOLD-REQUEST_EW,HOLD,False,NONE,HOLD,LLM_HOLD,0.0,,
2458,pressure,0,12,0,4,0.0,25.0,HOLD-REQUEST_EW,HOLD,False,NONE,HOLD,LLM_HOLD,0.0,,
2459,pressure,0,13,0,4,0.0,29.0,HOLD-REQUEST_EW,HOLD,False,NONE,HOLD,LLM_HOLD,0.0,,
2460,pressure,0,14,0,4,0.0,33.0,HOLD-REQUEST_EW,PRESSURE_DECISION,False,NONE,SWITCH,LLM_APPROVED,0.0,,
2461,pressure,1,0,0,6,0.0,39.0,HOLD,HOLD,False,NONE,HOLD,TRANSITION_IN_PROGRESS,0.0,,
2462,pressure,1,1,0,6,0.0,45.0,HOLD,HOLD,False,NONE,HOLD,TRANSITION_IN_PROGRESS,0.0,,
2463,pressure,1,2,0,6,0.0,51.0,HOLD,HOLD,False,NONE,HOLD,TRANSITION_IN_PROGRESS,0.0,,
2464,pressure,2,0,0,6,0.0,57.0,HOLD,HOLD,False,NONE,HOLD,TRANSITION_IN_PROGRESS,0.0,,
2465,pressure,2,1,2,6,2.0,63.0,HOLD,HOLD,False,NONE,HOLD,TRANSITION_IN_PROGRESS,0.0,,
2466,pressure,3,0,2,5,4.0,35.0,HOLD,HOLD,False,NONE,HOLD,LLM_HOLD,0.0,,
2467,pressure,3,1,2,4,6.0,17.0,HOLD,HOLD,False,NONE,HOLD,LLM_HOLD,0.0,,
2468,pressure,3,2,2,2,8.0,5.0,HOLD,HOLD,False,NONE,HOLD,LLM_HOLD,0.0,,
2469,pressure,3,3,2,0,10.0,0.0,HOLD,HOLD,False,NONE,HOLD,LLM_HOLD,0.0,,
2470,pressure,3,4,2,0,12.0,0.0,HOLD,HOLD,False,NONE,HOLD,LLM_HOLD,0.0,,
2471,pressure,3,5,4,0,16.0,0.0,HOLD,HOLD,False,NONE,HOLD,LLM_HOLD,0.0,,
2472,pressure,3,6,4,0,20.0,0.0,HOLD,HOLD,False,NONE,HOLD,LLM_HOLD,0.0,,
2473,pressure,3,7,4,0,24.0,0.0,HOLD,HOLD,False,NONE,HOLD,LLM_HOLD,0.0,,
2474,pressure,3,8,4,0,28.0,0.0,HOLD,HOLD,False,NONE,HOLD,LLM_HOLD,0.0,,
2475,pressure,3,9,4,0,32.0,0.0,HOLD-REQUEST_NS,HOLD,False,NONE,HOLD,LLM_HOLD,0.0,,
2476,pressure,3,10,5,0,37.0,0.0,HOLD-REQUEST_NS,HOLD,False,NONE,HOLD,LLM_HOLD,0.0,,
2477,pressure,3,11,6,0,43.0,0.0,HOLD-REQUEST_NS,HOLD,False,NONE,HOLD,LLM_HOLD,0.0,,
2478,pressure,3,12,6,0,49.0,0.0,HOLD-REQUEST_NS,HOLD,False,NONE,HOLD,LLM_HOLD,0.0,,
2479,pressure,3,13,6,0,55.0,0.0,HOLD-REQUEST_NS,HOLD,False,NONE,HOLD,LLM_HOLD,0.0,,
2480,pressure,3,14,6,0,61.0,0.0,HOLD-REQUEST_NS,PRESSURE_DECISION,False,NONE,SWITCH,LLM_APPROVED,0.0,,
2481,pressure,4,0,8,0,69.0,0.0,HOLD,HOLD,False,NONE,HOLD,TRANSITION_IN_PROGRESS,0.0,,
2482,pressure,4,1,8,0,77.0,0.0,HOLD,HOLD,False,NONE,HOLD,TRANSITION_IN_PROGRESS,0.0,,
2483,pressure,4,2,8,0,85.0,0.0,HOLD,HOLD,False,NONE,HOLD,TRANSITION_IN_PROGRESS,0.0,,
2484,pressure,5,0,8,0,93.0,0.0,HOLD,HOLD,False,NONE,HOLD,TRANSITION_IN_PROGRESS,0.0,,
2485,pressure,5,1,8,0,101.0,0.0,HOLD,HOLD,False,NONE,HOLD,TRANSITION_IN_PROGRESS,0.0,,
2486,pressure,0,0,6,0,65.0,0.0,HOLD,HOLD,False,NONE,HOLD,LLM_HOLD,0.0,,
2487,pressure,0,1,6,1,39.0,1.0,HOLD,HOLD,False,NONE,HOLD,LLM_HOLD,0.0,,
2488,pressure,0,2,4,2,20.0,3.0,HOLD,HOLD,False,NONE,HOLD,LLM_HOLD,0.0,,
2489,pressure,0,3,2,2,6.0,5.0,HOLD,HOLD,False,NONE,HOLD,LLM_HOLD,0.0,,
2490,pressure,0,4,0,2,0.0,7.0,HOLD,HOLD,False,NONE,HOLD,LLM_HOLD,0.0,,
2491,pressure,0,5,0,2,0.0,9.0,HOLD,HOLD,False,NONE,HOLD,LLM_HOLD,0.0,,
2492,pressure,0,6,0,2,0.0,11.0,HOLD,HOLD,False,NONE,HOLD,LLM_HOLD,0.0,,
2493,pressure,0,7,0,3,0.0,14.0,HOLD,HOLD,False,NONE,HOLD,LLM_HOLD,0.0,,
2494,pressure,0,8,0,4,0.0,18.0,HOLD,HOLD,False,NONE,HOLD,LLM_HOLD,0.0,,
2495,pressure,0,9,0,4,0.0,22.0,HOLD-REQUEST_EW,HOLD,False,NONE,HOLD,LLM_HOLD,0.0,,
2496,pressure,0,10,0,4,0.0,26.0,HOLD-REQUEST_EW,HOLD,False,NONE,HOLD,LLM_HOLD,0.0,,
2497,pressure,0,11,0,4,0.0,30.0,HOLD-REQUEST_EW,HOLD,False,NONE,HOLD,LLM_HOLD,0.0,,
2498,pressure,0,12,0,4,0.0,34.0,HOLD-REQUEST_EW,HOLD,False,NONE,HOLD,LLM_HOLD,0.0,,
2499,pressure,0,13,0,5,0.0,39.0,HOLD-REQUEST_EW,HOLD,False,NONE,HOLD,LLM_HOLD,0.0,,
2500,pressure,0,14,0,6,0.0,45.0,HOLD-REQUEST_EW,PRESSURE_DECISION,False,NONE,SWITCH,LLM_APPROVED,0.0,,
2501,pressure,1,0,0,6,0.0,51.0,HOLD,HOLD,False,NONE,HOLD,TRANSITION_IN_PROGRESS,0.0,,
2502,pressure,1,1,0,6,0.0,57.0,HOLD,HOLD,False,NONE,HOLD,TRANSITION_IN_PROGRESS,0.0,,
2503,pressure,1,2,0,6,0.0,63.0,HOLD,HOLD,False,NONE,HOLD,TRANSITION_IN_PROGRESS,0.0,,
2504,pressure,2,0,0,6,0.0,69.0,HOLD,HOLD,False,NONE,HOLD,TRANSITION_IN_PROGRESS,0.0,,
2505,pressure,2,1,0,8,0.0,77.0,HOLD,HOLD,False,NONE,HOLD,TRANSITION_IN_PROGRESS,0.0,,
2506,pressure,3,0,0,6,0.0,46.0,HOLD,HOLD,False,NONE,HOLD,LLM_HOLD,0.0,,
2507,pressure,3,1,0,4,0.0,23.0,HOLD,HOLD,False,NONE,HOLD,LLM_HOLD,0.0,,
2508,pressure,3,2,2,2,2.0,8.0,HOLD,HOLD,False,NONE,HOLD,LLM_HOLD,0.0,,
2509,pressure,3,3,2,0,4.0,0.0,HOLD,HOLD,False,NONE,HOLD,LLM_HOLD,0.0,,
2510,pressure,3,4,2,0,6.0,0.0,HOLD,HOLD,False,NONE,HOLD,LLM_HOLD,0.0,,
2511,pressure,3,5,2,0,8.0,0.0,HOLD,HOLD,False,NONE,HOLD,LLM_HOLD,0.0,,
2512,pressure,3,6,2,0,10.0,0.0,HOLD,HOLD,False,NONE,HOLD,LLM_HOLD,0.0,,
2513,pressure,3,7,4,0,14.0,0.0,HOLD,HOLD,False,NONE,HOLD,LLM_HOLD,0.0,,
2514,pressure,3,8,4,0,18.0,0.0,HOLD,HOLD,False,NONE,HOLD,LLM_HOLD,0.0,,
2515,pressure,3,9,4,0,22.0,0.0,HOLD-REQUEST_NS,HOLD,False,NONE,HOLD,LLM_HOLD,0.0,,
2516,pressure,3,10,4,0,26.0,0.0,HOLD-REQUEST_NS,HOLD,False,NONE,HOLD,LLM_HOLD,0.0,,
2517,pressure,3,11,4,0,30.0,0.0,HOLD-REQUEST_NS,HOLD,False,NONE,HOLD,LLM_HOLD,0.0,,
2518,pressure,3,12,5,0,35.0,0.0,HOLD-REQUEST_NS,HOLD,False,NONE,HOLD,LLM_HOLD,0.0,,
2519,pressure,3,13,6,0,41.0,0.0,HOLD-REQUEST_NS,HOLD,False,NONE,HOLD,LLM_HOLD,0.0,,
2520,pressure,3,14,6,0,47.0,0.0,HOLD-REQUEST_NS,PRESSURE_DECISION,False,NONE,SWITCH,LLM_APPROVED,0.0,,
2521,pressure,4,0,6,0,53.0,0.0,HOLD,HOLD,False,NONE,HOLD,TRANSITION_IN_PROGRESS,0.0,,
2522,pressure,4,1,6,0,59.0,0.0,HOLD,HOLD,False,NONE,HOLD,TRANSITION_IN_PROGRESS,0.0,,
2523,pressure,4,2,7,0,66.0,0.0,HOLD,HOLD,False,NONE,HOLD,TRANSITION_IN_PROGRESS,0.0,,
2524,pressure,5,0,8,0,74.0,0.0,HOLD,HOLD,False,NONE,HOLD,TRANSITION_IN_PROGRESS,0.0,,
2525,pressure,5,1,8,0,82.0,0.0,HOLD,HOLD,False,NONE,HOLD,TRANSITION_IN_PROGRESS,0.0,,
2526,pressure,0,0,6,2,52.0,2.0,HOLD,HOLD,False,NONE,HOLD,LLM_HOLD,0.0,,
2527,pressure,0,1,4,2,28.0,4.0,HOLD,HOLD,False,NONE,HOLD,LLM_HOLD,0.0,,
2528,pressure,0,2,2,2,11.0,6.0,HOLD,HOLD,False,NONE,HOLD,LLM_HOLD,0.0,,
2529,pressure,0,3,1,2,1.0,8.0,HOLD,HOLD,False,NONE,HOLD,LLM_HOLD,0.0,,
2530,pressure,0,4,0,2,0.0,10.0,HOLD,HOLD,False,NONE,HOLD,LLM_HOLD,0.0,,
2531,pressure,0,5,0,2,0.0,12.0,HOLD,HOLD,False,NONE,HOLD,LLM_HOLD,0.0,,
2532,pressure,0,6,0,4,0.0,16.0,HOLD,HOLD,False,NONE,HOLD,LLM_HOLD,0.0,,
2533,pressure,0,7,0,4,0.0,20.0,HOLD,HOLD,False,NONE,HOLD,LLM_HOLD,0.0,,
2534,pressure,0,8,0,4,0.0,24.0,HOLD,HOLD,False,NONE,HOLD,LLM_HOLD,0.0,,
2535,pressure,0,9,0,4,0.0,28.0,HOLD-REQUEST_EW,HOLD,False,NONE,HOLD,LLM_HOLD,0.0,,
2536,pressure,0,10,0,4,0.0,32.0,HOLD-REQUEST_EW,HOLD,False,NONE,HOLD,LLM_HOLD,0.0,,
2537,pressure,0,11,0,4,0.0,36.0,HOLD-REQUEST_EW,HOLD,False,NONE,HOLD,LLM_HOLD,0.0,,
2538,pressure,0,12,0,6,0.0,42.0,HOLD-REQUEST_EW,HOLD,False,NONE,HOLD,LLM_HOLD,0.0,,
2539,pressure,0,13,0,6,0.0,48.0,HOLD-REQUEST_EW,HOLD,False,NONE,HOLD,LLM_HOLD,0.0,,
2540,pressure,0,14,0,6,0.0,54.0,HOLD-REQUEST_EW,PRESSURE_DECISION,False,NONE,SWITCH,LLM_APPROVED,0.0,,
2541,pressure,1,0,0,7,0.0,61.0,HOLD,HOLD,False,NONE,HOLD,TRANSITION_IN_PROGRESS,0.0,,
2542,pressure,1,1,0,7,0.0,68.0,HOLD,HOLD,False,NONE,HOLD,TRANSITION_IN_PROGRESS,0.0,,
2543,pressure,1,2,0,8,0.0,76.0,HOLD,HOLD,False,NONE,HOLD,TRANSITION_IN_PROGRESS,0.0,,
2544,pressure,2,0,0,8,0.0,84.0,HOLD,HOLD,False,NONE,HOLD,TRANSITION_IN_PROGRESS,0.0,,
2545,pressure,2,1,0,8,0.0,92.0,HOLD,HOLD,False,NONE,HOLD,TRANSITION_IN_PROGRESS,0.0,,
2546,pressure,3,0,0,6,0.0,58.0,HOLD,HOLD,False,NONE,HOLD,LLM_HOLD,0.0,,
2547,pressure,3,1,0,4,0.0,32.0,HOLD,HOLD,False,NONE,HOLD,LLM_HOLD,0.0,,
2548,pressure,3,2,0,2,0.0,14.0,HOLD,HOLD,False,NONE,HOLD,LLM_HOLD,0.0,,
2549,pressure,3,3,1,0,1.0,0.0,HOLD,HOLD,False,NONE,HOLD,LLM_HOLD,0.0,,
2550,pressure,3,4,2,0,3.0,0.0,HOLD,HOLD,False,NONE,HOLD,LLM_HOLD,0.0,,
2551,pressure,3,5,2,0,5.0,0.0,HOLD,HOLD,False,NONE,HOLD,LLM_HOLD,0.0,,
2552,pressure,3,6,2,0,7.0,0.0,HOLD,HOLD,False,NONE,HOLD,LLM_HOLD,0.0,,
2553,pressure,3,7,2,0,9.0,0.0,HOLD,HOLD,False,NONE,HOLD,LLM_HOLD,0.0,,
2554,pressure,3,8,2,0,11.0,0.0,HOLD,HOLD,False,NONE,HOLD,LLM_HOLD,0.0,,
2555,pressure,3,9,3,0,14.0,0.0,HOLD-REQUEST_NS,HOLD,False,NONE,HOLD,LLM_HOLD,0.0,,
2556,pressure,3,10,4,0,18.0,0.0,HOLD-REQUEST_NS,HOLD,False,NONE,HOLD,LLM_HOLD,0.0,,
2557,pressure,3,11,4,0,22.0,0.0,HOLD-REQUEST_NS,HOLD,False,NONE,HOLD,LLM_HOLD,0.0,,
2558,pressure,3,12,4,0,26.0,0.0,HOLD-REQUEST_NS,HOLD,False,NONE,HOLD,LLM_HOLD,0.0,,
2559,pressure,3,13,4,0,30.0,0.0,HOLD-REQUEST_NS,HOLD,False,NONE,HOLD,LLM_HOLD,0.0,,
2560,pressure,3,14,4,0,34.0,0.0,HOLD-REQUEST_NS,PRESSURE_DECISION,False,NONE,SWITCH,LLM_APPROVED,0.0,,
2561,pressure,4,0,6,0,40.0,0.0,HOLD,HOLD,False,NONE,HOLD,TRANSITION_IN_PROGRESS,0.0,,
2562,pressure,4,1,6,0,46.0,0.0,HOLD,HOLD,False,NONE,HOLD,TRANSITION_IN_PROGRESS,0.0,,
2563,pressure,4,2,6,0,52.0,0.0,HOLD,HOLD,False,NONE,HOLD,TRANSITION_IN_PROGRESS,0.0,,
2564,pressure,5,0,6,0,58.0,0.0,HOLD,HOLD,False,NONE,HOLD,TRANSITION_IN_PROGRESS,0.0,,
2565,pressure,5,1,6,1,64.0,1.0,HOLD,HOLD,False,NONE,HOLD,TRANSITION_IN_PROGRESS,0.0,,
2566,pressure,0,0,5,1,36.0,2.0,HOLD,HOLD,False,NONE,HOLD,LLM_HOLD,0.0,,
2567,pressure,0,1,4,1,17.0,3.0,HOLD,HOLD,False,NONE,HOLD,LLM_HOLD,0.0,,
2568,pressure,0,2,2,1,5.0,4.0,HOLD,HOLD,False,NONE,HOLD,LLM_HOLD,0.0,,
2569,pressure,0,3,0,3,0.0,7.0,HOLD,HOLD,False,NONE,HOLD,LLM_HOLD,0.0,,
2570,pressure,0,4,0,3,0.0,10.0,HOLD,HOLD,False,NONE,HOLD,LLM_HOLD,0.0,,
2571,pressure,0,5,0,3,0.0,13.0,HOLD,HOLD,False,NONE,HOLD,LLM_HOLD,0.0,,
2572,pressure,0,6,0,3,0.0,16.0,HOLD,HOLD,False,NONE,HOLD,LLM_HOLD,0.0,,
2573,pressure,0,7,0,3,0.0,19.0,HOLD,HOLD,False,NONE,HOLD,LLM_HOLD,0.0,,
2574,pressure,0,8,0,3,0.0,22.0,HOLD,HOLD,False,NONE,HOLD,LLM_HOLD,0.0,,
2575,pressure,0,9,0,3,0.0,25.0,HOLD-REQUEST_EW,HOLD,False,NONE,HOLD,LLM_HOLD,0.0,,
2576,pressure,0,10,0,5,0.0,30.0,HOLD-REQUEST_EW,HOLD,False,NONE,HOLD,LLM_HOLD,0.0,,
2577,pressure,0,11,0,5,0.0,35.0,HOLD-REQUEST_EW,HOLD,False,NONE,HOLD,LLM_HOLD,0.0,,
2578,pressure,0,12,0,5,0.0,40.0,HOLD-REQUEST_EW,HOLD,False,NONE,HOLD,LLM_HOLD,0.0,,
2579,pressure,0,13,0,5,0.0,45.0,HOLD-REQUEST_EW,HOLD,False,NONE,HOLD,LLM_HOLD,0.0,,
2580,pressure,0,14,0,5,0.0,50.0,HOLD-REQUEST_EW,PRESSURE_DECISION,False,NONE,SWITCH,LLM_APPROVED,0.0,,
2581,pressure,1,0,0,7,0.0,57.0,HOLD,HOLD,False,NONE,HOLD,TRANSITION_IN_PROGRESS,0.0,,
2582,pressure,1,1,0,7,0.0,64.0,HOLD,HOLD,False,NONE,HOLD,TRANSITION_IN_PROGRESS,0.0,,
2583,pressure,1,2,0,7,0.0,71.0,HOLD,HOLD,False,NONE,HOLD,TRANSITION_IN_PROGRESS,0.0,,
2584,pressure,2,0,0,7,0.0,78.0,HOLD,HOLD,False,NONE,HOLD,TRANSITION_IN_PROGRESS,0.0,,
2585,pressure,2,1,1,7,1.0,85.0,HOLD,HOLD,False,NONE,HOLD,TRANSITION_IN_PROGRESS,0.0,,
2586,pressure,3,0,1,6,2.0,53.0,HOLD,HOLD,False,NONE,HOLD,LLM_HOLD,0.0,,
2587,pressure,3,1,1,5,3.0,29.0,HOLD,HOLD,False,NONE,HOLD,LLM_HOLD,0.0,,
2588,pressure,3,2,1,3,4.0,13.0,HOLD,HOLD,False,NONE,HOLD,LLM_HOLD,0.0,,
2589,pressure,3,3,2,1,6.0,3.0,HOLD,HOLD,False,NONE,HOLD,LLM_HOLD,0.0,,
2590,pressure,3,4,2,0,8.0,0.0,HOLD,HOLD,False,NONE,HOLD,LLM_HOLD,0.0,,
2591,pressure,3,5,4,0,12.0,0.0,HOLD,HOLD,False,NONE,HOLD,LLM_HOLD,0.0,,
2592,pressure,3,6,4,0,16.0,0.0,HOLD,HOLD,False,NONE,HOLD,LLM_HOLD,0.0,,
2593,pressure,3,7,4,0,20.0,0.0,HOLD,HOLD,False,NONE,HOLD,LLM_HOLD,0.0,,
2594,pressure,3,8,4,0,24.0,0.0,HOLD,HOLD,False,NONE,HOLD,LLM_HOLD,0.0,,
2595,pressure,3,9,4,0,28.0,0.0,HOLD-REQUEST_NS,HOLD,False,NONE,HOLD,LLM_HOLD,0.0,,
2596,pressure,3,10,4,0,32.0,0.0,HOLD-REQUEST_NS,HOLD,False,NONE,HOLD,LLM_HOLD,0.0,,
2597,pressure,3,11,5,0,37.0,0.0,HOLD-REQUEST_NS,HOLD,False,NONE,HOLD,LLM_HOLD,0.0,,
2598,pressure,3,12,5,0,42.0,0.0,HOLD-REQUEST_NS,HOLD,False,NONE,HOLD,LLM_HOLD,0.0,,
2599,pressure,3,13,6,0,48.0,0.0,HOLD-REQUEST_NS,HOLD,False,NONE,HOLD,LLM_HOLD,0.0,,
2600,pressure,3,14,6,0,54.0,0.0,HOLD-REQUEST_NS,PRESSURE_DECISION,False,NONE,SWITCH,LLM_APPROVED,0.0,,
2601,pressure,4,0,6,0,60.0,0.0,HOLD,HOLD,False,NONE,HOLD,TRANSITION_IN_PROGRESS,0.0,,
2602,pressure,4,1,8,0,68.0,0.0,HOLD,HOLD,False,NONE,HOLD,TRANSITION_IN_PROGRESS,0.0,,
2603,pressure,4,2,8,0,76.0,0.0,HOLD,HOLD,False,NONE,HOLD,TRANSITION_IN_PROGRESS,0.0,,
2604,pressure,5,0,8,0,84.0,0.0,HOLD,HOLD,False,NONE,HOLD,TRANSITION_IN_PROGRESS,0.0,,
2605,pressure,5,1,8,0,92.0,0.0,HOLD,HOLD,False,NONE,HOLD,TRANSITION_IN_PROGRESS,0.0,,
2606,pressure,0,0,6,1,60.0,1.0,HOLD,HOLD,False,NONE,HOLD,LLM_HOLD,0.0,,
2607,pressure,0,1,5,1,33.0,2.0,HOLD,HOLD,False,NONE,HOLD,LLM_HOLD,0.0,,
2608,pressure,0,2,4,2,17.0,4.0,HOLD,HOLD,False,NONE,HOLD,LLM_HOLD,0.0,,
2609,pressure,0,3,2,2,5.0,6.0,HOLD,HOLD,False,NONE,HOLD,LLM_HOLD,0.0,,
2610,pressure,0,4,0,2,0.0,8.0,HOLD,HOLD,False,NONE,HOLD,LLM_HOLD,0.0,,
2611,pressure,0,5,0,2,0.0,10.0,HOLD,HOLD,False,NONE,HOLD,LLM_HOLD,0.0,,
2612,pressure,0,6,0,2,0.0,12.0,HOLD,HOLD,False,NONE,HOLD,LLM_HOLD,0.0,,
2613,pressure,0,7,0,2,0.0,14.0,HOLD,HOLD,False,NONE,HOLD,LLM_HOLD,0.0,,
2614,pressure,0,8,0,2,0.0,16.0,HOLD,HOLD,False,NONE,HOLD,LLM_HOLD,0.0,,
2615,pressure,0,9,0,4,0.0,20.0,HOLD-REQUEST_EW,HOLD,False,NONE,HOLD,LLM_HOLD,0.0,,
2616,pressure,0,10,0,4,0.0,24.0,HOLD-REQUEST_EW,HOLD,False,NONE,HOLD,LLM_HOLD,0.0,,
2617,pressure,0,11,0,4,0.0,28.0,HOLD-REQUEST_EW,HOLD,False,NONE,HOLD,LLM_HOLD,0.0,,
2618,pressure,0,12,0,4,0.0,32.0,HOLD-REQUEST_EW,HOLD,False,NONE,HOLD,LLM_HOLD,0.0,,
2619,pressure,0,13,0,5,0.0,37.0,HOLD-REQUEST_EW,HOLD,False,NONE,HOLD,LLM_HOLD,0.0,,
2620,pressure,0,14,0,6,0.0,43.0,HOLD-REQUEST_EW,PRESSURE_DECISION,False,NONE,SWITCH,LLM_APPROVED,0.0,,
2621,pressure,1,0,0,6,0.0,49.0,HOLD,HOLD,False,NONE,HOLD,TRANSITION_IN_PROGRESS,0.0,,
2622,pressure,1,1,0,6,0.0,55.0,HOLD,HOLD,False,NONE,HOLD,TRANSITION_IN_PROGRESS,0.0,,
2623,pressure,1,2,0,6,0.0,61.0,HOLD,HOLD,False,NONE,HOLD,TRANSITION_IN_PROGRESS,0.0,,
2624,pressure,2,0,0,6,0.0,67.0,HOLD,HOLD,False,NONE,HOLD,TRANSITION_IN_PROGRESS,0.0,,
2625,pressure,2,1,0,8,0.0,75.0,HOLD,HOLD,False,NONE,HOLD,TRANSITION_IN_PROGRESS,0.0,,
2626,pressure,3,0,0,6,0.0,43.0,HOLD,HOLD,False,NONE,HOLD,LLM_HOLD,0.0,,
2627,pressure,3,1,0,4,0.0,23.0,HOLD,HOLD,False,NONE,HOLD,LLM_HOLD,0.0,,
2628,pressure,3,2,1,2,1.0,8.0,HOLD,HOLD,False,NONE,HOLD,LLM_HOLD,0.0,,
2629,pressure,3,3,2,0,3.0,0.0,HOLD,HOLD,False,NONE,HOLD,LLM_HOLD,0.0,,
2630,pressure,3,4,2,0,5.0,0.0,HOLD,HOLD,False,NONE,HOLD,LLM_HOLD,0.0,,
2631,pressure,3,5,2,0,7.0,0.0,HOLD,HOLD,False,NONE,HOLD,LLM_HOLD,0.0,,
2632,pressure,3,6,3,0,10.0,0.0,HOLD,HOLD,False,NONE,HOLD,LLM_HOLD,0.0,,
2633,pressure,3,7,4,0,14.0,0.0,HOLD,HOLD,False,NONE,HOLD,LLM_HOLD,0.0,,
2634,pressure,3,8,4,0,18.0,0.0,HOLD,HOLD,False,NONE,HOLD,LLM_HOLD,0.0,,
2635,pressure,3,9,4,0,22.0,0.0,HOLD-REQUEST_NS,HOLD,False,NONE,HOLD,LLM_HOLD,0.0,,
2636,pressure,3,10,4,0,26.0,0.0,HOLD-REQUEST_NS,HOLD,False,NONE,HOLD,LLM_HOLD,0.0,,
2637,pressure,3,11,5,0,31.0,0.0,HOLD-REQUEST_NS,HOLD,False,NONE,HOLD,LLM_HOLD,0.0,,
2638,pressure,3,12,6,0,37.0,0.0,HOLD-REQUEST_NS,HOLD,False,NONE,HOLD,LLM_HOLD,0.0,,
2639,pressure,3,13,6,0,43.0,0.0,HOLD-REQUEST_NS,HOLD,False,NONE,HOLD,LLM_HOLD,0.0,,
2640,pressure,3,14,6,0,49.0,0.0,HOLD-REQUEST_NS,PRESSURE_DECISION,False,NONE,SWITCH,LLM_APPROVED,0.0,,
2641,pressure,4,0,6,0,55.0,0.0,HOLD,HOLD,False,NONE,HOLD,TRANSITION_IN_PROGRESS,0.0,,
2642,pressure,4,1,6,0,61.0,0.0,HOLD,HOLD,False,NONE,HOLD,TRANSITION_IN_PROGRESS,0.0,,
2643,pressure,4,2,7,0,68.0,0.0,HOLD,HOLD,False,NONE,HOLD,TRANSITION_IN_PROGRESS,0.0,,
2644,pressure,5,0,7,0,75.0,0.0,HOLD,HOLD,False,NONE,HOLD,TRANSITION_IN_PROGRESS,0.0,,
2645,pressure,5,1,8,0,83.0,0.0,HOLD,HOLD,False,NONE,HOLD,TRANSITION_IN_PROGRESS,0.0,,
2646,pressure,0,0,6,2,54.0,2.0,HOLD,HOLD,False,NONE,HOLD,LLM_HOLD,0.0,,
2647,pressure,0,1,4,2,29.0,4.0,HOLD,HOLD,False,NONE,HOLD,LLM_HOLD,0.0,,
2648,pressure,0,2,2,2,10.0,6.0,HOLD,HOLD,False,NONE,HOLD,LLM_HOLD,0.0,,
2649,pressure,0,3,0,2,0.0,8.0,HOLD,HOLD,False,NONE,HOLD,LLM_HOLD,0.0,,
2650,pressure,0,4,0,2,0.0,10.0,HOLD,HOLD,False,NONE,HOLD,LLM_HOLD,0.0,,
2651,pressure,0,5,0,3,0.0,13.0,HOLD,HOLD,False,NONE,HOLD,LLM_HOLD,0.0,,
2652,pressure,0,6,0,4,0.0,17.0,HOLD,HOLD,False,NONE,HOLD,LLM_HOLD,0.0,,
2653,pressure,0,7,0,4,0.0,21.0,HOLD,HOLD,False,NONE,HOLD,LLM_HOLD,0.0,,
2654,pressure,0,8,0,4,0.0,25.0,HOLD,HOLD,False,NONE,HOLD,LLM_HOLD,0.0,,
2655,pressure,0,9,0,4,0.0,29.0,HOLD-REQUEST_EW,HOLD,False,NONE,HOLD,LLM_HOLD,0.0,,
2656,pressure,0,10,0,4,0.0,33.0,HOLD-REQUEST_EW,HOLD,False,NONE,HOLD,LLM_HOLD,0.0,,
2657,pressure,0,11,0,5,0.0,38.0,HOLD-REQUEST_EW,HOLD,False,NONE,HOLD,LLM_HOLD,0.0,,
2658,pressure,0,12,0,6,0.0,44.0,HOLD-REQUEST_EW,HOLD,False,NONE,HOLD,LLM_HOLD,0.0,,
2659,pressure,0,13,0,6,0.0,50.0,HOLD-REQUEST_EW,HOLD,False,NONE,HOLD,LLM_HOLD,0.0,,
2660,pressure,0,14,0,6,0.0,56.0,HOLD-REQUEST_EW,PRESSURE_DECISION,False,NONE,SWITCH,LLM_APPROVED,0.0,,
2661,pressure,1,0,0,6,0.0,62.0,HOLD,HOLD,False,NONE,HOLD,TRANSITION_IN_PROGRESS,0.0,,
2662,pressure,1,1,0,6,0.0,68.0,HOLD,HOLD,False,NONE,HOLD,TRANSITION_IN_PROGRESS,0.0,,
2663,pressure,1,2,0,8,0.0,76.0,HOLD,HOLD,False,NONE,HOLD,TRANSITION_IN_PROGRESS,0.0,,
2664,pressure,2,0,0,8,0.0,84.0,HOLD,HOLD,False,NONE,HOLD,TRANSITION_IN_PROGRESS,0.0,,
2665,pressure,2,1,0,8,0.0,92.0,HOLD,HOLD,False,NONE,HOLD,TRANSITION_IN_PROGRESS,0.0,,
2666,pressure,3,0,0,6,0.0,58.0,HOLD,HOLD,False,NONE,HOLD,LLM_HOLD,0.0,,
2667,pressure,3,1,0,4,0.0,31.0,HOLD,HOLD,False,NONE,HOLD,LLM_HOLD,0.0,,
2668,pressure,3,2,0,2,0.0,12.0,HOLD,HOLD,False,NONE,HOLD,LLM_HOLD,0.0,,
2669,pressure,3,3,0,0,0.0,0.0,HOLD,HOLD,False,NONE,HOLD,LLM_HOLD,0.0,,
2670,pressure,3,4,2,0,2.0,0.0,HOLD,HOLD,False,NONE,HOLD,LLM_HOLD,0.0,,
2671,pressure,3,5,2,0,4.0,0.0,HOLD,HOLD,False,NONE,HOLD,LLM_HOLD,0.0,,
2672,pressure,3,6,2,0,6.0,0.0,HOLD,HOLD,False,NONE,HOLD,LLM_HOLD,0.0,,
2673,pressure,3,7,2,0,8.0,0.0,HOLD,HOLD,False,NONE,HOLD,LLM_HOLD,0.0,,
2674,pressure,3,8,2,0,10.0,0.0,HOLD,HOLD,False,NONE,HOLD,LLM_HOLD,0.0,,
2675,pressure,3,9,3,0,13.0,0.0,HOLD-REQUEST_NS,HOLD,False,NONE,HOLD,LLM_HOLD,0.0,,
2676,pressure,3,10,4,0,17.0,0.0,HOLD-REQUEST_NS,HOLD,False,NONE,HOLD,LLM_HOLD,0.0,,
2677,pressure,3,11,4,0,21.0,0.0,HOLD-REQUEST_NS,HOLD,False,NONE,HOLD,LLM_HOLD,0.0,,
2678,pressure,3,12,4,0,25.0,0.0,HOLD-REQUEST_NS,HOLD,False,NONE,HOLD,LLM_HOLD,0.0,,
2679,pressure,3,13,5,0,30.0,0.0,HOLD-REQUEST_NS,HOLD,False,NONE,HOLD,LLM_HOLD,0.0,,
2680,pressure,3,14,6,0,36.0,0.0,HOLD-REQUEST_NS,PRESSURE_DECISION,False,NONE,SWITCH,LLM_APPROVED,0.0,,
2681,pressure,4,0,6,0,42.0,0.0,HOLD,HOLD,False,NONE,HOLD,TRANSITION_IN_PROGRESS,0.0,,
2682,pressure,4,1,6,0,48.0,0.0,HOLD,HOLD,False,NONE,HOLD,TRANSITION_IN_PROGRESS,0.0,,
2683,pressure,4,2,6,0,54.0,0.0,HOLD,HOLD,False,NONE,HOLD,TRANSITION_IN_PROGRESS,0.0,,
2684,pressure,5,0,6,1,60.0,1.0,HOLD,HOLD,False,NONE,HOLD,TRANSITION_IN_PROGRESS,0.0,,
2685,pressure,5,1,7,1,67.0,2.0,HOLD,HOLD,False,NONE,HOLD,TRANSITION_IN_PROGRESS,0.0,,
2686,pressure,0,0,6,1,41.0,3.0,HOLD,HOLD,False,NONE,HOLD,LLM_HOLD,0.0,,
2687,pressure,0,1,4,1,22.0,4.0,HOLD,HOLD,False,NONE,HOLD,LLM_HOLD,0.0,,
2688,pressure,0,2,2,2,7.0,6.0,HOLD,HOLD,False,NONE,HOLD,LLM_HOLD,0.0,,
2689,pressure,0,3,0,2,0.0,8.0,HOLD,HOLD,False,NONE,HOLD,LLM_HOLD,0.0,,
2690,pressure,0,4,0,3,0.0,11.0,HOLD,HOLD,False,NONE,HOLD,LLM_HOLD,0.0,,
2691,pressure,0,5,0,3,0.0,14.0,HOLD,HOLD,False,NONE,HOLD,LLM_HOLD,0.0,,
2692,pressure,0,6,0,3,0.0,17.0,HOLD,HOLD,False,NONE,HOLD,LLM_HOLD,0.0,,
2693,pressure,0,7,0,3,0.0,20.0,HOLD,HOLD,False,NONE,HOLD,LLM_HOLD,0.0,,
2694,pressure,0,8,0,3,0.0,23.0,HOLD,HOLD,False,NONE,HOLD,LLM_HOLD,0.0,,
2695,pressure,0,9,0,4,0.0,27.0,HOLD-REQUEST_EW,HOLD,False,NONE,HOLD,LLM_HOLD,0.0,,
2696,pressure,0,10,0,4,0.0,31.0,HOLD-REQUEST_EW,HOLD,False,NONE,HOLD,LLM_HOLD,0.0,,
2697,pressure,0,11,0,4,0.0,35.0,HOLD-REQUEST_EW,HOLD,False,NONE,HOLD,LLM_HOLD,0.0,,
2698,pressure,0,12,0,5,0.0,40.0,HOLD-REQUEST_EW,HOLD,False,NONE,HOLD,LLM_HOLD,0.0,,
2699,pressure,0,13,0,5,0.0,45.0,HOLD-REQUEST_EW,HOLD,False,NONE,HOLD,LLM_HOLD,0.0,,
2700,pressure,0,14,0,5,0.0,50.0,HOLD-REQUEST_EW,PRESSURE_DECISION,False,NONE,SWITCH,LLM_APPROVED,0.0,,
2701,pressure,1,0,0,7,0.0,57.0,HOLD,HOLD,False,NONE,HOLD,TRANSITION_IN_PROGRESS,0.0,,
2702,pressure,1,1,0,7,0.0,64.0,HOLD,HOLD,False,NONE,HOLD,TRANSITION_IN_PROGRESS,0.0,,
2703,pressure,1,2,0,7,0.0,71.0,HOLD,HOLD,False,NONE,HOLD,TRANSITION_IN_PROGRESS,0.0,,
2704,pressure,2,0,1,7,1.0,78.0,HOLD,HOLD,False,NONE,HOLD,TRANSITION_IN_PROGRESS,0.0,,
2705,pressure,2,1,1,8,2.0,86.0,HOLD,HOLD,False,NONE,HOLD,TRANSITION_IN_PROGRESS,0.0,,
2706,pressure,3,0,2,7,4.0,53.0,HOLD,HOLD,False,NONE,HOLD,LLM_HOLD,0.0,,
2707,pressure,3,1,2,5,6.0,32.0,HOLD,HOLD,False,NONE,HOLD,LLM_HOLD,0.0,,
2708,pressure,3,2,2,3,8.0,15.0,HOLD,HOLD,False,NONE,HOLD,LLM_HOLD,0.0,,
2709,pressure,3,3,2,1,10.0,5.0,HOLD,HOLD,False,NONE,HOLD,LLM_HOLD,0.0,,
2710,pressure,3,4,2,0,12.0,0.0,HOLD,HOLD,False,NONE,HOLD,LLM_HOLD,0.0,,
2711,pressure,3,5,3,0,15.0,0.0,HOLD,HOLD,False,NONE,HOLD,LLM_HOLD,0.0,,
2712,pressure,3,6,4,0,19.0,0.0,HOLD,HOLD,False,NONE,HOLD,LLM_HOLD,0.0,,
2713,pressure,3,7,4,0,23.0,0.0,HOLD,HOLD,False,NONE,HOLD,LLM_HOLD,0.0,,
2714,pressure,3,8,4,0,27.0,0.0,HOLD,HOLD,False,NONE,HOLD,LLM_HOLD,0.0,,
2715,pressure,3,9,4,0,31.0,0.0,HOLD-REQUEST_NS,HOLD,False,NONE,HOLD,LLM_HOLD,0.0,,
2716,pressure,3,10,5,0,36.0,0.0,HOLD-REQUEST_NS,HOLD,False,NONE,HOLD,LLM_HOLD,0.0,,
2717,pressure,3,11,6,0,42.0,0.0,HOLD-REQUEST_NS,HOLD,False,NONE,HOLD,LLM_HOLD,0.0,,
2718,pressure,3,12,6,0,48.0,0.0,HOLD-REQUEST_NS,HOLD,False,NONE,HOLD,LLM_HOLD,0.0,,
2719,pressure,3,13,6,0,54.0,0.0,HOLD-REQUEST_NS,HOLD,False,NONE,HOLD,LLM_HOLD,0.0,,
2720,pressure,3,14,6,0,60.0,0.0,HOLD-REQUEST_NS,PRESSURE_DECISION,False,NONE,SWITCH,LLM_APPROVED,0.0,,
2721,pressure,4,0,7,0,67.0,0.0,HOLD,HOLD,False,NONE,HOLD,TRANSITION_IN_PROGRESS,0.0,,
2722,pressure,4,1,8,0,75.0,0.0,HOLD,HOLD,False,NONE,HOLD,TRANSITION_IN_PROGRESS,0.0,,
2723,pressure,4,2,8,0,83.0,0.0,HOLD,HOLD,False,NONE,HOLD,TRANSITION_IN_PROGRESS,0.0,,
2724,pressure,5,0,8,0,91.0,0.0,HOLD,HOLD,False,NONE,HOLD,TRANSITION_IN_PROGRESS,0.0,,
2725,pressure,5,1,8,0,99.0,0.0,HOLD,HOLD,False,NONE,HOLD,TRANSITION_IN_PROGRESS,0.0,,
2726,pressure,0,0,6,0,63.0,0.0,HOLD,HOLD,False,NONE,HOLD,LLM_HOLD,0.0,,
2727,pressure,0,1,5,1,37.0,1.0,HOLD,HOLD,False,NONE,HOLD,LLM_HOLD,0.0,,
2728,pressure,0,2,4,2,18.0,3.0,HOLD,HOLD,False,NONE,HOLD,LLM_HOLD,0.0,,
2729,pressure,0,3,2,2,5.0,5.0,HOLD,HOLD,False,NONE,HOLD,LLM_HOLD,0.0,,
2730,pressure,0,4,0,2,0.0,7.0,HOLD,HOLD,False,NONE,HOLD,LLM_HOLD,0.0,,
2731,pressure,0,5,0,2,0.0,9.0,HOLD,HOLD,False,NONE,HOLD,LLM_HOLD,0.0,,
2732,pressure,0,6,0,2,0.0,11.0,HOLD,HOLD,False,NONE,HOLD,LLM_HOLD,0.0,,
2733,pressure,0,7,0,2,0.0,13.0,HOLD,HOLD,False,NONE,HOLD,LLM_HOLD,0.0,,
2734,pressure,0,8,0,3,0.0,16.0,HOLD,HOLD,False,NONE,HOLD,LLM_HOLD,0.0,,
2735,pressure,0,9,0,4,0.0,20.0,HOLD-REQUEST_EW,HOLD,False,NONE,HOLD,LLM_HOLD,0.0,,
2736,pressure,0,10,0,4,0.0,24.0,HOLD-REQUEST_EW,HOLD,False,NONE,HOLD,LLM_HOLD,0.0,,
2737,pressure,0,11,0,4,0.0,28.0,HOLD-REQUEST_EW,HOLD,False,NONE,HOLD,LLM_HOLD,0.0,,
2738,pressure,0,12,0,4,0.0,32.0,HOLD-REQUEST_EW,HOLD,False,NONE,HOLD,LLM_HOLD,0.0,,
2739,pressure,0,13,0,6,0.0,38.0,HOLD-REQUEST_EW,HOLD,False,NONE,HOLD,LLM_HOLD,0.0,,
2740,pressure,0,14,0,6,0.0,44.0,HOLD-REQUEST_EW,PRESSURE_DECISION,False,NONE,SWITCH,LLM_APPROVED,0.0,,
2741,pressure,1,0,0,6,0.0,50.0,HOLD,HOLD,False,NONE,HOLD,TRANSITION_IN_PROGRESS,0.0,,
2742,pressure,1,1,0,6,0.0,56.0,HOLD,HOLD,False,NONE,HOLD,TRANSITION_IN_PROGRESS,0.0,,
2743,pressure,1,2,0,6,0.0,62.0,HOLD,HOLD,False,NONE,HOLD,TRANSITION_IN_PROGRESS,0.0,,
2744,pressure,2,0,0,7,0.0,69.0,HOLD,HOLD,False,NONE,HOLD,TRANSITION_IN_PROGRESS,0.0,,
2745,pressure,2,1,0,8,0.0,77.0,HOLD,HOLD,False,NONE,HOLD,TRANSITION_IN_PROGRESS,0.0,,
2746,pressure,3,0,0,6,0.0,46.0,HOLD,HOLD,False,NONE,HOLD,LLM_HOLD,0.0,,
2747,pressure,3,1,1,4,1.0,25.0,HOLD,HOLD,False,NONE,HOLD,LLM_HOLD,0.0,,
2748,pressure,3,2,1,2,2.0,9.0,HOLD,HOLD,False,NONE,HOLD,LLM_HOLD,0.0,,
2749,pressure,3,3,2,0,4.0,0.0,HOLD,HOLD,False,NONE,HOLD,LLM_HOLD,0.0,,
2750,pressure,3,4,2,0,6.0,0.0,HOLD,HOLD,False,NONE,HOLD,LLM_HOLD,0.0,,
2751,pressure,3,5,2,0,8.0,0.0,HOLD,HOLD,False,NONE,HOLD,LLM_HOLD,0.0,,
2752,pressure,3,6,2,0,10.0,0.0,HOLD,HOLD,False,NONE,HOLD,LLM_HOLD,0.0,,
2753,pressure,3,7,4,0,14.0,0.0,HOLD,HOLD,False,NONE,HOLD,LLM_HOLD,0.0,,
2754,pressure,3,8,4,0,18.0,0.0,HOLD,HOLD,False,NONE,HOLD,LLM_HOLD,0.0,,
2755,pressure,3,9,4,0,22.0,0.0,HOLD-REQUEST_NS,HOLD,False,NONE,HOLD,LLM_HOLD,0.0,,
2756,pressure,3,10,4,0,26.0,0.0,HOLD-REQUEST_NS,HOLD,False,NONE,HOLD,LLM_HOLD,0.0,,
2757,pressure,3,11,4,0,30.0,0.0,HOLD-REQUEST_NS,HOLD,False,NONE,HOLD,LLM_HOLD,0.0,,
2758,pressure,3,12,5,0,35.0,0.0,HOLD-REQUEST_NS,HOLD,False,NONE,HOLD,LLM_HOLD,0.0,,
2759,pressure,3,13,6,0,41.0,0.0,HOLD-REQUEST_NS,HOLD,False,NONE,HOLD,LLM_HOLD,0.0,,
2760,pressure,3,14,6,0,47.0,0.0,HOLD-REQUEST_NS,PRESSURE_DECISION,False,NONE,SWITCH,LLM_APPROVED,0.0,,
2761,pressure,4,0,6,0,53.0,0.0,HOLD,HOLD,False,NONE,HOLD,TRANSITION_IN_PROGRESS,0.0,,
2762,pressure,4,1,6,0,59.0,0.0,HOLD,HOLD,False,NONE,HOLD,TRANSITION_IN_PROGRESS,0.0,,
2763,pressure,4,2,7,0,66.0,0.0,HOLD,HOLD,False,NONE,HOLD,TRANSITION_IN_PROGRESS,0.0,,
2764,pressure,5,0,8,0,74.0,0.0,HOLD,HOLD,False,NONE,HOLD,TRANSITION_IN_PROGRESS,0.0,,
2765,pressure,5,1,8,0,82.0,0.0,HOLD,HOLD,False,NONE,HOLD,TRANSITION_IN_PROGRESS,0.0,,
2766,pressure,0,0,6,2,52.0,2.0,HOLD,HOLD,False,NONE,HOLD,LLM_HOLD,0.0,,
2767,pressure,0,1,4,2,28.0,4.0,HOLD,HOLD,False,NONE,HOLD,LLM_HOLD,0.0,,
2768,pressure,0,2,2,2,11.0,6.0,HOLD,HOLD,False,NONE,HOLD,LLM_HOLD,0.0,,
2769,pressure,0,3,0,2,0.0,8.0,HOLD,HOLD,False,NONE,HOLD,LLM_HOLD,0.0,,
2770,pressure,0,4,0,2,0.0,10.0,HOLD,HOLD,False,NONE,HOLD,LLM_HOLD,0.0,,
2771,pressure,0,5,0,2,0.0,12.0,HOLD,HOLD,False,NONE,HOLD,LLM_HOLD,0.0,,
2772,pressure,0,6,0,3,0.0,15.0,HOLD,HOLD,False,NONE,HOLD,LLM_HOLD,0.0,,
2773,pressure,0,7,0,4,0.0,19.0,HOLD,HOLD,False,NONE,HOLD,LLM_HOLD,0.0,,
2774,pressure,0,8,0,4,0.0,23.0,HOLD,HOLD,False,NONE,HOLD,LLM_HOLD,0.0,,
2775,pressure,0,9,0,4,0.0,27.0,HOLD-REQUEST_EW,HOLD,False,NONE,HOLD,LLM_HOLD,0.0,,
2776,pressure,0,10,0,5,0.0,32.0,HOLD-REQUEST_EW,HOLD,False,NONE,HOLD,LLM_HOLD,0.0,,
2777,pressure,0,11,0,5,0.0,37.0,HOLD-REQUEST_EW,HOLD,False,NONE,HOLD,LLM_HOLD,0.0,,
2778,pressure,0,12,0,6,0.0,43.0,HOLD-REQUEST_EW,HOLD,False,NONE,HOLD,LLM_HOLD,0.0,,
2779,pressure,0,13,0,6,0.0,49.0,HOLD-REQUEST_EW,HOLD,False,NONE,HOLD,LLM_HOLD,0.0,,
2780,pressure,0,14,0,6,0.0,55.0,HOLD-REQUEST_EW,PRESSURE_DECISION,False,NONE,SWITCH,LLM_APPROVED,0.0,,
2781,pressure,1,0,0,6,0.0,61.0,HOLD,HOLD,False,NONE,HOLD,TRANSITION_IN_PROGRESS,0.0,,
2782,pressure,1,1,0,7,0.0,68.0,HOLD,HOLD,False,NONE,HOLD,TRANSITION_IN_PROGRESS,0.0,,
2783,pressure,1,2,0,7,0.0,75.0,HOLD,HOLD,False,NONE,HOLD,TRANSITION_IN_PROGRESS,0.0,,
2784,pressure,2,0,0,8,0.0,83.0,HOLD,HOLD,False,NONE,HOLD,TRANSITION_IN_PROGRESS,0.0,,
2785,pressure,2,1,0,8,0.0,91.0,HOLD,HOLD,False,NONE,HOLD,TRANSITION_IN_PROGRESS,0.0,,
2786,pressure,3,0,0,6,0.0,57.0,HOLD,HOLD,False,NONE,HOLD,LLM_HOLD,0.0,,
2787,pressure,3,1,0,4,0.0,32.0,HOLD,HOLD,False,NONE,HOLD,LLM_HOLD,0.0,,
2788,pressure,3,2,0,3,0.0,13.0,HOLD,HOLD,False,NONE,HOLD,LLM_HOLD,0.0,,
2789,pressure,3,3,2,2,2.0,3.0,HOLD,HOLD,False,NONE,HOLD,LLM_HOLD,0.0,,
2790,pressure,3,4,2,0,4.0,0.0,HOLD,HOLD,False,NONE,HOLD,LLM_HOLD,0.0,,
2791,pressure,3,5,2,0,6.0,0.0,HOLD,HOLD,False,NONE,HOLD,LLM_HOLD,0.0,,
2792,pressure,3,6,2,0,8.0,0.0,HOLD,HOLD,False,NONE,HOLD,LLM_HOLD,0.0,,
2793,pressure,3,7,2,0,10.0,0.0,HOLD,HOLD,False,NONE,HOLD,LLM_HOLD,0.0,,
2794,pressure,3,8,3,0,13.0,0.0,HOLD,HOLD,False,NONE,HOLD,LLM_HOLD,0.0,,
2795,pressure,3,9,3,0,16.0,0.0,HOLD-REQUEST_NS,HOLD,False,NONE,HOLD,LLM_HOLD,0.0,,
2796,pressure,3,10,4,0,20.0,0.0,HOLD-REQUEST_NS,HOLD,False,NONE,HOLD,LLM_HOLD,0.0,,
2797,pressure,3,11,4,0,24.0,0.0,HOLD-REQUEST_NS,HOLD,False,NONE,HOLD,LLM_HOLD,0.0,,
2798,pressure,3,12,4,0,28.0,0.0,HOLD-REQUEST_NS,HOLD,False,NONE,HOLD,LLM_HOLD,0.0,,
2799,pressure,3,13,4,0,32.0,0.0,HOLD-REQUEST_NS,HOLD,False,NONE,HOLD,LLM_HOLD,0.0,,
2800,pressure,3,14,5,0,37.0,0.0,HOLD-REQUEST_NS,PRESSURE_DECISION,False,NONE,SWITCH,LLM_APPROVED,0.0,,
2801,pressure,4,0,6,0,43.0,0.0,HOLD,HOLD,False,NONE,HOLD,TRANSITION_IN_PROGRESS,0.0,,
2802,pressure,4,1,6,0,49.0,0.0,HOLD,HOLD,False,NONE,HOLD,TRANSITION_IN_PROGRESS,0.0,,
2803,pressure,4,2,6,0,55.0,0.0,HOLD,HOLD,False,NONE,HOLD,TRANSITION_IN_PROGRESS,0.0,,
2804,pressure,5,0,6,0,61.0,0.0,HOLD,HOLD,False,NONE,HOLD,TRANSITION_IN_PROGRESS,0.0,,
2805,pressure,5,1,6,0,67.0,0.0,HOLD,HOLD,False,NONE,HOLD,TRANSITION_IN_PROGRESS,0.0,,
2806,pressure,0,0,5,0,38.0,0.0,HOLD,HOLD,False,NONE,HOLD,LLM_HOLD,0.0,,
2807,pressure,0,1,4,0,18.0,0.0,HOLD,HOLD,False,NONE,HOLD,LLM_HOLD,0.0,,
2808,pressure,0,2,2,0,5.0,0.0,HOLD,HOLD,False,NONE,HOLD,LLM_HOLD,0.0,,
2809,pressure,0,3,0,0,0.0,0.0,HOLD,HOLD,False,NONE,HOLD,LLM_HOLD,0.0,,
2810,pressure,0,4,0,0,0.0,0.0,HOLD,HOLD,False,NONE,HOLD,LLM_HOLD,0.0,,
2811,pressure,0,5,0,2,0.0,2.0,HOLD,HOLD,False,NONE,HOLD,LLM_HOLD,0.0,,
2812,pressure,0,6,0,2,0.0,4.0,HOLD,HOLD,False,NONE,HOLD,LLM_HOLD,0.0,,
2813,pressure,0,7,0,2,0.0,6.0,HOLD,HOLD,False,NONE,HOLD,LLM_HOLD,0.0,,
2814,pressure,0,8,0,2,0.0,8.0,HOLD,HOLD,False,NONE,HOLD,LLM_HOLD,0.0,,
2815,pressure,0,9,0,3,0.0,11.0,HOLD-REQUEST_EW,HOLD,False,NONE,HOLD,LLM_HOLD,0.0,,
2816,pressure,0,10,0,4,0.0,15.0,HOLD-REQUEST_EW,HOLD,False,NONE,HOLD,LLM_HOLD,0.0,,
2817,pressure,0,11,0,4,0.0,19.0,HOLD-REQUEST_EW,HOLD,False,NONE,HOLD,LLM_HOLD,0.0,,
2818,pressure,0,12,0,4,0.0,23.0,HOLD-REQUEST_EW,HOLD,False,NONE,HOLD,LLM_HOLD,0.0,,
2819,pressure,0,13,0,4,0.0,27.0,HOLD-REQUEST_EW,HOLD,False,NONE,HOLD,LLM_HOLD,0.0,,
2820,pressure,0,14,0,5,0.0,32.0,HOLD-REQUEST_EW,PRESSURE_DECISION,False,NONE,SWITCH,LLM_APPROVED,0.0,,
2821,pressure,1,0,0,6,0.0,38.0,HOLD,HOLD,False,NONE,HOLD,TRANSITION_IN_PROGRESS,0.0,,
2822,pressure,1,1,0,6,0.0,44.0,HOLD,HOLD,False,NONE,HOLD,TRANSITION_IN_PROGRESS,0.0,,
2823,pressure,1,2,0,6,0.0,50.0,HOLD,HOLD,False,NONE,HOLD,TRANSITION_IN_PROGRESS,0.0,,
2824,pressure,2,0,0,6,0.0,56.0,HOLD,HOLD,False,NONE,HOLD,TRANSITION_IN_PROGRESS,0.0,,
2825,pressure,2,1,1,6,1.0,62.0,HOLD,HOLD,False,NONE,HOLD,TRANSITION_IN_PROGRESS,0.0,,
2826,pressure,3,0,1,4,2.0,36.0,HOLD,HOLD,False,NONE,HOLD,LLM_HOLD,0.0,,
2827,pressure,3,1,2,4,4.0,17.0,HOLD,HOLD,False,NONE,HOLD,LLM_HOLD,0.0,,
2828,pressure,3,2,2,2,6.0,4.0,HOLD,HOLD,False,NONE,HOLD,LLM_HOLD,0.0,,
2829,pressure,3,3,2,0,8.0,0.0,HOLD,HOLD,False,NONE,HOLD,LLM_HOLD,0.0,,
2830,pressure,3,4,2,0,10.0,0.0,HOLD,HOLD,False,NONE,HOLD,LLM_HOLD,0.0,,
2831,pressure,3,5,4,0,14.0,0.0,HOLD,HOLD,False,NONE,HOLD,LLM_HOLD,0.0,,
2832,pressure,3,6,4,0,18.0,0.0,HOLD,HOLD,False,NONE,HOLD,LLM_HOLD,0.0,,
2833,pressure,3,7,4,0,22.0,0.0,HOLD,HOLD,False,NONE,HOLD,LLM_HOLD,0.0,,
2834,pressure,3,8,4,0,26.0,0.0,HOLD,HOLD,False,NONE,HOLD,LLM_HOLD,0.0,,
2835,pressure,3,9,4,0,30.0,0.0,HOLD-REQUEST_NS,HOLD,False,NONE,HOLD,LLM_HOLD,0.0,,
2836,pressure,3,10,5,0,35.0,0.0,HOLD-REQUEST_NS,HOLD,False,NONE,HOLD,LLM_HOLD,0.0,,
2837,pressure,3,11,6,0,41.0,0.0,HOLD-REQUEST_NS,HOLD,False,NONE,HOLD,LLM_HOLD,0.0,,
2838,pressure,3,12,6,0,47.0,0.0,HOLD-REQUEST_NS,HOLD,False,NONE,HOLD,LLM_HOLD,0.0,,
2839,pressure,3,13,6,0,53.0,0.0,HOLD-REQUEST_NS,HOLD,False,NONE,HOLD,LLM_HOLD,0.0,,
2840,pressure,3,14,6,0,59.0,0.0,HOLD-REQUEST_NS,PRESSURE_DECISION,False,NONE,SWITCH,LLM_APPROVED,0.0,,
2841,pressure,4,0,7,0,66.0,0.0,HOLD,HOLD,False,NONE,HOLD,TRANSITION_IN_PROGRESS,0.0,,
2842,pressure,4,1,8,0,74.0,0.0,HOLD,HOLD,False,NONE,HOLD,TRANSITION_IN_PROGRESS,0.0,,
2843,pressure,4,2,8,0,82.0,0.0,HOLD,HOLD,False,NONE,HOLD,TRANSITION_IN_PROGRESS,0.0,,
2844,pressure,5,0,8,0,90.0,0.0,HOLD,HOLD,False,NONE,HOLD,TRANSITION_IN_PROGRESS,0.0,,
2845,pressure,5,1,8,0,98.0,0.0,HOLD,HOLD,False,NONE,HOLD,TRANSITION_IN_PROGRESS,0.0,,
2846,pressure,0,0,6,0,64.0,0.0,HOLD,HOLD,False,NONE,HOLD,LLM_HOLD,0.0,,
2847,pressure,0,1,5,0,37.0,0.0,HOLD,HOLD,False,NONE,HOLD,LLM_HOLD,0.0,,
2848,pressure,0,2,3,2,17.0,2.0,HOLD,HOLD,False,NONE,HOLD,LLM_HOLD,0.0,,
2849,pressure,0,3,2,2,4.0,4.0,HOLD,HOLD,False,NONE,HOLD,LLM_HOLD,0.0,,
2850,pressure,0,4,0,2,0.0,6.0,HOLD,HOLD,False,NONE,HOLD,LLM_HOLD,0.0,,
2851,pressure,0,5,0,2,0.0,8.0,HOLD,HOLD,False,NONE,HOLD,LLM_HOLD,0.0,,
2852,pressure,0,6,0,2,0.0,10.0,HOLD,HOLD,False,NONE,HOLD,LLM_HOLD,0.0,,
2853,pressure,0,7,0,3,0.0,13.0,HOLD,HOLD,False,NONE,HOLD,LLM_HOLD,0.0,,
2854,pressure,0,8,0,4,0.0,17.0,HOLD,HOLD,False,NONE,HOLD,LLM_HOLD,0.0,,
2855,pressure,0,9,0,4,0.0,21.0,HOLD-REQUEST_EW,HOLD,False,NONE,HOLD,LLM_HOLD,0.0,,
2856,pressure,0,10,0,4,0.0,25.0,HOLD-REQUEST_EW,HOLD,False,NONE,HOLD,LLM_HOLD,0.0,,
2857,pressure,0,11,0,4,0.0,29.0,HOLD-REQUEST_EW,HOLD,False,NONE,HOLD,LLM_HOLD,0.0,,
2858,pressure,0,12,0,4,0.0,33.0,HOLD-REQUEST_EW,HOLD,False,NONE,HOLD,LLM_HOLD,0.0,,
2859,pressure,0,13,0,5,0.0,38.0,HOLD-REQUEST_EW,HOLD,False,NONE,HOLD,LLM_HOLD,0.0,,
2860,pressure,0,14,0,6,0.0,44.0,HOLD-REQUEST_EW,PRESSURE_DECISION,False,NONE,SWITCH,LLM_APPROVED,0.0,,
2861,pressure,1,0,0,6,0.0,50.0,HOLD,HOLD,False,NONE,HOLD,TRANSITION_IN_PROGRESS,0.0,,
2862,pressure,1,1,0,6,0.0,56.0,HOLD,HOLD,False,NONE,HOLD,TRANSITION_IN_PROGRESS,0.0,,
2863,pressure,1,2,0,6,0.0,62.0,HOLD,HOLD,False,NONE,HOLD,TRANSITION_IN_PROGRESS,0.0,,
2864,pressure,2,0,0,6,0.0,68.0,HOLD,HOLD,False,NONE,HOLD,TRANSITION_IN_PROGRESS,0.0,,
2865,pressure,2,1,0,6,0.0,74.0,HOLD,HOLD,False,NONE,HOLD,TRANSITION_IN_PROGRESS,0.0,,
2866,pressure,3,0,1,6,1.0,44.0,HOLD,HOLD,False,NONE,HOLD,LLM_HOLD,0.0,,
2867,pressure,3,1,2,4,3.0,21.0,HOLD,HOLD,False,NONE,HOLD,LLM_HOLD,0.0,,
2868,pressure,3,2,2,2,5.0,6.0,HOLD,HOLD,False,NONE,HOLD,LLM_HOLD,0.0,,
2869,pressure,3,3,2,0,7.0,0.0,HOLD,HOLD,False,NONE,HOLD,LLM_HOLD,0.0,,
2870,pressure,3,4,2,0,9.0,0.0,HOLD,HOLD,False,NONE,HOLD,LLM_HOLD,0.0,,
2871,pressure,3,5,2,0,11.0,0.0,HOLD,HOLD,False,NONE,HOLD,LLM_HOLD,0.0,,
2872,pressure,3,6,3,0,14.0,0.0,HOLD,HOLD,False,NONE,HOLD,LLM_HOLD,0.0,,
2873,pressure,3,7,4,0,18.0,0.0,HOLD,HOLD,False,NONE,HOLD,LLM_HOLD,0.0,,
2874,pressure,3,8,4,0,22.0,0.0,HOLD,HOLD,False,NONE,HOLD,LLM_HOLD,0.0,,
2875,pressure,3,9,4,0,26.0,0.0,HOLD-REQUEST_NS,HOLD,False,NONE,HOLD,LLM_HOLD,0.0,,
2876,pressure,3,10,4,0,30.0,0.0,HOLD-REQUEST_NS,HOLD,False,NONE,HOLD,LLM_HOLD,0.0,,
2877,pressure,3,11,4,0,34.0,0.0,HOLD-REQUEST_NS,HOLD,False,NONE,HOLD,LLM_HOLD,0.0,,
2878,pressure,3,12,6,0,40.0,0.0,HOLD-REQUEST_NS,HOLD,False,NONE,HOLD,LLM_HOLD,0.0,,
2879,pressure,3,13,6,0,46.0,0.0,HOLD-REQUEST_NS,HOLD,False,NONE,HOLD,LLM_HOLD,0.0,,
2880,pressure,3,14,6,0,52.0,0.0,HOLD-REQUEST_NS,PRESSURE_DECISION,False,NONE,SWITCH,LLM_APPROVED,0.0,,
2881,pressure,4,0,6,0,58.0,0.0,HOLD,HOLD,False,NONE,HOLD,TRANSITION_IN_PROGRESS,0.0,,
2882,pressure,4,1,6,0,64.0,0.0,HOLD,HOLD,False,NONE,HOLD,TRANSITION_IN_PROGRESS,0.0,,
2883,pressure,4,2,6,0,70.0,0.0,HOLD,HOLD,False,NONE,HOLD,TRANSITION_IN_PROGRESS,0.0,,
2884,pressure,5,0,8,1,78.0,1.0,HOLD,HOLD,False,NONE,HOLD,TRANSITION_IN_PROGRESS,0.0,,
2885,pressure,5,1,8,2,86.0,3.0,HOLD,HOLD,False,NONE,HOLD,TRANSITION_IN_PROGRESS,0.0,,
2886,pressure,0,0,6,2,53.0,5.0,HOLD,HOLD,False,NONE,HOLD,LLM_HOLD,0.0,,
2887,pressure,0,1,4,2,28.0,7.0,HOLD,HOLD,False,NONE,HOLD,LLM_HOLD,0.0,,
2888,pressure,0,2,2,2,10.0,9.0,HOLD,HOLD,False,NONE,HOLD,LLM_HOLD,0.0,,
2889,pressure,0,3,1,2,1.0,11.0,HOLD,HOLD,False,NONE,HOLD,LLM_HOLD,0.0,,
2890,pressure,0,4,0,2,0.0,13.0,HOLD,HOLD,False,NONE,HOLD,LLM_HOLD,0.0,,
2891,pressure,0,5,0,3,0.0,16.0,HOLD,HOLD,False,NONE,HOLD,LLM_HOLD,0.0,,
2892,pressure,0,6,0,4,0.0,20.0,HOLD,HOLD,False,NONE,HOLD,LLM_HOLD,0.0,,
2893,pressure,0,7,0,4,0.0,24.0,HOLD,HOLD,False,NONE,HOLD,LLM_HOLD,0.0,,
2894,pressure,0,8,0,4,0.0,28.0,HOLD,HOLD,False,NONE,HOLD,LLM_HOLD,0.0,,
2895,pressure,0,9,0,4,0.0,32.0,HOLD-REQUEST_EW,HOLD,False,NONE,HOLD,LLM_HOLD,0.0,,
2896,pressure,0,10,0,4,0.0,36.0,HOLD-REQUEST_EW,HOLD,False,NONE,HOLD,LLM_HOLD,0.0,,
2897,pressure,0,11,0,4,0.0,40.0,HOLD-REQUEST_EW,HOLD,False,NONE,HOLD,LLM_HOLD,0.0,,
2898,pressure,0,12,0,6,0.0,46.0,HOLD-REQUEST_EW,HOLD,False,NONE,HOLD,LLM_HOLD,0.0,,
2899,pressure,0,13,0,6,0.0,52.0,HOLD-REQUEST_EW,HOLD,False,NONE,HOLD,LLM_HOLD,0.0,,
2900,pressure,0,14,0,6,0.0,58.0,HOLD-REQUEST_EW,PRESSURE_DECISION,False,NONE,SWITCH,LLM_APPROVED,0.0,,
2901,pressure,1,0,0,6,0.0,64.0,HOLD,HOLD,False,NONE,HOLD,TRANSITION_IN_PROGRESS,0.0,,
2902,pressure,1,1,0,8,0.0,72.0,HOLD,HOLD,False,NONE,HOLD,TRANSITION_IN_PROGRESS,0.0,,
2903,pressure,1,2,0,8,0.0,80.0,HOLD,HOLD,False,NONE,HOLD,TRANSITION_IN_PROGRESS,0.0,,
2904,pressure,2,0,1,8,1.0,88.0,HOLD,HOLD,False,NONE,HOLD,TRANSITION_IN_PROGRESS,0.0,,
2905,pressure,2,1,1,8,2.0,96.0,HOLD,HOLD,False,NONE,HOLD,TRANSITION_IN_PROGRESS,0.0,,
2906,pressure,3,0,1,6,3.0,59.0,HOLD,HOLD,False,NONE,HOLD,LLM_HOLD,0.0,,
2907,pressure,3,1,1,4,4.0,32.0,HOLD,HOLD,False,NONE,HOLD,LLM_HOLD,0.0,,
2908,pressure,3,2,1,2,5.0,14.0,HOLD,HOLD,False,NONE,HOLD,LLM_HOLD,0.0,,
2909,pressure,3,3,3,2,8.0,2.0,HOLD,HOLD,False,NONE,HOLD,LLM_HOLD,0.0,,
2910,pressure,3,4,3,0,11.0,0.0,HOLD,HOLD,False,NONE,HOLD,LLM_HOLD,0.0,,
2911,pressure,3,5,3,0,14.0,0.0,HOLD,HOLD,False,NONE,HOLD,LLM_HOLD,0.0,,
2912,pressure,3,6,3,0,17.0,0.0,HOLD,HOLD,False,NONE,HOLD,LLM_HOLD,0.0,,
2913,pressure,3,7,3,0,20.0,0.0,HOLD,HOLD,False,NONE,HOLD,LLM_HOLD,0.0,,
2914,pressure,3,8,4,0,24.0,0.0,HOLD,HOLD,False,NONE,HOLD,LLM_HOLD,0.0,,
2915,pressure,3,9,5,0,29.0,0.0,HOLD-REQUEST_NS,HOLD,False,NONE,HOLD,LLM_HOLD,0.0,,
2916,pressure,3,10,5,0,34.0,0.0,HOLD-REQUEST_NS,HOLD,False,NONE,HOLD,LLM_HOLD,0.0,,
2917,pressure,3,11,5,0,39.0,0.0,HOLD-REQUEST_NS,HOLD,False,NONE,HOLD,LLM_HOLD,0.0,,
2918,pressure,3,12,5,0,44.0,0.0,HOLD-REQUEST_NS,HOLD,False,NONE,HOLD,LLM_HOLD,0.0,,
2919,pressure,3,13,5,0,49.0,0.0,HOLD-REQUEST_NS,HOLD,False,NONE,HOLD,LLM_HOLD,0.0,,
2920,pressure,3,14,5,0,54.0,0.0,HOLD-REQUEST_NS,PRESSURE_DECISION,False,NONE,SWITCH,LLM_APPROVED,0.0,,
2921,pressure,4,0,7,0,61.0,0.0,HOLD,HOLD,False,NONE,HOLD,TRANSITION_IN_PROGRESS,0.0,,
2922,pressure,4,1,7,0,68.0,0.0,HOLD,HOLD,False,NONE,HOLD,TRANSITION_IN_PROGRESS,0.0,,
2923,pressure,4,2,7,0,75.0,0.0,HOLD,HOLD,False,NONE,HOLD,TRANSITION_IN_PROGRESS,0.0,,
2924,pressure,5,0,7,0,82.0,0.0,HOLD,HOLD,False,NONE,HOLD,TRANSITION_IN_PROGRESS,0.0,,
2925,pressure,5,1,7,0,89.0,0.0,HOLD,HOLD,False,NONE,HOLD,TRANSITION_IN_PROGRESS,0.0,,
2926,pressure,0,0,6,0,56.0,0.0,HOLD,HOLD,False,NONE,HOLD,LLM_HOLD,0.0,,
2927,pressure,0,1,5,0,31.0,0.0,HOLD,HOLD,False,NONE,HOLD,LLM_HOLD,0.0,,
2928,pressure,0,2,3,0,13.0,0.0,HOLD,HOLD,False,NONE,HOLD,LLM_HOLD,0.0,,
2929,pressure,0,3,1,0,4.0,0.0,HOLD,HOLD,False,NONE,HOLD,LLM_HOLD,0.0,,
2930,pressure,0,4,1,1,1.0,1.0,HOLD,HOLD,False,NONE,HOLD,LLM_HOLD,0.0,,
2931,pressure,0,5,0,2,0.0,3.0,HOLD,HOLD,False,NONE,HOLD,LLM_HOLD,0.0,,
2932,pressure,0,6,0,2,0.0,5.0,HOLD,HOLD,False,NONE,HOLD,LLM_HOLD,0.0,,
2933,pressure,0,7,0,2,0.0,7.0,HOLD,HOLD,False,NONE,HOLD,LLM_HOLD,0.0,,
2934,pressure,0,8,0,2,0.0,9.0,HOLD,HOLD,False,NONE,HOLD,LLM_HOLD,0.0,,
2935,pressure,0,9,0,2,0.0,11.0,HOLD-REQUEST_EW,HOLD,False,NONE,HOLD,LLM_HOLD,0.0,,
2936,pressure,0,10,0,4,0.0,15.0,HOLD-REQUEST_EW,HOLD,False,NONE,HOLD,LLM_HOLD,0.0,,
2937,pressure,0,11,0,4,0.0,19.0,HOLD-REQUEST_EW,HOLD,False,NONE,HOLD,LLM_HOLD,0.0,,
2938,pressure,0,12,0,4,0.0,23.0,HOLD-REQUEST_EW,HOLD,False,NONE,HOLD,LLM_HOLD,0.0,,
2939,pressure,0,13,0,4,0.0,27.0,HOLD-REQUEST_EW,HOLD,False,NONE,HOLD,LLM_HOLD,0.0,,
2940,pressure,0,14,0,4,0.0,31.0,HOLD-REQUEST_EW,PRESSURE_DECISION,False,NONE,SWITCH,LLM_APPROVED,0.0,,
2941,pressure,1,0,0,5,0.0,36.0,HOLD,HOLD,False,NONE,HOLD,TRANSITION_IN_PROGRESS,0.0,,
2942,pressure,1,1,0,6,0.0,42.0,HOLD,HOLD,False,NONE,HOLD,TRANSITION_IN_PROGRESS,0.0,,
2943,pressure,1,2,0,6,0.0,48.0,HOLD,HOLD,False,NONE,HOLD,TRANSITION_IN_PROGRESS,0.0,,
2944,pressure,2,0,0,6,0.0,54.0,HOLD,HOLD,False,NONE,HOLD,TRANSITION_IN_PROGRESS,0.0,,
2945,pressure,2,1,1,6,1.0,60.0,HOLD,HOLD,False,NONE,HOLD,TRANSITION_IN_PROGRESS,0.0,,
2946,pressure,3,0,1,4,2.0,33.0,HOLD,HOLD,False,NONE,HOLD,LLM_HOLD,0.0,,
2947,pressure,3,1,1,4,3.0,15.0,HOLD,HOLD,False,NONE,HOLD,LLM_HOLD,0.0,,
2948,pressure,3,2,1,2,4.0,4.0,HOLD,HOLD,False,NONE,HOLD,LLM_HOLD,0.0,,
2949,pressure,3,3,2,0,6.0,0.0,HOLD,HOLD,False,NONE,HOLD,LLM_HOLD,0.0,,
2950,pressure,3,4,2,0,8.0,0.0,HOLD,HOLD,False,NONE,HOLD,LLM_HOLD,0.0,,
2951,pressure,3,5,3,0,11.0,0.0,HOLD,HOLD,False,NONE,HOLD,LLM_HOLD,0.0,,
2952,pressure,3,6,4,0,15.0,0.0,HOLD,HOLD,False,NONE,HOLD,LLM_HOLD,0.0,,
2953,pressure,3,7,4,0,19.0,0.0,HOLD,HOLD,False,NONE,HOLD,LLM_HOLD,0.0,,
2954,pressure,3,8,4,0,23.0,0.0,HOLD,HOLD,False,NONE,HOLD,LLM_HOLD,0.0,,
2955,pressure,3,9,5,0,28.0,0.0,HOLD-REQUEST_NS,HOLD,False,NONE,HOLD,LLM_HOLD,0.0,,
2956,pressure,3,10,6,0,34.0,0.0,HOLD-REQUEST_NS,HOLD,False,NONE,HOLD,LLM_HOLD,0.0,,
2957,pressure,3,11,6,0,40.0,0.0,HOLD-REQUEST_NS,HOLD,False,NONE,HOLD,LLM_HOLD,0.0,,
2958,pressure,3,12,6,0,46.0,0.0,HOLD-REQUEST_NS,HOLD,False,NONE,HOLD,LLM_HOLD,0.0,,
2959,pressure,3,13,6,0,52.0,0.0,HOLD-REQUEST_NS,HOLD,False,NONE,HOLD,LLM_HOLD,0.0,,
2960,pressure,3,14,7,0,59.0,0.0,HOLD-REQUEST_NS,PRESSURE_DECISION,False,NONE,SWITCH,LLM_APPROVED,0.0,,
2961,pressure,4,0,7,0,66.0,0.0,HOLD,HOLD,False,NONE,HOLD,TRANSITION_IN_PROGRESS,0.0,,
2962,pressure,4,1,7,0,73.0,0.0,HOLD,HOLD,False,NONE,HOLD,TRANSITION_IN_PROGRESS,0.0,,
2963,pressure,4,2,8,0,81.0,0.0,HOLD,HOLD,False,NONE,HOLD,TRANSITION_IN_PROGRESS,0.0,,
2964,pressure,5,0,8,0,89.0,0.0,HOLD,HOLD,False,NONE,HOLD,TRANSITION_IN_PROGRESS,0.0,,
2965,pressure,5,1,8,0,97.0,0.0,HOLD,HOLD,False,NONE,HOLD,TRANSITION_IN_PROGRESS,0.0,,
2966,pressure,0,0,6,0,65.0,0.0,HOLD,HOLD,False,NONE,HOLD,LLM_HOLD,0.0,,
2967,pressure,0,1,5,2,39.0,2.0,HOLD,HOLD,False,NONE,HOLD,LLM_HOLD,0.0,,
2968,pressure,0,2,4,2,18.0,4.0,HOLD,HOLD,False,NONE,HOLD,LLM_HOLD,0.0,,
2969,pressure,0,3,2,2,5.0,6.0,HOLD,HOLD,False,NONE,HOLD,LLM_HOLD,0.0,,
2970,pressure,0,4,0,2,0.0,8.0,HOLD,HOLD,False,NONE,HOLD,LLM_HOLD,0.0,,
2971,pressure,0,5,0,2,0.0,10.0,HOLD,HOLD,False,NONE,HOLD,LLM_HOLD,0.0,,
2972,pressure,0,6,0,2,0.0,12.0,HOLD,HOLD,False,NONE,HOLD,LLM_HOLD,0.0,,
2973,pressure,0,7,0,2,0.0,14.0,HOLD,HOLD,False,NONE,HOLD,LLM_HOLD,0.0,,
2974,pressure,0,8,0,4,0.0,18.0,HOLD,HOLD,False,NONE,HOLD,LLM_HOLD,0.0,,
2975,pressure,0,9,0,4,0.0,22.0,HOLD-REQUEST_EW,HOLD,False,NONE,HOLD,LLM_HOLD,0.0,,
2976,pressure,0,10,0,4,0.0,26.0,HOLD-REQUEST_EW,HOLD,False,NONE,HOLD,LLM_HOLD,0.0,,
2977,pressure,0,11,0,4,0.0,30.0,HOLD-REQUEST_EW,HOLD,False,NONE,HOLD,LLM_HOLD,0.0,,
2978,pressure,0,12,0,4,0.0,34.0,HOLD-REQUEST_EW,HOLD,False,NONE,HOLD,LLM_HOLD,0.0,,
2979,pressure,0,13,0,5,0.0,39.0,HOLD-REQUEST_EW,HOLD,False,NONE,HOLD,LLM_HOLD,0.0,,
2980,pressure,0,14,0,5,0.0,44.0,HOLD-REQUEST_EW,PRESSURE_DECISION,False,NONE,SWITCH,LLM_APPROVED,0.0,,
2981,pressure,1,0,0,6,0.0,50.0,HOLD,HOLD,False,NONE,HOLD,TRANSITION_IN_PROGRESS,0.0,,
2982,pressure,1,1,0,6,0.0,56.0,HOLD,HOLD,False,NONE,HOLD,TRANSITION_IN_PROGRESS,0.0,,
2983,pressure,1,2,0,6,0.0,62.0,HOLD,HOLD,False,NONE,HOLD,TRANSITION_IN_PROGRESS,0.0,,
2984,pressure,2,0,0,7,0.0,69.0,HOLD,HOLD,False,NONE,HOLD,TRANSITION_IN_PROGRESS,0.0,,
2985,pressure,2,1,0,8,0.0,77.0,HOLD,HOLD,False,NONE,HOLD,TRANSITION_IN_PROGRESS,0.0,,
2986,pressure,3,0,0,6,0.0,45.0,HOLD,HOLD,False,NONE,HOLD,LLM_HOLD,0.0,,
2987,pressure,3,1,1,4,1.0,23.0,HOLD,HOLD,False,NONE,HOLD,LLM_HOLD,0.0,,
2988,pressure,3,2,2,2,3.0,9.0,HOLD,HOLD,False,NONE,HOLD,LLM_HOLD,0.0,,
2989,pressure,3,3,2,0,5.0,0.0,HOLD,HOLD,False,NONE,HOLD,LLM_HOLD,0.0,,
2990,pressure,3,4,2,0,7.0,0.0,HOLD,HOLD,False,NONE,HOLD,LLM_HOLD,0.0,,
2991,pressure,3,5,2,0,9.0,0.0,HOLD,HOLD,False,NONE,HOLD,LLM_HOLD,0.0,,
2992,pressure,3,6,2,0,11.0,0.0,HOLD,HOLD,False,NONE,HOLD,LLM_HOLD,0.0,,
2993,pressure,3,7,3,0,14.0,0.0,HOLD,HOLD,False,NONE,HOLD,LLM_HOLD,0.0,,
2994,pressure,3,8,4,0,18.0,0.0,HOLD,HOLD,False,NONE,HOLD,LLM_HOLD,0.0,,
2995,pressure,3,9,4,0,22.0,0.0,HOLD-REQUEST_NS,HOLD,False,NONE,HOLD,LLM_HOLD,0.0,,
2996,pressure,3,10,4,0,26.0,0.0,HOLD-REQUEST_NS,HOLD,False,NONE,HOLD,LLM_HOLD,0.0,,
2997,pressure,3,11,4,0,30.0,0.0,HOLD-REQUEST_NS,HOLD,False,NONE,HOLD,LLM_HOLD,0.0,,
2998,pressure,3,12,6,0,36.0,0.0,HOLD-REQUEST_NS,HOLD,False,NONE,HOLD,LLM_HOLD,0.0,,
2999,pressure,3,13,6,0,42.0,0.0,HOLD-REQUEST_NS,HOLD,False,NONE,HOLD,LLM_HOLD,0.0,,
3000,pressure,3,14,6,0,48.0,0.0,HOLD-REQUEST_NS,PRESSURE_DECISION,False,NONE,SWITCH,LLM_APPROVED,0.0,,
3001,pressure,4,0,6,0,54.0,0.0,HOLD,HOLD,False,NONE,HOLD,TRANSITION_IN_PROGRESS,0.0,,
3002,pressure,4,1,6,0,60.0,0.0,HOLD,HOLD,False,NONE,HOLD,TRANSITION_IN_PROGRESS,0.0,,
3003,pressure,4,2,6,0,66.0,0.0,HOLD,HOLD,False,NONE,HOLD,TRANSITION_IN_PROGRESS,0.0,,
3004,pressure,5,0,7,0,73.0,0.0,HOLD,HOLD,False,NONE,HOLD,TRANSITION_IN_PROGRESS,0.0,,
3005,pressure,5,1,8,1,81.0,1.0,HOLD,HOLD,False,NONE,HOLD,TRANSITION_IN_PROGRESS,0.0,,
3006,pressure,0,0,6,2,50.0,3.0,HOLD,HOLD,False,NONE,HOLD,LLM_HOLD,0.0,,
3007,pressure,0,1,4,2,27.0,5.0,HOLD,HOLD,False,NONE,HOLD,LLM_HOLD,0.0,,
3008,pressure,0,2,3,2,10.0,7.0,HOLD,HOLD,False,NONE,HOLD,LLM_HOLD,0.0,,
3009,pressure,0,3,2,2,3.0,9.0,HOLD,HOLD,False,NONE,HOLD,LLM_HOLD,0.0,,
3010,pressure,0,4,0,2,0.0,11.0,HOLD,HOLD,False,NONE,HOLD,LLM_HOLD,0.0,,
3011,pressure,0,5,0,3,0.0,14.0,HOLD,HOLD,False,NONE,HOLD,LLM_HOLD,0.0,,
3012,pressure,0,6,0,3,0.0,17.0,HOLD,HOLD,False,NONE,HOLD,LLM_HOLD,0.0,,
3013,pressure,0,7,0,3,0.0,20.0,HOLD,HOLD,False,NONE,HOLD,LLM_HOLD,0.0,,
3014,pressure,0,8,0,4,0.0,24.0,HOLD,HOLD,False,NONE,HOLD,LLM_HOLD,0.0,,
3015,pressure,0,9,0,4,0.0,28.0,HOLD-REQUEST_EW,HOLD,False,NONE,HOLD,LLM_HOLD,0.0,,
3016,pressure,0,10,0,4,0.0,32.0,HOLD-REQUEST_EW,HOLD,False,NONE,HOLD,LLM_HOLD,0.0,,
3017,pressure,0,11,0,4,0.0,36.0,HOLD-REQUEST_EW,HOLD,False,NONE,HOLD,LLM_HOLD,0.0,,
3018,pressure,0,12,0,5,0.0,41.0,HOLD-REQUEST_EW,HOLD,False,NONE,HOLD,LLM_HOLD,0.0,,
3019,pressure,0,13,0,6,0.0,47.0,HOLD-REQUEST_EW,HOLD,False,NONE,HOLD,LLM_HOLD,0.0,,
3020,pressure,0,14,0,6,0.0,53.0,HOLD-REQUEST_EW,PRESSURE_DECISION,False,NONE,SWITCH,LLM_APPROVED,0.0,,
3021,pressure,1,0,0,6,0.0,59.0,HOLD,HOLD,False,NONE,HOLD,TRANSITION_IN_PROGRESS,0.0,,
3022,pressure,1,1,0,6,0.0,65.0,HOLD,HOLD,False,NONE,HOLD,TRANSITION_IN_PROGRESS,0.0,,
3023,pressure,1,2,0,6,0.0,71.0,HOLD,HOLD,False,NONE,HOLD,TRANSITION_IN_PROGRESS,0.0,,
3024,pressure,2,0,0,8,0.0,79.0,HOLD,HOLD,False,NONE,HOLD,TRANSITION_IN_PROGRESS,0.0,,
3025,pressure,2,1,0,8,0.0,87.0,HOLD,HOLD,False,NONE,HOLD,TRANSITION_IN_PROGRESS,0.0,,
3026,pressure,3,0,0,6,0.0,52.0,HOLD,HOLD,False,NONE,HOLD,LLM_HOLD,0.0,,
3027,pressure,3,1,0,4,0.0,27.0,HOLD,HOLD,False,NONE,HOLD,LLM_HOLD,0.0,,
3028,pressure,3,2,0,2,0.0,10.0,HOLD,HOLD,False,NONE,HOLD,LLM_HOLD,0.0,,
3029,pressure,3,3,1,1,1.0,1.0,HOLD,HOLD,False,NONE,HOLD,LLM_HOLD,0.0,,
3030,pressure,3,4,1,0,2.0,0.0,HOLD,HOLD,False,NONE,HOLD,LLM_HOLD,0.0,,
3031,pressure,3,5,2,0,4.0,0.0,HOLD,HOLD,False,NONE,HOLD,LLM_HOLD,0.0,,
3032,pressure,3,6,2,0,6.0,0.0,HOLD,HOLD,False,NONE,HOLD,LLM_HOLD,0.0,,
3033,pressure,3,7,2,0,8.0,0.0,HOLD,HOLD,False,NONE,HOLD,LLM_HOLD,0.0,,
3034,pressure,3,8,3,0,11.0,0.0,HOLD,HOLD,False,NONE,HOLD,LLM_HOLD,0.0,,
3035,pressure,3,9,4,0,15.0,0.0,HOLD-REQUEST_NS,HOLD,False,NONE,HOLD,LLM_HOLD,0.0,,
3036,pressure,3,10,4,0,19.0,0.0,HOLD-REQUEST_NS,HOLD,False,NONE,HOLD,LLM_HOLD,0.0,,
3037,pressure,3,11,4,0,23.0,0.0,HOLD-REQUEST_NS,HOLD,False,NONE,HOLD,LLM_HOLD,0.0,,
3038,pressure,3,12,4,0,27.0,0.0,HOLD-REQUEST_NS,HOLD,False,NONE,HOLD,LLM_HOLD,0.0,,
3039,pressure,3,13,4,0,31.0,0.0,HOLD-REQUEST_NS,HOLD,False,NONE,HOLD,LLM_HOLD,0.0,,
3040,pressure,3,14,5,0,36.0,0.0,HOLD-REQUEST_NS,PRESSURE_DECISION,False,NONE,SWITCH,LLM_APPROVED,0.0,,
3041,pressure,4,0,6,0,42.0,0.0,HOLD,HOLD,False,NONE,HOLD,TRANSITION_IN_PROGRESS,0.0,,
3042,pressure,4,1,6,0,48.0,0.0,HOLD,HOLD,False,NONE,HOLD,TRANSITION_IN_PROGRESS,0.0,,
3043,pressure,4,2,6,0,54.0,0.0,HOLD,HOLD,False,NONE,HOLD,TRANSITION_IN_PROGRESS,0.0,,
3044,pressure,5,0,6,0,60.0,0.0,HOLD,HOLD,False,NONE,HOLD,TRANSITION_IN_PROGRESS,0.0,,
3045,pressure,5,1,7,0,67.0,0.0,HOLD,HOLD,False,NONE,HOLD,TRANSITION_IN_PROGRESS,0.0,,
3046,pressure,0,0,5,0,40.0,0.0,HOLD,HOLD,False,NONE,HOLD,LLM_HOLD,0.0,,
3047,pressure,0,1,4,0,19.0,0.0,HOLD,HOLD,False,NONE,HOLD,LLM_HOLD,0.0,,
3048,pressure,0,2,2,0,6.0,0.0,HOLD,HOLD,False,NONE,HOLD,LLM_HOLD,0.0,,
3049,pressure,0,3,0,0,0.0,0.0,HOLD,HOLD,False,NONE,HOLD,LLM_HOLD,0.0,,
3050,pressure,0,4,0,2,0.0,2.0,HOLD,HOLD,False,NONE,HOLD,LLM_HOLD,0.0,,
3051,pressure,0,5,0,2,0.0,4.0,HOLD,HOLD,False,NONE,HOLD,LLM_HOLD,0.0,,
3052,pressure,0,6,0,2,0.0,6.0,HOLD,HOLD,False,NONE,HOLD,LLM_HOLD,0.0,,
3053,pressure,0,7,0,2,0.0,8.0,HOLD,HOLD,False,NONE,HOLD,LLM_HOLD,0.0,,
3054,pressure,0,8,0,2,0.0,10.0,HOLD,HOLD,False,NONE,HOLD,LLM_HOLD,0.0,,
3055,pressure,0,9,0,3,0.0,13.0,HOLD-REQUEST_EW,HOLD,False,NONE,HOLD,LLM_HOLD,0.0,,
3056,pressure,0,10,0,4,0.0,17.0,HOLD-REQUEST_EW,HOLD,False,NONE,HOLD,LLM_HOLD,0.0,,
3057,pressure,0,11,0,4,0.0,21.0,HOLD-REQUEST_EW,HOLD,False,NONE,HOLD,LLM_HOLD,0.0,,
3058,pressure,0,12,0,4,0.0,25.0,HOLD-REQUEST_EW,HOLD,False,NONE,HOLD,LLM_HOLD,0.0,,
3059,pressure,0,13,0,4,0.0,29.0,HOLD-REQUEST_EW,HOLD,False,NONE,HOLD,LLM_HOLD,0.0,,
3060,pressure,0,14,0,4,0.0,33.0,HOLD-REQUEST_EW,PRESSURE_DECISION,False,NONE,SWITCH,LLM_APPROVED,0.0,,
3061,pressure,1,0,0,5,0.0,38.0,HOLD,HOLD,False,NONE,HOLD,TRANSITION_IN_PROGRESS,0.0,,
3062,pressure,1,1,0,5,0.0,43.0,HOLD,HOLD,False,NONE,HOLD,TRANSITION_IN_PROGRESS,0.0,,
3063,pressure,1,2,0,6,0.0,49.0,HOLD,HOLD,False,NONE,HOLD,TRANSITION_IN_PROGRESS,0.0,,
3064,pressure,2,0,0,6,0.0,55.0,HOLD,HOLD,False,NONE,HOLD,TRANSITION_IN_PROGRESS,0.0,,
3065,pressure,2,1,0,6,0.0,61.0,HOLD,HOLD,False,NONE,HOLD,TRANSITION_IN_PROGRESS,0.0,,
3066,pressure,3,0,1,4,1.0,33.0,HOLD,HOLD,False,NONE,HOLD,LLM_HOLD,0.0,,
3067,pressure,3,1,2,3,3.0,13.0,HOLD,HOLD,False,NONE,HOLD,LLM_HOLD,0.0,,
3068,pressure,3,2,2,2,5.0,3.0,HOLD,HOLD,False,NONE,HOLD,LLM_HOLD,0.0,,
3069,pressure,3,3,2,0,7.0,0.0,HOLD,HOLD,False,NONE,HOLD,LLM_HOLD,0.0,,
3070,pressure,3,4,2,0,9.0,0.0,HOLD,HOLD,False,NONE,HOLD,LLM_HOLD,0.0,,
3071,pressure,3,5,3,0,12.0,0.0,HOLD,HOLD,False,NONE,HOLD,LLM_HOLD,0.0,,
3072,pressure,3,6,4,0,16.0,0.0,HOLD,HOLD,False,NONE,HOLD,LLM_HOLD,0.0,,
3073,pressure,3,7,4,0,20.0,0.0,HOLD,HOLD,False,NONE,HOLD,LLM_HOLD,0.0,,
3074,pressure,3,8,4,0,24.0,0.0,HOLD,HOLD,False,NONE,HOLD,LLM_HOLD,0.0,,
3075,pressure,3,9,4,0,28.0,0.0,HOLD-REQUEST_NS,HOLD,False,NONE,HOLD,LLM_HOLD,0.0,,
3076,pressure,3,10,6,0,34.0,0.0,HOLD-REQUEST_NS,HOLD,False,NONE,HOLD,LLM_HOLD,0.0,,
3077,pressure,3,11,6,0,40.0,0.0,HOLD-REQUEST_NS,HOLD,False,NONE,HOLD,LLM_HOLD,0.0,,
3078,pressure,3,12,6,0,46.0,0.0,HOLD-REQUEST_NS,HOLD,False,NONE,HOLD,LLM_HOLD,0.0,,
3079,pressure,3,13,6,0,52.0,0.0,HOLD-REQUEST_NS,HOLD,False,NONE,HOLD,LLM_HOLD,0.0,,
3080,pressure,3,14,6,0,58.0,0.0,HOLD-REQUEST_NS,PRESSURE_DECISION,False,NONE,SWITCH,LLM_APPROVED,0.0,,
3081,pressure,4,0,6,0,64.0,0.0,HOLD,HOLD,False,NONE,HOLD,TRANSITION_IN_PROGRESS,0.0,,
3082,pressure,4,1,7,0,71.0,0.0,HOLD,HOLD,False,NONE,HOLD,TRANSITION_IN_PROGRESS,0.0,,
3083,pressure,4,2,8,0,79.0,0.0,HOLD,HOLD,False,NONE,HOLD,TRANSITION_IN_PROGRESS,0.0,,
3084,pressure,5,0,8,0,87.0,0.0,HOLD,HOLD,False,NONE,HOLD,TRANSITION_IN_PROGRESS,0.0,,
3085,pressure,5,1,8,0,95.0,0.0,HOLD,HOLD,False,NONE,HOLD,TRANSITION_IN_PROGRESS,0.0,,
3086,pressure,0,0,6,0,62.0,0.0,HOLD,HOLD,False,NONE,HOLD,LLM_HOLD,0.0,,
3087,pressure,0,1,5,1,36.0,1.0,HOLD,HOLD,False,NONE,HOLD,LLM_HOLD,0.0,,
3088,pressure,0,2,4,1,16.0,2.0,HOLD,HOLD,False,NONE,HOLD,LLM_HOLD,0.0,,
3089,pressure,0,3,2,2,5.0,4.0,HOLD,HOLD,False,NONE,HOLD,LLM_HOLD,0.0,,
3090,pressure,0,4,0,2,0.0,6.0,HOLD,HOLD,False,NONE,HOLD,LLM_HOLD,0.0,,
3091,pressure,0,5,0,2,0.0,8.0,HOLD,HOLD,False,NONE,HOLD,LLM_HOLD,0.0,,
3092,pressure,0,6,0,2,0.0,10.0,HOLD,HOLD,False,NONE,HOLD,LLM_HOLD,0.0,,
3093,pressure,0,7,0,2,0.0,12.0,HOLD,HOLD,False,NONE,HOLD,LLM_HOLD,0.0,,
3094,pressure,0,8,0,3,0.0,15.0,HOLD,HOLD,False,NONE,HOLD,LLM_HOLD,0.0,,
3095,pressure,0,9,0,4,0.0,19.0,HOLD-REQUEST_EW,HOLD,False,NONE,HOLD,LLM_HOLD,0.0,,
3096,pressure,0,10,0,4,0.0,23.0,HOLD-REQUEST_EW,HOLD,False,NONE,HOLD,LLM_HOLD,0.0,,
3097,pressure,0,11,0,4,0.0,27.0,HOLD-REQUEST_EW,HOLD,False,NONE,HOLD,LLM_HOLD,0.0,,
3098,pressure,0,12,0,4,0.0,31.0,HOLD-REQUEST_EW,HOLD,False,NONE,HOLD,LLM_HOLD,0.0,,
3099,pressure,0,13,0,5,0.0,36.0,HOLD-REQUEST_EW,HOLD,False,NONE,HOLD,LLM_HOLD,0.0,,
3100,pressure,0,14,0,6,0.0,42.0,HOLD-REQUEST_EW,PRESSURE_DECISION,False,NONE,SWITCH,LLM_APPROVED,0.0,,
3101,pressure,1,0,0,6,0.0,48.0,HOLD,HOLD,False,NONE,HOLD,TRANSITION_IN_PROGRESS,0.0,,
3102,pressure,1,1,0,6,0.0,54.0,HOLD,HOLD,False,NONE,HOLD,TRANSITION_IN_PROGRESS,0.0,,
3103,pressure,1,2,0,6,0.0,60.0,HOLD,HOLD,False,NONE,HOLD,TRANSITION_IN_PROGRESS,0.0,,
3104,pressure,2,0,0,7,0.0,67.0,HOLD,HOLD,False,NONE,HOLD,TRANSITION_IN_PROGRESS,0.0,,
3105,pressure,2,1,0,8,0.0,75.0,HOLD,HOLD,False,NONE,HOLD,TRANSITION_IN_PROGRESS,0.0,,
3106,pressure,3,0,0,6,0.0,45.0,HOLD,HOLD,False,NONE,HOLD,LLM_HOLD,0.0,,
3107,pressure,3,1,2,4,2.0,24.0,HOLD,HOLD,False,NONE,HOLD,LLM_HOLD,0.0,,
3108,pressure,3,2,2,2,4.0,9.0,HOLD,HOLD,False,NONE,HOLD,LLM_HOLD,0.0,,
3109,pressure,3,3,2,0,6.0,0.0,HOLD,HOLD,False,NONE,HOLD,LLM_HOLD,0.0,,
3110,pressure,3,4,2,0,8.0,0.0,HOLD,HOLD,False,NONE,HOLD,LLM_HOLD,0.0,,
3111,pressure,3,5,2,0,10.0,0.0,HOLD,HOLD,False,NONE,HOLD,LLM_HOLD,0.0,,
3112,pressure,3,6,2,0,12.0,0.0,HOLD,HOLD,False,NONE,HOLD,LLM_HOLD,0.0,,
3113,pressure,3,7,4,0,16.0,0.0,HOLD,HOLD,False,NONE,HOLD,LLM_HOLD,0.0,,
3114,pressure,3,8,4,0,20.0,0.0,HOLD,HOLD,False,NONE,HOLD,LLM_HOLD,0.0,,
3115,pressure,3,9,4,0,24.0,0.0,HOLD-REQUEST_NS,HOLD,False,NONE,HOLD,LLM_HOLD,0.0,,
3116,pressure,3,10,4,0,28.0,0.0,HOLD-REQUEST_NS,HOLD,False,NONE,HOLD,LLM_HOLD,0.0,,
3117,pressure,3,11,4,0,32.0,0.0,HOLD-REQUEST_NS,HOLD,False,NONE,HOLD,LLM_HOLD,0.0,,
3118,pressure,3,12,6,0,38.0,0.0,HOLD-REQUEST_NS,HOLD,False,NONE,HOLD,LLM_HOLD,0.0,,
3119,pressure,3,13,6,0,44.0,0.0,HOLD-REQUEST_NS,HOLD,False,NONE,HOLD,LLM_HOLD,0.0,,
3120,pressure,3,14,6,0,50.0,0.0,HOLD-REQUEST_NS,PRESSURE_DECISION,False,NONE,SWITCH,LLM_APPROVED,0.0,,
3121,pressure,4,0,6,0,56.0,0.0,HOLD,HOLD,False,NONE,HOLD,TRANSITION_IN_PROGRESS,0.0,,
3122,pressure,4,1,6,0,62.0,0.0,HOLD,HOLD,False,NONE,HOLD,TRANSITION_IN_PROGRESS,0.0,,
3123,pressure,4,2,6,0,68.0,0.0,HOLD,HOLD,False,NONE,HOLD,TRANSITION_IN_PROGRESS,0.0,,
3124,pressure,5,0,8,0,76.0,0.0,HOLD,HOLD,False,NONE,HOLD,TRANSITION_IN_PROGRESS,0.0,,
3125,pressure,5,1,8,0,84.0,0.0,HOLD,HOLD,False,NONE,HOLD,TRANSITION_IN_PROGRESS,0.0,,
3126,pressure,0,0,6,2,52.0,2.0,HOLD,HOLD,False,NONE,HOLD,LLM_HOLD,0.0,,
3127,pressure,0,1,4,2,28.0,4.0,HOLD,HOLD,False,NONE,HOLD,LLM_HOLD,0.0,,
3128,pressure,0,2,3,2,11.0,6.0,HOLD,HOLD,False,NONE,HOLD,LLM_HOLD,0.0,,
3129,pressure,0,3,2,2,3.0,8.0,HOLD,HOLD,False,NONE,HOLD,LLM_HOLD,0.0,,
3130,pressure,0,4,0,2,0.0,10.0,HOLD,HOLD,False,NONE,HOLD,LLM_HOLD,0.0,,
3131,pressure,0,5,0,2,0.0,12.0,HOLD,HOLD,False,NONE,HOLD,LLM_HOLD,0.0,,
3132,pressure,0,6,0,3,0.0,15.0,HOLD,HOLD,False,NONE,HOLD,LLM_HOLD,0.0,,
3133,pressure,0,7,0,4,0.0,19.0,HOLD,HOLD,False,NONE,HOLD,LLM_HOLD,0.0,,
3134,pressure,0,8,0,4,0.0,23.0,HOLD,HOLD,False,NONE,HOLD,LLM_HOLD,0.0,,
3135,pressure,0,9,0,4,0.0,27.0,HOLD-REQUEST_EW,HOLD,False,NONE,HOLD,LLM_HOLD,0.0,,
3136,pressure,0,10,0,4,0.0,31.0,HOLD-REQUEST_EW,HOLD,False,NONE,HOLD,LLM_HOLD,0.0,,
3137,pressure,0,11,0,4,0.0,35.0,HOLD-REQUEST_EW,HOLD,False,NONE,HOLD,LLM_HOLD,0.0,,
3138,pressure,0,12,0,5,0.0,40.0,HOLD-REQUEST_EW,HOLD,False,NONE,HOLD,LLM_HOLD,0.0,,
3139,pressure,0,13,0,6,0.0,46.0,HOLD-REQUEST_EW,HOLD,False,NONE,HOLD,LLM_HOLD,0.0,,
3140,pressure,0,14,0,6,0.0,52.0,HOLD-REQUEST_EW,PRESSURE_DECISION,False,NONE,SWITCH,LLM_APPROVED,0.0,,
3141,pressure,1,0,0,6,0.0,58.0,HOLD,HOLD,False,NONE,HOLD,TRANSITION_IN_PROGRESS,0.0,,
3142,pressure,1,1,0,8,0.0,66.0,HOLD,HOLD,False,NONE,HOLD,TRANSITION_IN_PROGRESS,0.0,,
3143,pressure,1,2,0,8,0.0,74.0,HOLD,HOLD,False,NONE,HOLD,TRANSITION_IN_PROGRESS,0.0,,
3144,pressure,2,0,1,8,1.0,82.0,HOLD,HOLD,False,NONE,HOLD,TRANSITION_IN_PROGRESS,0.0,,
3145,pressure,2,1,1,8,2.0,90.0,HOLD,HOLD,False,NONE,HOLD,TRANSITION_IN_PROGRESS,0.0,,
3146,pressure,3,0,1,6,3.0,56.0,HOLD,HOLD,False,NONE,HOLD,LLM_HOLD,0.0,,
3147,pressure,3,1,1,4,4.0,31.0,HOLD,HOLD,False,NONE,HOLD,LLM_HOLD,0.0,,
3148,pressure,3,2,2,2,6.0,14.0,HOLD,HOLD,False,NONE,HOLD,LLM_HOLD,0.0,,
3149,pressure,3,3,2,0,8.0,0.0,HOLD,HOLD,False,NONE,HOLD,LLM_HOLD,0.0,,
3150,pressure,3,4,3,0,11.0,0.0,HOLD,HOLD,False,NONE,HOLD,LLM_HOLD,0.0,,
3151,pressure,3,5,3,0,14.0,0.0,HOLD,HOLD,False,NONE,HOLD,LLM_HOLD,0.0,,
3152,pressure,3,6,3,0,17.0,0.0,HOLD,HOLD,False,NONE,HOLD,LLM_HOLD,0.0,,
3153,pressure,3,7,3,0,20.0,0.0,HOLD,HOLD,False,NONE,HOLD,LLM_HOLD,0.0,,
3154,pressure,3,8,4,0,24.0,0.0,HOLD,HOLD,False,NONE,HOLD,LLM_HOLD,0.0,,
3155,pressure,3,9,4,0,28.0,0.0,HOLD-REQUEST_NS,HOLD,False,NONE,HOLD,LLM_HOLD,0.0,,
3156,pressure,3,10,5,0,33.0,0.0,HOLD-REQUEST_NS,HOLD,False,NONE,HOLD,LLM_HOLD,0.0,,
3157,pressure,3,11,5,0,38.0,0.0,HOLD-REQUEST_NS,HOLD,False,NONE,HOLD,LLM_HOLD,0.0,,
3158,pressure,3,12,5,0,43.0,0.0,HOLD-REQUEST_NS,HOLD,False,NONE,HOLD,LLM_HOLD,0.0,,
3159,pressure,3,13,5,0,48.0,0.0,HOLD-REQUEST_NS,HOLD,False,NONE,HOLD,LLM_HOLD,0.0,,
3160,pressure,3,14,6,0,54.0,0.0,HOLD-REQUEST_NS,PRESSURE_DECISION,False,NONE,SWITCH,LLM_APPROVED,0.0,,
3161,pressure,4,0,7,0,61.0,0.0,HOLD,HOLD,False,NONE,HOLD,TRANSITION_IN_PROGRESS,0.0,,
3162,pressure,4,1,7,0,68.0,0.0,HOLD,HOLD,False,NONE,HOLD,TRANSITION_IN_PROGRESS,0.0,,
3163,pressure,4,2,7,0,75.0,0.0,HOLD,HOLD,False,NONE,HOLD,TRANSITION_IN_PROGRESS,0.0,,
3164,pressure,5,0,7,0,82.0,0.0,HOLD,HOLD,False,NONE,HOLD,TRANSITION_IN_PROGRESS,0.0,,
3165,pressure,5,1,8,0,90.0,0.0,HOLD,HOLD,False,NONE,HOLD,TRANSITION_IN_PROGRESS,0.0,,
3166,pressure,0,0,7,0,59.0,0.0,HOLD,HOLD,False,NONE,HOLD,LLM_HOLD,0.0,,
3167,pressure,0,1,5,0,34.0,0.0,HOLD,HOLD,False,NONE,HOLD,LLM_HOLD,0.0,,
3168,pressure,0,2,3,0,16.0,0.0,HOLD,HOLD,False,NONE,HOLD,LLM_HOLD,0.0,,
3169,pressure,0,3,1,1,5.0,1.0,HOLD,HOLD,False,NONE,HOLD,LLM_HOLD,0.0,,
3170,pressure,0,4,1,2,1.0,3.0,HOLD,HOLD,False,NONE,HOLD,LLM_HOLD,0.0,,
3171,pressure,0,5,0,2,0.0,5.0,HOLD,HOLD,False,NONE,HOLD,LLM_HOLD,0.0,,
3172,pressure,0,6,0,2,0.0,7.0,HOLD,HOLD,False,NONE,HOLD,LLM_HOLD,0.0,,
3173,pressure,0,7,0,2,0.0,9.0,HOLD,HOLD,False,NONE,HOLD,LLM_HOLD,0.0,,
3174,pressure,0,8,0,2,0.0,11.0,HOLD,HOLD,False,NONE,HOLD,LLM_HOLD,0.0,,
3175,pressure,0,9,0,2,0.0,13.0,HOLD-REQUEST_EW,HOLD,False,NONE,HOLD,LLM_HOLD,0.0,,
3176,pressure,0,10,0,2,0.0,15.0,HOLD-REQUEST_EW,HOLD,False,NONE,HOLD,LLM_HOLD,0.0,,
3177,pressure,0,11,0,4,0.0,19.0,HOLD-REQUEST_EW,HOLD,False,NONE,HOLD,LLM_HOLD,0.0,,
3178,pressure,0,12,0,4,0.0,23.0,HOLD-REQUEST_EW,HOLD,False,NONE,HOLD,LLM_HOLD,0.0,,
3179,pressure,0,13,0,4,0.0,27.0,HOLD-REQUEST_EW,HOLD,False,NONE,HOLD,LLM_HOLD,0.0,,
3180,pressure,0,14,0,4,0.0,31.0,HOLD-REQUEST_EW,PRESSURE_DECISION,False,NONE,SWITCH,LLM_APPROVED,0.0,,
3181,pressure,1,0,0,4,0.0,35.0,HOLD,HOLD,False,NONE,HOLD,TRANSITION_IN_PROGRESS,0.0,,
3182,pressure,1,1,0,6,0.0,41.0,HOLD,HOLD,False,NONE,HOLD,TRANSITION_IN_PROGRESS,0.0,,
3183,pressure,1,2,0,6,0.0,47.0,HOLD,HOLD,False,NONE,HOLD,TRANSITION_IN_PROGRESS,0.0,,
3184,pressure,2,0,0,6,0.0,53.0,HOLD,HOLD,False,NONE,HOLD,TRANSITION_IN_PROGRESS,0.0,,
3185,pressure,2,1,1,6,1.0,59.0,HOLD,HOLD,False,NONE,HOLD,TRANSITION_IN_PROGRESS,0.0,,
3186,pressure,3,0,2,4,3.0,30.0,HOLD,HOLD,False,NONE,HOLD,LLM_HOLD,0.0,,
3187,pressure,3,1,2,3,5.0,13.0,HOLD,HOLD,False,NONE,HOLD,LLM_HOLD,0.0,,
3188,pressure,3,2,2,2,7.0,3.0,HOLD,HOLD,False,NONE,HOLD,LLM_HOLD,0.0,,
3189,pressure,3,3,2,0,9.0,0.0,HOLD,HOLD,False,NONE,HOLD,LLM_HOLD,0.0,,
3190,pressure,3,4,3,0,12.0,0.0,HOLD,HOLD,False,NONE,HOLD,LLM_HOLD,0.0,,
3191,pressure,3,5,4,0,16.0,0.0,HOLD,HOLD,False,NONE,HOLD,LLM_HOLD,0.0,,
3192,pressure,3,6,4,0,20.0,0.0,HOLD,HOLD,False,NONE,HOLD,LLM_HOLD,0.0,,
3193,pressure,3,7,4,0,24.0,0.0,HOLD,HOLD,False,NONE,HOLD,LLM_HOLD,0.0,,
3194,pressure,3,8,4,0,28.0,0.0,HOLD,HOLD,False,NONE,HOLD,LLM_HOLD,0.0,,
3195,pressure,3,9,4,0,32.0,0.0,HOLD-REQUEST_NS,HOLD,False,NONE,HOLD,LLM_HOLD,0.0,,
3196,pressure,3,10,6,0,38.0,0.0,HOLD-REQUEST_NS,HOLD,False,NONE,HOLD,LLM_HOLD,0.0,,
3197,pressure,3,11,6,0,44.0,0.0,HOLD-REQUEST_NS,HOLD,False,NONE,HOLD,LLM_HOLD,0.0,,
3198,pressure,3,12,6,0,50.0,0.0,HOLD-REQUEST_NS,HOLD,False,NONE,HOLD,LLM_HOLD,0.0,,
3199,pressure,3,13,6,0,56.0,0.0,HOLD-REQUEST_NS,HOLD,False,NONE,HOLD,LLM_HOLD,0.0,,
3200,pressure,3,14,6,0,62.0,0.0,HOLD-REQUEST_NS,PRESSURE_DECISION,False,NONE,SWITCH,LLM_APPROVED,0.0,,
3201,pressure,4,0,6,0,68.0,0.0,HOLD,HOLD,False,NONE,HOLD,TRANSITION_IN_PROGRESS,0.0,,
3202,pressure,4,1,7,0,75.0,0.0,HOLD,HOLD,False,NONE,HOLD,TRANSITION_IN_PROGRESS,0.0,,
3203,pressure,4,2,7,0,82.0,0.0,HOLD,HOLD,False,NONE,HOLD,TRANSITION_IN_PROGRESS,0.0,,
3204,pressure,5,0,8,0,90.0,0.0,HOLD,HOLD,False,NONE,HOLD,TRANSITION_IN_PROGRESS,0.0,,
3205,pressure,5,1,8,0,98.0,0.0,HOLD,HOLD,False,NONE,HOLD,TRANSITION_IN_PROGRESS,0.0,,
3206,pressure,0,0,6,0,63.0,0.0,HOLD,HOLD,False,NONE,HOLD,LLM_HOLD,0.0,,
3207,pressure,0,1,5,1,35.0,1.0,HOLD,HOLD,False,NONE,HOLD,LLM_HOLD,0.0,,
3208,pressure,0,2,4,1,15.0,2.0,HOLD,HOLD,False,NONE,HOLD,LLM_HOLD,0.0,,
3209,pressure,0,3,2,2,5.0,4.0,HOLD,HOLD,False,NONE,HOLD,LLM_HOLD,0.0,,
3210,pressure,0,4,0,2,0.0,6.0,HOLD,HOLD,False,NONE,HOLD,LLM_HOLD,0.0,,
3211,pressure,0,5,0,2,0.0,8.0,HOLD,HOLD,False,NONE,HOLD,LLM_HOLD,0.0,,
3212,pressure,0,6,0,2,0.0,10.0,HOLD,HOLD,False,NONE,HOLD,LLM_HOLD,0.0,,
3213,pressure,0,7,0,3,0.0,13.0,HOLD,HOLD,False,NONE,HOLD,LLM_HOLD,0.0,,
3214,pressure,0,8,0,3,0.0,16.0,HOLD,HOLD,False,NONE,HOLD,LLM_HOLD,0.0,,
3215,pressure,0,9,0,3,0.0,19.0,HOLD-REQUEST_EW,HOLD,False,NONE,HOLD,LLM_HOLD,0.0,,
3216,pressure,0,10,0,3,0.0,22.0,HOLD-REQUEST_EW,HOLD,False,NONE,HOLD,LLM_HOLD,0.0,,
3217,pressure,0,11,0,4,0.0,26.0,HOLD-REQUEST_EW,HOLD,False,NONE,HOLD,LLM_HOLD,0.0,,
3218,pressure,0,12,0,4,0.0,30.0,HOLD-REQUEST_EW,HOLD,False,NONE,HOLD,LLM_HOLD,0.0,,
3219,pressure,0,13,0,6,0.0,36.0,HOLD-REQUEST_EW,HOLD,False,NONE,HOLD,LLM_HOLD,0.0,,
3220,pressure,0,14,0,6,0.0,42.0,HOLD-REQUEST_EW,PRESSURE_DECISION,False,NONE,SWITCH,LLM_APPROVED,0.0,,
3221,pressure,1,0,0,6,0.0,48.0,HOLD,HOLD,False,NONE,HOLD,TRANSITION_IN_PROGRESS,0.0,,
3222,pressure,1,1,0,6,0.0,54.0,HOLD,HOLD,False,NONE,HOLD,TRANSITION_IN_PROGRESS,0.0,,
3223,pressure,1,2,0,6,0.0,60.0,HOLD,HOLD,False,NONE,HOLD,TRANSITION_IN_PROGRESS,0.0,,
3224,pressure,2,0,0,6,0.0,66.0,HOLD,HOLD,False,NONE,HOLD,TRANSITION_IN_PROGRESS,0.0,,
3225,pressure,2,1,0,8,0.0,74.0,HOLD,HOLD,False,NONE,HOLD,TRANSITION_IN_PROGRESS,0.0,,
3226,pressure,3,0,1,6,1.0,44.0,HOLD,HOLD,False,NONE,HOLD,LLM_HOLD,0.0,,
3227,pressure,3,1,2,4,3.0,24.0,HOLD,HOLD,False,NONE,HOLD,LLM_HOLD,0.0,,
3228,pressure,3,2,2,2,5.0,8.0,HOLD,HOLD,False,NONE,HOLD,LLM_HOLD,0.0,,
3229,pressure,3,3,2,0,7.0,0.0,HOLD,HOLD,False,NONE,HOLD,LLM_HOLD,0.0,,
3230,pressure,3,4,2,0,9.0,0.0,HOLD,HOLD,False,NONE,HOLD,LLM_HOLD,0.0,,
3231,pressure,3,5,2,0,11.0,0.0,HOLD,HOLD,False,NONE,HOLD,LLM_HOLD,0.0,,
3232,pressure,3,6,2,0,13.0,0.0,HOLD,HOLD,False,NONE,HOLD,LLM_HOLD,0.0,,
3233,pressure,3,7,4,0,17.0,0.0,HOLD,HOLD,False,NONE,HOLD,LLM_HOLD,0.0,,
3234,pressure,3,8,4,0,21.0,0.0,HOLD,HOLD,False,NONE,HOLD,LLM_HOLD,0.0,,
3235,pressure,3,9,4,0,25.0,0.0,HOLD-REQUEST_NS,HOLD,False,NONE,HOLD,LLM_HOLD,0.0,,
3236,pressure,3,10,4,0,29.0,0.0,HOLD-REQUEST_NS,HOLD,False,NONE,HOLD,LLM_HOLD,0.0,,
3237,pressure,3,11,4,0,33.0,0.0,HOLD-REQUEST_NS,HOLD,False,NONE,HOLD,LLM_HOLD,0.0,,
3238,pressure,3,12,5,0,38.0,0.0,HOLD-REQUEST_NS,HOLD,False,NONE,HOLD,LLM_HOLD,0.0,,
3239,pressure,3,13,5,0,43.0,0.0,HOLD-REQUEST_NS,HOLD,False,NONE,HOLD,LLM_HOLD,0.0,,
3240,pressure,3,14,5,0,48.0,0.0,HOLD-REQUEST_NS,PRESSURE_DECISION,False,NONE,SWITCH,LLM_APPROVED,0.0,,
3241,pressure,4,0,6,0,54.0,0.0,HOLD,HOLD,False,NONE,HOLD,TRANSITION_IN_PROGRESS,0.0,,
3242,pressure,4,1,6,0,60.0,0.0,HOLD,HOLD,False,NONE,HOLD,TRANSITION_IN_PROGRESS,0.0,,
3243,pressure,4,2,6,0,66.0,0.0,HOLD,HOLD,False,NONE,HOLD,TRANSITION_IN_PROGRESS,0.0,,
3244,pressure,5,0,8,0,74.0,0.0,HOLD,HOLD,False,NONE,HOLD,TRANSITION_IN_PROGRESS,0.0,,
3245,pressure,5,1,8,0,82.0,0.0,HOLD,HOLD,False,NONE,HOLD,TRANSITION_IN_PROGRESS,0.0,,
3246,pressure,0,0,6,0,49.0,0.0,HOLD,HOLD,False,NONE,HOLD,LLM_HOLD,0.0,,
3247,pressure,0,1,4,2,25.0,2.0,HOLD,HOLD,False,NONE,HOLD,LLM_HOLD,0.0,,
3248,pressure,0,2,2,2,10.0,4.0,HOLD,HOLD,False,NONE,HOLD,LLM_HOLD,0.0,,
3249,pressure,0,3,1,2,1.0,6.0,HOLD,HOLD,False,NONE,HOLD,LLM_HOLD,0.0,,
3250,pressure,0,4,0,2,0.0,8.0,HOLD,HOLD,False,NONE,HOLD,LLM_HOLD,0.0,,
3251,pressure,0,5,0,2,0.0,10.0,HOLD,HOLD,False,NONE,HOLD,LLM_HOLD,0.0,,
3252,pressure,0,6,0,3,0.0,13.0,HOLD,HOLD,False,NONE,HOLD,LLM_HOLD,0.0,,
3253,pressure,0,7,0,4,0.0,17.0,HOLD,HOLD,False,NONE,HOLD,LLM_HOLD,0.0,,
3254,pressure,0,8,0,4,0.0,21.0,HOLD,HOLD,False,NONE,HOLD,LLM_HOLD,0.0,,
3255,pressure,0,9,0,4,0.0,25.0,HOLD-REQUEST_EW,HOLD,False,NONE,HOLD,LLM_HOLD,0.0,,
3256,pressure,0,10,0,4,0.0,29.0,HOLD-REQUEST_EW,HOLD,False,NONE,HOLD,LLM_HOLD,0.0,,
3257,pressure,0,11,0,5,0.0,34.0,HOLD-REQUEST_EW,HOLD,False,NONE,HOLD,LLM_HOLD,0.0,,
3258,pressure,0,12,0,6,0.0,40.0,HOLD-REQUEST_EW,HOLD,False,NONE,HOLD,LLM_HOLD,0.0,,
3259,pressure,0,13,0,6,0.0,46.0,HOLD-REQUEST_EW,HOLD,False,NONE,HOLD,LLM_HOLD,0.0,,
3260,pressure,0,14,0,6,0.0,52.0,HOLD-REQUEST_EW,PRESSURE_DECISION,False,NONE,SWITCH,LLM_APPROVED,0.0,,
3261,pressure,1,0,0,6,0.0,58.0,HOLD,HOLD,False,NONE,HOLD,TRANSITION_IN_PROGRESS,0.0,,
3262,pressure,1,1,0,7,0.0,65.0,HOLD,HOLD,False,NONE,HOLD,TRANSITION_IN_PROGRESS,0.0,,
3263,pressure,1,2,0,8,0.0,73.0,HOLD,HOLD,False,NONE,HOLD,TRANSITION_IN_PROGRESS,0.0,,
3264,pressure,2,0,0,8,0.0,81.0,HOLD,HOLD,False,NONE,HOLD,TRANSITION_IN_PROGRESS,0.0,,
3265,pressure,2,1,0,8,0.0,89.0,HOLD,HOLD,False,NONE,HOLD,TRANSITION_IN_PROGRESS,0.0,,
3266,pressure,3,0,0,6,0.0,57.0,HOLD,HOLD,False,NONE,HOLD,LLM_HOLD,0.0,,
3267,pressure,3,1,0,4,0.0,32.0,HOLD,HOLD,False,NONE,HOLD,LLM_HOLD,0.0,,
3268,pressure,3,2,0,2,0.0,13.0,HOLD,HOLD,False,NONE,HOLD,LLM_HOLD,0.0,,
3269,pressure,3,3,0,1,0.0,1.0,HOLD,HOLD,False,NONE,HOLD,LLM_HOLD,0.0,,
3270,pressure,3,4,2,0,2.0,0.0,HOLD,HOLD,False,NONE,HOLD,LLM_HOLD,0.0,,
3271,pressure,3,5,2,0,4.0,0.0,HOLD,HOLD,False,NONE,HOLD,LLM_HOLD,0.0,,
3272,pressure,3,6,2,0,6.0,0.0,HOLD,HOLD,False,NONE,HOLD,LLM_HOLD,0.0,,
3273,pressure,3,7,2,0,8.0,0.0,HOLD,HOLD,False,NONE,HOLD,LLM_HOLD,0.0,,
3274,pressure,3,8,3,0,11.0,0.0,HOLD,HOLD,False,NONE,HOLD,LLM_HOLD,0.0,,
3275,pressure,3,9,4,0,15.0,0.0,HOLD-REQUEST_NS,HOLD,False,NONE,HOLD,LLM_HOLD,0.0,,
3276,pressure,3,10,4,0,19.0,0.0,HOLD-REQUEST_NS,HOLD,False,NONE,HOLD,LLM_HOLD,0.0,,
3277,pressure,3,11,4,0,23.0,0.0,HOLD-REQUEST_NS,HOLD,False,NONE,HOLD,LLM_HOLD,0.0,,
3278,pressure,3,12,4,0,27.0,0.0,HOLD-REQUEST_NS,HOLD,False,NONE,HOLD,LLM_HOLD,0.0,,
3279,pressure,3,13,4,0,31.0,0.0,HOLD-REQUEST_NS,HOLD,False,NONE,HOLD,LLM_HOLD,0.0,,
3280,pressure,3,14,4,0,35.0,0.0,HOLD-REQUEST_NS,PRESSURE_DECISION,False,NONE,SWITCH,LLM_APPROVED,0.0,,
3281,pressure,4,0,6,0,41.0,0.0,HOLD,HOLD,False,NONE,HOLD,TRANSITION_IN_PROGRESS,0.0,,
3282,pressure,4,1,6,0,47.0,0.0,HOLD,HOLD,False,NONE,HOLD,TRANSITION_IN_PROGRESS,0.0,,
3283,pressure,4,2,6,1,53.0,1.0,HOLD,HOLD,False,NONE,HOLD,TRANSITION_IN_PROGRESS,0.0,,
3284,pressure,5,0,6,2,59.0,3.0,HOLD,HOLD,False,NONE,HOLD,TRANSITION_IN_PROGRESS,0.0,,
3285,pressure,5,1,7,2,66.0,5.0,HOLD,HOLD,False,NONE,HOLD,TRANSITION_IN_PROGRESS,0.0,,
3286,pressure,0,0,5,2,39.0,7.0,HOLD,HOLD,False,NONE,HOLD,LLM_HOLD,0.0,,
3287,pressure,0,1,4,2,18.0,9.0,HOLD,HOLD,False,NONE,HOLD,LLM_HOLD,0.0,,
3288,pressure,0,2,2,2,6.0,11.0,HOLD,HOLD,False,NONE,HOLD,LLM_HOLD,0.0,,
3289,pressure,0,3,0,2,0.0,13.0,HOLD,HOLD,False,NONE,HOLD,LLM_HOLD,0.0,,
3290,pressure,0,4,0,2,0.0,15.0,HOLD,HOLD,False,NONE,HOLD,LLM_HOLD,0.0,,
3291,pressure,0,5,0,3,0.0,18.0,HOLD,HOLD,False,NONE,HOLD,LLM_HOLD,0.0,,
3292,pressure,0,6,0,4,0.0,22.0,HOLD,HOLD,False,NONE,HOLD,LLM_HOLD,0.0,,
3293,pressure,0,7,0,4,0.0,26.0,HOLD,HOLD,False,NONE,HOLD,LLM_HOLD,0.0,,
3294,pressure,0,8,0,4,0.0,30.0,HOLD,HOLD,False,NONE,HOLD,LLM_HOLD,0.0,,
3295,pressure,0,9,0,5,0.0,35.0,HOLD-REQUEST_EW,HOLD,False,NONE,HOLD,LLM_HOLD,0.0,,
3296,pressure,0,10,0,5,0.0,40.0,HOLD-REQUEST_EW,HOLD,False,NONE,HOLD,LLM_HOLD,0.0,,
3297,pressure,0,11,0,6,0.0,46.0,HOLD-REQUEST_EW,HOLD,False,NONE,HOLD,LLM_HOLD,0.0,,
3298,pressure,0,12,0,6,0.0,52.0,HOLD-REQUEST_EW,HOLD,False,NONE,HOLD,LLM_HOLD,0.0,,
3299,pressure,0,13,0,6,0.0,58.0,HOLD-REQUEST_EW,HOLD,False,NONE,HOLD,LLM_HOLD,0.0,,
3300,pressure,0,14,0,6,0.0,64.0,HOLD-REQUEST_EW,PRESSURE_DECISION,False,NONE,SWITCH,LLM_APPROVED,0.0,,
3301,pressure,1,0,0,7,0.0,71.0,HOLD,HOLD,False,NONE,HOLD,TRANSITION_IN_PROGRESS,0.0,,
3302,pressure,1,1,0,8,0.0,79.0,HOLD,HOLD,False,NONE,HOLD,TRANSITION_IN_PROGRESS,0.0,,
3303,pressure,1,2,0,8,0.0,87.0,HOLD,HOLD,False,NONE,HOLD,TRANSITION_IN_PROGRESS,0.0,,
3304,pressure,2,0,0,8,0.0,95.0,HOLD,HOLD,False,NONE,HOLD,TRANSITION_IN_PROGRESS,0.0,,
3305,pressure,2,1,1,8,1.0,103.0,HOLD,HOLD,False,NONE,HOLD,TRANSITION_IN_PROGRESS,0.0,,
3306,pressure,3,0,2,7,3.0,65.0,HOLD,HOLD,False,NONE,HOLD,LLM_HOLD,0.0,,
3307,pressure,3,1,2,5,5.0,39.0,HOLD,HOLD,False,NONE,HOLD,LLM_HOLD,0.0,,
3308,pressure,3,2,2,4,7.0,19.0,HOLD,HOLD,False,NONE,HOLD,LLM_HOLD,0.0,,
3309,pressure,3,3,2,2,9.0,6.0,HOLD,HOLD,False,NONE,HOLD,LLM_HOLD,0.0,,
3310,pressure,3,4,2,0,11.0,0.0,HOLD,HOLD,False,NONE,HOLD,LLM_HOLD,0.0,,
3311,pressure,3,5,2,0,13.0,0.0,HOLD,HOLD,False,NONE,HOLD,LLM_HOLD,0.0,,
3312,pressure,3,6,4,0,17.0,0.0,HOLD,HOLD,False,NONE,HOLD,LLM_HOLD,0.0,,
3313,pressure,3,7,4,0,21.0,0.0,HOLD,HOLD,False,NONE,HOLD,LLM_HOLD,0.0,,
3314,pressure,3,8,4,0,25.0,0.0,HOLD,HOLD,False,NONE,HOLD,LLM_HOLD,0.0,,
3315,pressure,3,9,4,0,29.0,0.0,HOLD-REQUEST_NS,HOLD,False,NONE,HOLD,LLM_HOLD,0.0,,
3316,pressure,3,10,6,0,35.0,0.0,HOLD-REQUEST_NS,HOLD,False,NONE,HOLD,LLM_HOLD,0.0,,
3317,pressure,3,11,6,0,41.0,0.0,HOLD-REQUEST_NS,HOLD,False,NONE,HOLD,LLM_HOLD,0.0,,
3318,pressure,3,12,6,0,47.0,0.0,HOLD-REQUEST_NS,HOLD,False,NONE,HOLD,LLM_HOLD,0.0,,
3319,pressure,3,13,6,0,53.0,0.0,HOLD-REQUEST_NS,HOLD,False,NONE,HOLD,LLM_HOLD,0.0,,
3320,pressure,3,14,6,0,59.0,0.0,HOLD-REQUEST_NS,PRESSURE_DECISION,False,NONE,SWITCH,LLM_APPROVED,0.0,,
3321,pressure,4,0,7,0,66.0,0.0,HOLD,HOLD,False,NONE,HOLD,TRANSITION_IN_PROGRESS,0.0,,
3322,pressure,4,1,8,0,74.0,0.0,HOLD,HOLD,False,NONE,HOLD,TRANSITION_IN_PROGRESS,0.0,,
3323,pressure,4,2,8,0,82.0,0.0,HOLD,HOLD,False,NONE,HOLD,TRANSITION_IN_PROGRESS,0.0,,
3324,pressure,5,0,8,0,90.0,0.0,HOLD,HOLD,False,NONE,HOLD,TRANSITION_IN_PROGRESS,0.0,,
3325,pressure,5,1,8,0,98.0,0.0,HOLD,HOLD,False,NONE,HOLD,TRANSITION_IN_PROGRESS,0.0,,
3326,pressure,0,0,6,0,63.0,0.0,HOLD,HOLD,False,NONE,HOLD,LLM_HOLD,0.0,,
3327,pressure,0,1,5,2,38.0,2.0,HOLD,HOLD,False,NONE,HOLD,LLM_HOLD,0.0,,
3328,pressure,0,2,4,2,18.0,4.0,HOLD,HOLD,False,NONE,HOLD,LLM_HOLD,0.0,,
3329,pressure,0,3,2,2,5.0,6.0,HOLD,HOLD,False,NONE,HOLD,LLM_HOLD,0.0,,
3330,pressure,0,4,0,2,0.0,8.0,HOLD,HOLD,False,NONE,HOLD,LLM_HOLD,0.0,,
3331,pressure,0,5,0,2,0.0,10.0,HOLD,HOLD,False,NONE,HOLD,LLM_HOLD,0.0,,
3332,pressure,0,6,0,2,0.0,12.0,HOLD,HOLD,False,NONE,HOLD,LLM_HOLD,0.0,,
3333,pressure,0,7,0,2,0.0,14.0,HOLD,HOLD,False,NONE,HOLD,LLM_HOLD,0.0,,
3334,pressure,0,8,0,4,0.0,18.0,HOLD,HOLD,False,NONE,HOLD,LLM_HOLD,0.0,,
3335,pressure,0,9,0,4,0.0,22.0,HOLD-REQUEST_EW,HOLD,False,NONE,HOLD,LLM_HOLD,0.0,,
3336,pressure,0,10,0,4,0.0,26.0,HOLD-REQUEST_EW,HOLD,False,NONE,HOLD,LLM_HOLD,0.0,,
3337,pressure,0,11,0,4,0.0,30.0,HOLD-REQUEST_EW,HOLD,False,NONE,HOLD,LLM_HOLD,0.0,,
3338,pressure,0,12,0,4,0.0,34.0,HOLD-REQUEST_EW,HOLD,False,NONE,HOLD,LLM_HOLD,0.0,,
3339,pressure,0,13,0,5,0.0,39.0,HOLD-REQUEST_EW,HOLD,False,NONE,HOLD,LLM_HOLD,0.0,,
3340,pressure,0,14,0,6,0.0,45.0,HOLD-REQUEST_EW,PRESSURE_DECISION,False,NONE,SWITCH,LLM_APPROVED,0.0,,
3341,pressure,1,0,0,6,0.0,51.0,HOLD,HOLD,False,NONE,HOLD,TRANSITION_IN_PROGRESS,0.0,,
3342,pressure,1,1,0,6,0.0,57.0,HOLD,HOLD,False,NONE,HOLD,TRANSITION_IN_PROGRESS,0.0,,
3343,pressure,1,2,0,6,0.0,63.0,HOLD,HOLD,False,NONE,HOLD,TRANSITION_IN_PROGRESS,0.0,,
3344,pressure,2,0,0,7,0.0,70.0,HOLD,HOLD,False,NONE,HOLD,TRANSITION_IN_PROGRESS,0.0,,
3345,pressure,2,1,0,8,0.0,78.0,HOLD,HOLD,False,NONE,HOLD,TRANSITION_IN_PROGRESS,0.0,,
3346,pressure,3,0,1,6,1.0,46.0,HOLD,HOLD,False,NONE,HOLD,LLM_HOLD,0.0,,
3347,pressure,3,1,1,4,2.0,24.0,HOLD,HOLD,False,NONE,HOLD,LLM_HOLD,0.0,,
3348,pressure,3,2,2,2,4.0,9.0,HOLD,HOLD,False,NONE,HOLD,LLM_HOLD,0.0,,
3349,pressure,3,3,2,0,6.0,0.0,HOLD,HOLD,False,NONE,HOLD,LLM_HOLD,0.0,,
3350,pressure,3,4,2,0,8.0,0.0,HOLD,HOLD,False,NONE,HOLD,LLM_HOLD,0.0,,
3351,pressure,3,5,2,0,10.0,0.0,HOLD,HOLD,False,NONE,HOLD,LLM_HOLD,0.0,,
3352,pressure,3,6,3,0,13.0,0.0,HOLD,HOLD,False,NONE,HOLD,LLM_HOLD,0.0,,
3353,pressure,3,7,3,0,16.0,0.0,HOLD,HOLD,False,NONE,HOLD,LLM_HOLD,0.0,,
3354,pressure,3,8,4,0,20.0,0.0,HOLD,HOLD,False,NONE,HOLD,LLM_HOLD,0.0,,
3355,pressure,3,9,4,0,24.0,0.0,HOLD-REQUEST_NS,HOLD,False,NONE,HOLD,LLM_HOLD,0.0,,
3356,pressure,3,10,4,0,28.0,0.0,HOLD-REQUEST_NS,HOLD,False,NONE,HOLD,LLM_HOLD,0.0,,
3357,pressure,3,11,6,0,34.0,0.0,HOLD-REQUEST_NS,HOLD,False,NONE,HOLD,LLM_HOLD,0.0,,
3358,pressure,3,12,6,0,40.0,0.0,HOLD-REQUEST_NS,HOLD,False,NONE,HOLD,LLM_HOLD,0.0,,
3359,pressure,3,13,6,0,46.0,0.0,HOLD-REQUEST_NS,HOLD,False,NONE,HOLD,LLM_HOLD,0.0,,
3360,pressure,3,14,6,0,52.0,0.0,HOLD-REQUEST_NS,PRESSURE_DECISION,False,NONE,SWITCH,LLM_APPROVED,0.0,,
3361,pressure,4,0,6,0,58.0,0.0,HOLD,HOLD,False,NONE,HOLD,TRANSITION_IN_PROGRESS,0.0,,
3362,pressure,4,1,6,0,64.0,0.0,HOLD,HOLD,False,NONE,HOLD,TRANSITION_IN_PROGRESS,0.0,,
3363,pressure,4,2,7,0,71.0,0.0,HOLD,HOLD,False,NONE,HOLD,TRANSITION_IN_PROGRESS,0.0,,
3364,pressure,5,0,7,0,78.0,0.0,HOLD,HOLD,False,NONE,HOLD,TRANSITION_IN_PROGRESS,0.0,,
3365,pressure,5,1,8,1,86.0,1.0,HOLD,HOLD,False,NONE,HOLD,TRANSITION_IN_PROGRESS,0.0,,
3366,pressure,0,0,6,1,54.0,2.0,HOLD,HOLD,False,NONE,HOLD,LLM_HOLD,0.0,,
3367,pressure,0,1,4,2,30.0,4.0,HOLD,HOLD,False,NONE,HOLD,LLM_HOLD,0.0,,
3368,pressure,0,2,2,2,10.0,6.0,HOLD,HOLD,False,NONE,HOLD,LLM_HOLD,0.0,,
3369,pressure,0,3,0,2,0.0,8.0,HOLD,HOLD,False,NONE,HOLD,LLM_HOLD,0.0,,
3370,pressure,0,4,0,2,0.0,10.0,HOLD,HOLD,False,NONE,HOLD,LLM_HOLD,0.0,,
3371,pressure,0,5,0,3,0.0,13.0,HOLD,HOLD,False,NONE,HOLD,LLM_HOLD,0.0,,
3372,pressure,0,6,0,3,0.0,16.0,HOLD,HOLD,False,NONE,HOLD,LLM_HOLD,0.0,,
3373,pressure,0,7,0,4,0.0,20.0,HOLD,HOLD,False,NONE,HOLD,LLM_HOLD,0.0,,
3374,pressure,0,8,0,4,0.0,24.0,HOLD,HOLD,False,NONE,HOLD,LLM_HOLD,0.0,,
3375,pressure,0,9,0,4,0.0,28.0,HOLD-REQUEST_EW,HOLD,False,NONE,HOLD,LLM_HOLD,0.0,,
3376,pressure,0,10,0,4,0.0,32.0,HOLD-REQUEST_EW,HOLD,False,NONE,HOLD,LLM_HOLD,0.0,,
3377,pressure,0,11,0,5,0.0,37.0,HOLD-REQUEST_EW,HOLD,False,NONE,HOLD,LLM_HOLD,0.0,,
3378,pressure,0,12,0,6,0.0,43.0,HOLD-REQUEST_EW,HOLD,False,NONE,HOLD,LLM_HOLD,0.0,,
3379,pressure,0,13,0,6,0.0,49.0,HOLD-REQUEST_EW,HOLD,False,NONE,HOLD,LLM_HOLD,0.0,,
3380,pressure,0,14,0,6,0.0,55.0,HOLD-REQUEST_EW,PRESSURE_DECISION,False,NONE,SWITCH,LLM_APPROVED,0.0,,
3381,pressure,1,0,0,6,0.0,61.0,HOLD,HOLD,False,NONE,HOLD,TRANSITION_IN_PROGRESS,0.0,,
3382,pressure,1,1,0,6,0.0,67.0,HOLD,HOLD,False,NONE,HOLD,TRANSITION_IN_PROGRESS,0.0,,
3383,pressure,1,2,0,7,0.0,74.0,HOLD,HOLD,False,NONE,HOLD,TRANSITION_IN_PROGRESS,0.0,,
3384,pressure,2,0,1,8,1.0,82.0,HOLD,HOLD,False,NONE,HOLD,TRANSITION_IN_PROGRESS,0.0,,
3385,pressure,2,1,1,8,2.0,90.0,HOLD,HOLD,False,NONE,HOLD,TRANSITION_IN_PROGRESS,0.0,,
3386,pressure,3,0,1,6,3.0,56.0,HOLD,HOLD,False,NONE,HOLD,LLM_HOLD,0.0,,
3387,pressure,3,1,1,4,4.0,30.0,HOLD,HOLD,False,NONE,HOLD,LLM_HOLD,0.0,,
3388,pressure,3,2,1,2,5.0,11.0,HOLD,HOLD,False,NONE,HOLD,LLM_HOLD,0.0,,
3389,pressure,3,3,2,1,7.0,1.0,HOLD,HOLD,False,NONE,HOLD,LLM_HOLD,0.0,,
3390,pressure,3,4,3,0,10.0,0.0,HOLD,HOLD,False,NONE,HOLD,LLM_HOLD,0.0,,
3391,pressure,3,5,3,0,13.0,0.0,HOLD,HOLD,False,NONE,HOLD,LLM_HOLD,0.0,,
3392,pressure,3,6,3,0,16.0,0.0,HOLD,HOLD,False,NONE,HOLD,LLM_HOLD,0.0,,
3393,pressure,3,7,4,0,20.0,0.0,HOLD,HOLD,False,NONE,HOLD,LLM_HOLD,0.0,,
3394,pressure,3,8,4,0,24.0,0.0,HOLD,HOLD,False,NONE,HOLD,LLM_HOLD,0.0,,
3395,pressure,3,9,4,0,28.0,0.0,HOLD-REQUEST_NS,HOLD,False,NONE,HOLD,LLM_HOLD,0.0,,
3396,pressure,3,10,5,0,33.0,0.0,HOLD-REQUEST_NS,HOLD,False,NONE,HOLD,LLM_HOLD,0.0,,
3397,pressure,3,11,5,0,38.0,0.0,HOLD-REQUEST_NS,HOLD,False,NONE,HOLD,LLM_HOLD,0.0,,
3398,pressure,3,12,5,0,43.0,0.0,HOLD-REQUEST_NS,HOLD,False,NONE,HOLD,LLM_HOLD,0.0,,
3399,pressure,3,13,5,0,48.0,0.0,HOLD-REQUEST_NS,HOLD,False,NONE,HOLD,LLM_HOLD,0.0,,
3400,pressure,3,14,6,0,54.0,0.0,HOLD-REQUEST_NS,PRESSURE_DECISION,False,NONE,SWITCH,LLM_APPROVED,0.0,,
3401,pressure,4,0,7,0,61.0,0.0,HOLD,HOLD,False,NONE,HOLD,TRANSITION_IN_PROGRESS,0.0,,
3402,pressure,4,1,7,0,68.0,0.0,HOLD,HOLD,False,NONE,HOLD,TRANSITION_IN_PROGRESS,0.0,,
3403,pressure,4,2,7,0,75.0,0.0,HOLD,HOLD,False,NONE,HOLD,TRANSITION_IN_PROGRESS,0.0,,
3404,pressure,5,0,7,0,82.0,0.0,HOLD,HOLD,False,NONE,HOLD,TRANSITION_IN_PROGRESS,0.0,,
3405,pressure,5,1,7,0,89.0,0.0,HOLD,HOLD,False,NONE,HOLD,TRANSITION_IN_PROGRESS,0.0,,
3406,pressure,0,0,7,0,58.0,0.0,HOLD,HOLD,False,NONE,HOLD,LLM_HOLD,0.0,,
3407,pressure,0,1,5,0,34.0,0.0,HOLD,HOLD,False,NONE,HOLD,LLM_HOLD,0.0,,
3408,pressure,0,2,3,0,15.0,0.0,HOLD,HOLD,False,NONE,HOLD,LLM_HOLD,0.0,,
3409,pressure,0,3,1,0,4.0,0.0,HOLD,HOLD,False,NONE,HOLD,LLM_HOLD,0.0,,
3410,pressure,0,4,1,2,1.0,2.0,HOLD,HOLD,False,NONE,HOLD,LLM_HOLD,0.0,,
3411,pressure,0,5,0,2,0.0,4.0,HOLD,HOLD,False,NONE,HOLD,LLM_HOLD,0.0,,
3412,pressure,0,6,0,2,0.0,6.0,HOLD,HOLD,False,NONE,HOLD,LLM_HOLD,0.0,,
3413,pressure,0,7,0,2,0.0,8.0,HOLD,HOLD,False,NONE,HOLD,LLM_HOLD,0.0,,
3414,pressure,0,8,0,2,0.0,10.0,HOLD,HOLD,False,NONE,HOLD,LLM_HOLD,0.0,,
3415,pressure,0,9,0,2,0.0,12.0,HOLD-REQUEST_EW,HOLD,False,NONE,HOLD,LLM_HOLD,0.0,,
3416,pressure,0,10,0,3,0.0,15.0,HOLD-REQUEST_EW,HOLD,False,NONE,HOLD,LLM_HOLD,0.0,,
3417,pressure,0,11,0,4,0.0,19.0,HOLD-REQUEST_EW,HOLD,False,NONE,HOLD,LLM_HOLD,0.0,,
3418,pressure,0,12,0,4,0.0,23.0,HOLD-REQUEST_EW,HOLD,False,NONE,HOLD,LLM_HOLD,0.0,,
3419,pressure,0,13,0,4,0.0,27.0,HOLD-REQUEST_EW,HOLD,False,NONE,HOLD,LLM_HOLD,0.0,,
3420,pressure,0,14,0,5,0.0,32.0,HOLD-REQUEST_EW,PRESSURE_DECISION,False,NONE,SWITCH,LLM_APPROVED,0.0,,
3421,pressure,1,0,0,6,0.0,38.0,HOLD,HOLD,False,NONE,HOLD,TRANSITION_IN_PROGRESS,0.0,,
3422,pressure,1,1,0,6,0.0,44.0,HOLD,HOLD,False,NONE,HOLD,TRANSITION_IN_PROGRESS,0.0,,
3423,pressure,1,2,0,6,0.0,50.0,HOLD,HOLD,False,NONE,HOLD,TRANSITION_IN_PROGRESS,0.0,,
3424,pressure,2,0,1,6,1.0,56.0,HOLD,HOLD,False,NONE,HOLD,TRANSITION_IN_PROGRESS,0.0,,
3425,pressure,2,1,2,6,3.0,62.0,HOLD,HOLD,False,NONE,HOLD,TRANSITION_IN_PROGRESS,0.0,,
3426,pressure,3,0,2,4,5.0,34.0,HOLD,HOLD,False,NONE,HOLD,LLM_HOLD,0.0,,
3427,pressure,3,1,2,4,7.0,17.0,HOLD,HOLD,False,NONE,HOLD,LLM_HOLD,0.0,,
3428,pressure,3,2,2,2,9.0,4.0,HOLD,HOLD,False,NONE,HOLD,LLM_HOLD,0.0,,
3429,pressure,3,3,2,0,11.0,0.0,HOLD,HOLD,False,NONE,HOLD,LLM_HOLD,0.0,,
3430,pressure,3,4,2,0,13.0,0.0,HOLD,HOLD,False,NONE,HOLD,LLM_HOLD,0.0,,
3431,pressure,3,5,4,0,17.0,0.0,HOLD,HOLD,False,NONE,HOLD,LLM_HOLD,0.0,,
3432,pressure,3,6,4,0,21.0,0.0,HOLD,HOLD,False,NONE,HOLD,LLM_HOLD,0.0,,
3433,pressure,3,7,4,0,25.0,0.0,HOLD,HOLD,False,NONE,HOLD,LLM_HOLD,0.0,,
3434,pressure,3,8,4,0,29.0,0.0,HOLD,HOLD,False,NONE,HOLD,LLM_HOLD,0.0,,
3435,pressure,3,9,4,0,33.0,0.0,HOLD-REQUEST_NS,HOLD,False,NONE,HOLD,LLM_HOLD,0.0,,
3436,pressure,3,10,5,0,38.0,0.0,HOLD-REQUEST_NS,HOLD,False,NONE,HOLD,LLM_HOLD,0.0,,
3437,pressure,3,11,6,0,44.0,0.0,HOLD-REQUEST_NS,HOLD,False,NONE,HOLD,LLM_HOLD,0.0,,
3438,pressure,3,12,6,0,50.0,0.0,HOLD-REQUEST_NS,HOLD,False,NONE,HOLD,LLM_HOLD,0.0,,
3439,pressure,3,13,6,0,56.0,0.0,HOLD-REQUEST_NS,HOLD,False,NONE,HOLD,LLM_HOLD,0.0,,
3440,pressure,3,14,6,0,62.0,0.0,HOLD-REQUEST_NS,PRESSURE_DECISION,False,NONE,SWITCH,LLM_APPROVED,0.0,,
3441,pressure,4,0,7,0,69.0,0.0,HOLD,HOLD,False,NONE,HOLD,TRANSITION_IN_PROGRESS,0.0,,
3442,pressure,4,1,8,0,77.0,0.0,HOLD,HOLD,False,NONE,HOLD,TRANSITION_IN_PROGRESS,0.0,,
3443,pressure,4,2,8,0,85.0,0.0,HOLD,HOLD,False,NONE,HOLD,TRANSITION_IN_PROGRESS,0.0,,
3444,pressure,5,0,8,0,93.0,0.0,HOLD,HOLD,False,NONE,HOLD,TRANSITION_IN_PROGRESS,0.0,,
3445,pressure,5,1,8,0,101.0,0.0,HOLD,HOLD,False,NONE,HOLD,TRANSITION_IN_PROGRESS,0.0,,
3446,pressure,0,0,6,0,64.0,0.0,HOLD,HOLD,False,NONE,HOLD,LLM_HOLD,0.0,,
3447,pressure,0,1,5,1,37.0,1.0,HOLD,HOLD,False,NONE,HOLD,LLM_HOLD,0.0,,
3448,pressure,0,2,3,2,17.0,3.0,HOLD,HOLD,False,NONE,HOLD,LLM_HOLD,0.0,,
3449,pressure,0,3,2,2,4.0,5.0,HOLD,HOLD,False,NONE,HOLD,LLM_HOLD,0.0,,
3450,pressure,0,4,0,2,0.0,7.0,HOLD,HOLD,False,NONE,HOLD,LLM_HOLD,0.0,,
3451,pressure,0,5,0,2,0.0,9.0,HOLD,HOLD,False,NONE,HOLD,LLM_HOLD,0.0,,
3452,pressure,0,6,0,2,0.0,11.0,HOLD,HOLD,False,NONE,HOLD,LLM_HOLD,0.0,,
3453,pressure,0,7,0,3,0.0,14.0,HOLD,HOLD,False,NONE,HOLD,LLM_HOLD,0.0,,
3454,pressure,0,8,0,4,0.0,18.0,HOLD,HOLD,False,NONE,HOLD,LLM_HOLD,0.0,,
3455,pressure,0,9,0,4,0.0,22.0,HOLD-REQUEST_EW,HOLD,False,NONE,HOLD,LLM_HOLD,0.0,,
3456,pressure,0,10,0,4,0.0,26.0,HOLD-REQUEST_EW,HOLD,False,NONE,HOLD,LLM_HOLD,0.0,,
3457,pressure,0,11,0,4,0.0,30.0,HOLD-REQUEST_EW,HOLD,False,NONE,HOLD,LLM_HOLD,0.0,,
3458,pressure,0,12,0,4,0.0,34.0,HOLD-REQUEST_EW,HOLD,False,NONE,HOLD,LLM_HOLD,0.0,,
3459,pressure,0,13,0,6,0.0,40.0,HOLD-REQUEST_EW,HOLD,False,NONE,HOLD,LLM_HOLD,0.0,,
3460,pressure,0,14,0,6,0.0,46.0,HOLD-REQUEST_EW,PRESSURE_DECISION,False,NONE,SWITCH,LLM_APPROVED,0.0,,
3461,pressure,1,0,0,6,0.0,52.0,HOLD,HOLD,False,NONE,HOLD,TRANSITION_IN_PROGRESS,0.0,,
3462,pressure,1,1,0,6,0.0,58.0,HOLD,HOLD,False,NONE,HOLD,TRANSITION_IN_PROGRESS,0.0,,
3463,pressure,1,2,0,6,0.0,64.0,HOLD,HOLD,False,NONE,HOLD,TRANSITION_IN_PROGRESS,0.0,,
3464,pressure,2,0,0,7,0.0,71.0,HOLD,HOLD,False,NONE,HOLD,TRANSITION_IN_PROGRESS,0.0,,
3465,pressure,2,1,0,7,0.0,78.0,HOLD,HOLD,False,NONE,HOLD,TRANSITION_IN_PROGRESS,0.0,,
3466,pressure,3,0,0,6,0.0,47.0,HOLD,HOLD,False,NONE,HOLD,LLM_HOLD,0.0,,
3467,pressure,3,1,1,4,1.0,24.0,HOLD,HOLD,False,NONE,HOLD,LLM_HOLD,0.0,,
3468,pressure,3,2,1,2,2.0,8.0,HOLD,HOLD,False,NONE,HOLD,LLM_HOLD,0.0,,
3469,pressure,3,3,1,0,3.0,0.0,HOLD,HOLD,False,NONE,HOLD,LLM_HOLD,0.0,,
3470,pressure,3,4,2,0,5.0,0.0,HOLD,HOLD,False,NONE,HOLD,LLM_HOLD,0.0,,
3471,pressure,3,5,2,0,7.0,0.0,HOLD,HOLD,False,NONE,HOLD,LLM_HOLD,0.0,,
3472,pressure,3,6,2,0,9.0,0.0,HOLD,HOLD,False,NONE,HOLD,LLM_HOLD,0.0,,
3473,pressure,3,7,3,0,12.0,0.0,HOLD,HOLD,False,NONE,HOLD,LLM_HOLD,0.0,,
3474,pressure,3,8,4,0,16.0,0.0,HOLD,HOLD,False,NONE,HOLD,LLM_HOLD,0.0,,
3475,pressure,3,9,4,0,20.0,0.0,HOLD-REQUEST_NS,HOLD,False,NONE,HOLD,LLM_HOLD,0.0,,
3476,pressure,3,10,4,0,24.0,0.0,HOLD-REQUEST_NS,HOLD,False,NONE,HOLD,LLM_HOLD,0.0,,
3477,pressure,3,11,4,0,28.0,0.0,HOLD-REQUEST_NS,HOLD,False,NONE,HOLD,LLM_HOLD,0.0,,
3478,pressure,3,12,4,0,32.0,0.0,HOLD-REQUEST_NS,HOLD,False,NONE,HOLD,LLM_HOLD,0.0,,
3479,pressure,3,13,5,0,37.0,0.0,HOLD-REQUEST_NS,HOLD,False,NONE,HOLD,LLM_HOLD,0.0,,
3480,pressure,3,14,6,0,43.0,0.0,HOLD-REQUEST_NS,PRESSURE_DECISION,False,NONE,SWITCH,LLM_APPROVED,0.0,,
3481,pressure,4,0,6,0,49.0,0.0,HOLD,HOLD,False,NONE,HOLD,TRANSITION_IN_PROGRESS,0.0,,
3482,pressure,4,1,6,0,55.0,0.0,HOLD,HOLD,False,NONE,HOLD,TRANSITION_IN_PROGRESS,0.0,,
3483,pressure,4,2,6,0,61.0,0.0,HOLD,HOLD,False,NONE,HOLD,TRANSITION_IN_PROGRESS,0.0,,
3484,pressure,5,0,6,0,67.0,0.0,HOLD,HOLD,False,NONE,HOLD,TRANSITION_IN_PROGRESS,0.0,,
3485,pressure,5,1,8,1,75.0,1.0,HOLD,HOLD,False,NONE,HOLD,TRANSITION_IN_PROGRESS,0.0,,
3486,pressure,0,0,6,2,46.0,3.0,HOLD,HOLD,False,NONE,HOLD,LLM_HOLD,0.0,,
3487,pressure,0,1,4,2,23.0,5.0,HOLD,HOLD,False,NONE,HOLD,LLM_HOLD,0.0,,
3488,pressure,0,2,2,2,8.0,7.0,HOLD,HOLD,False,NONE,HOLD,LLM_HOLD,0.0,,
3489,pressure,0,3,0,2,0.0,9.0,HOLD,HOLD,False,NONE,HOLD,LLM_HOLD,0.0,,
3490,pressure,0,4,0,2,0.0,11.0,HOLD,HOLD,False,NONE,HOLD,LLM_HOLD,0.0,,
3491,pressure,0,5,0,3,0.0,14.0,HOLD,HOLD,False,NONE,HOLD,LLM_HOLD,0.0,,
3492,pressure,0,6,0,3,0.0,17.0,HOLD,HOLD,False,NONE,HOLD,LLM_HOLD,0.0,,
3493,pressure,0,7,0,4,0.0,21.0,HOLD,HOLD,False,NONE,HOLD,LLM_HOLD,0.0,,
3494,pressure,0,8,0,4,0.0,25.0,HOLD,HOLD,False,NONE,HOLD,LLM_HOLD,0.0,,
3495,pressure,0,9,0,4,0.0,29.0,HOLD-REQUEST_EW,HOLD,False,NONE,HOLD,LLM_HOLD,0.0,,
3496,pressure,0,10,0,5,0.0,34.0,HOLD-REQUEST_EW,HOLD,False,NONE,HOLD,LLM_HOLD,0.0,,
3497,pressure,0,11,0,5,0.0,39.0,HOLD-REQUEST_EW,HOLD,False,NONE,HOLD,LLM_HOLD,0.0,,
3498,pressure,0,12,0,6,0.0,45.0,HOLD-REQUEST_EW,HOLD,False,NONE,HOLD,LLM_HOLD,0.0,,
3499,pressure,0,13,0,6,0.0,51.0,HOLD-REQUEST_EW,HOLD,False,NONE,HOLD,LLM_HOLD,0.0,,
3500,pressure,0,14,0,6,0.0,57.0,HOLD-REQUEST_EW,PRESSURE_DECISION,False,NONE,SWITCH,LLM_APPROVED,0.0,,
3501,pressure,1,0,0,6,0.0,63.0,HOLD,HOLD,False,NONE,HOLD,TRANSITION_IN_PROGRESS,0.0,,
3502,pressure,1,1,0,7,0.0,70.0,HOLD,HOLD,False,NONE,HOLD,TRANSITION_IN_PROGRESS,0.0,,
3503,pressure,1,2,0,7,0.0,77.0,HOLD,HOLD,False,NONE,HOLD,TRANSITION_IN_PROGRESS,0.0,,
3504,pressure,2,0,0,8,0.0,85.0,HOLD,HOLD,False,NONE,HOLD,TRANSITION_IN_PROGRESS,0.0,,
3505,pressure,2,1,0,8,0.0,93.0,HOLD,HOLD,False,NONE,HOLD,TRANSITION_IN_PROGRESS,0.0,,
3506,pressure,3,0,0,6,0.0,58.0,HOLD,HOLD,False,NONE,HOLD,LLM_HOLD,0.0,,
3507,pressure,3,1,0,4,0.0,32.0,HOLD,HOLD,False,NONE,HOLD,LLM_HOLD,0.0,,
3508,pressure,3,2,1,2,1.0,12.0,HOLD,HOLD,False,NONE,HOLD,LLM_HOLD,0.0,,
3509,pressure,3,3,1,1,2.0,1.0,HOLD,HOLD,False,NONE,HOLD,LLM_HOLD,0.0,,
3510,pressure,3,4,2,0,4.0,0.0,HOLD,HOLD,False,NONE,HOLD,LLM_HOLD,0.0,,
3511,pressure,3,5,2,0,6.0,0.0,HOLD,HOLD,False,NONE,HOLD,LLM_HOLD,0.0,,
3512,pressure,3,6,2,0,8.0,0.0,HOLD,HOLD,False,NONE,HOLD,LLM_HOLD,0.0,,
3513,pressure,3,7,2,0,10.0,0.0,HOLD,HOLD,False,NONE,HOLD,LLM_HOLD,0.0,,
3514,pressure,3,8,3,0,13.0,0.0,HOLD,HOLD,False,NONE,HOLD,LLM_HOLD,0.0,,
3515,pressure,3,9,3,0,16.0,0.0,HOLD-REQUEST_NS,HOLD,False,NONE,HOLD,LLM_HOLD,0.0,,
3516,pressure,3,10,4,0,20.0,0.0,HOLD-REQUEST_NS,HOLD,False,NONE,HOLD,LLM_HOLD,0.0,,
3517,pressure,3,11,4,0,24.0,0.0,HOLD-REQUEST_NS,HOLD,False,NONE,HOLD,LLM_HOLD,0.0,,
3518,pressure,3,12,4,0,28.0,0.0,HOLD-REQUEST_NS,HOLD,False,NONE,HOLD,LLM_HOLD,0.0,,
3519,pressure,3,13,4,0,32.0,0.0,HOLD-REQUEST_NS,HOLD,False,NONE,HOLD,LLM_HOLD,0.0,,
3520,pressure,3,14,5,0,37.0,0.0,HOLD-REQUEST_NS,PRESSURE_DECISION,False,NONE,SWITCH,LLM_APPROVED,0.0,,
3521,pressure,4,0,6,0,43.0,0.0,HOLD,HOLD,False,NONE,HOLD,TRANSITION_IN_PROGRESS,0.0,,
3522,pressure,4,1,6,0,49.0,0.0,HOLD,HOLD,False,NONE,HOLD,TRANSITION_IN_PROGRESS,0.0,,
3523,pressure,4,2,6,0,55.0,0.0,HOLD,HOLD,False,NONE,HOLD,TRANSITION_IN_PROGRESS,0.0,,
3524,pressure,5,0,6,0,61.0,0.0,HOLD,HOLD,False,NONE,HOLD,TRANSITION_IN_PROGRESS,0.0,,
3525,pressure,5,1,6,0,67.0,0.0,HOLD,HOLD,False,NONE,HOLD,TRANSITION_IN_PROGRESS,0.0,,
3526,pressure,0,0,6,0,39.0,0.0,HOLD,HOLD,False,NONE,HOLD,LLM_HOLD,0.0,,
3527,pressure,0,1,4,0,19.0,0.0,HOLD,HOLD,False,NONE,HOLD,LLM_HOLD,0.0,,
3528,pressure,0,2,2,0,6.0,0.0,HOLD,HOLD,False,NONE,HOLD,LLM_HOLD,0.0,,
3529,pressure,0,3,0,0,0.0,0.0,HOLD,HOLD,False,NONE,HOLD,LLM_HOLD,0.0,,
3530,pressure,0,4,0,1,0.0,1.0,HOLD,HOLD,False,NONE,HOLD,LLM_HOLD,0.0,,
3531,pressure,0,5,0,1,0.0,2.0,HOLD,HOLD,False,NONE,HOLD,LLM_HOLD,0.0,,
3532,pressure,0,6,0,2,0.0,4.0,HOLD,HOLD,False,NONE,HOLD,LLM_HOLD,0.0,,
3533,pressure,0,7,0,2,0.0,6.0,HOLD,HOLD,False,NONE,HOLD,LLM_HOLD,0.0,,
3534,pressure,0,8,0,2,0.0,8.0,HOLD,HOLD,False,NONE,HOLD,LLM_HOLD,0.0,,
3535,pressure,0,9,0,3,0.0,11.0,HOLD-REQUEST_EW,HOLD,False,NONE,HOLD,LLM_HOLD,0.0,,
3536,pressure,0,10,0,3,0.0,14.0,HOLD-REQUEST_EW,HOLD,False,NONE,HOLD,LLM_HOLD,0.0,,
3537,pressure,0,11,0,4,0.0,18.0,HOLD-REQUEST_EW,HOLD,False,NONE,HOLD,LLM_HOLD,0.0,,
3538,pressure,0,12,0,4,0.0,22.0,HOLD-REQUEST_EW,HOLD,False,NONE,HOLD,LLM_HOLD,0.0,,
3539,pressure,0,13,0,4,0.0,26.0,HOLD-REQUEST_EW,HOLD,False,NONE,HOLD,LLM_HOLD,0.0,,
3540,pressure,0,14,0,4,0.0,30.0,HOLD-REQUEST_EW,PRESSURE_DECISION,False,NONE,SWITCH,LLM_APPROVED,0.0,,
3541,pressure,1,0,0,4,0.0,34.0,HOLD,HOLD,False,NONE,HOLD,TRANSITION_IN_PROGRESS,0.0,,
3542,pressure,1,1,0,6,0.0,40.0,HOLD,HOLD,False,NONE,HOLD,TRANSITION_IN_PROGRESS,0.0,,
3543,pressure,1,2,0,6,0.0,46.0,HOLD,HOLD,False,NONE,HOLD,TRANSITION_IN_PROGRESS,0.0,,
3544,pressure,2,0,0,6,0.0,52.0,HOLD,HOLD,False,NONE,HOLD,TRANSITION_IN_PROGRESS,0.0,,
3545,pressure,2,1,1,6,1.0,58.0,HOLD,HOLD,False,NONE,HOLD,TRANSITION_IN_PROGRESS,0.0,,
3546,pressure,3,0,2,5,3.0,33.0,HOLD,HOLD,False,NONE,HOLD,LLM_HOLD,0.0,,
3547,pressure,3,1,2,3,5.0,14.0,HOLD,HOLD,False,NONE,HOLD,LLM_HOLD,0.0,,
3548,pressure,3,2,2,2,7.0,4.0,HOLD,HOLD,False,NONE,HOLD,LLM_HOLD,0.0,,
3549,pressure,3,3,2,0,9.0,0.0,HOLD,HOLD,False,NONE,HOLD,LLM_HOLD,0.0,,
3550,pressure,3,4,2,0,11.0,0.0,HOLD,HOLD,False,NONE,HOLD,LLM_HOLD,0.0,,
3551,pressure,3,5,3,0,14.0,0.0,HOLD,HOLD,False,NONE,HOLD,LLM_HOLD,0.0,,
3552,pressure,3,6,3,0,17.0,0.0,HOLD,HOLD,False,NONE,HOLD,LLM_HOLD,0.0,,
3553,pressure,3,7,4,0,21.0,0.0,HOLD,HOLD,False,NONE,HOLD,LLM_HOLD,0.0,,
3554,pressure,3,8,4,0,25.0,0.0,HOLD,HOLD,False,NONE,HOLD,LLM_HOLD,0.0,,
3555,pressure,3,9,4,0,29.0,0.0,HOLD-REQUEST_NS,HOLD,False,NONE,HOLD,LLM_HOLD,0.0,,
3556,pressure,3,10,5,0,34.0,0.0,HOLD-REQUEST_NS,HOLD,False,NONE,HOLD,LLM_HOLD,0.0,,
3557,pressure,3,11,5,0,39.0,0.0,HOLD-REQUEST_NS,HOLD,False,NONE,HOLD,LLM_HOLD,0.0,,
3558,pressure,3,12,6,0,45.0,0.0,HOLD-REQUEST_NS,HOLD,False,NONE,HOLD,LLM_HOLD,0.0,,
3559,pressure,3,13,6,0,51.0,0.0,HOLD-REQUEST_NS,HOLD,False,NONE,HOLD,LLM_HOLD,0.0,,
3560,pressure,3,14,6,0,57.0,0.0,HOLD-REQUEST_NS,PRESSURE_DECISION,False,NONE,SWITCH,LLM_APPROVED,0.0,,
3561,pressure,4,0,6,0,63.0,0.0,HOLD,HOLD,False,NONE,HOLD,TRANSITION_IN_PROGRESS,0.0,,
3562,pressure,4,1,6,0,69.0,0.0,HOLD,HOLD,False,NONE,HOLD,TRANSITION_IN_PROGRESS,0.0,,
3563,pressure,4,2,8,0,77.0,0.0,HOLD,HOLD,False,NONE,HOLD,TRANSITION_IN_PROGRESS,0.0,,
3564,pressure,5,0,8,0,85.0,0.0,HOLD,HOLD,False,NONE,HOLD,TRANSITION_IN_PROGRESS,0.0,,
3565,pressure,5,1,8,0,93.0,0.0,HOLD,HOLD,False,NONE,HOLD,TRANSITION_IN_PROGRESS,0.0,,
3566,pressure,0,0,6,0,58.0,0.0,HOLD,HOLD,False,NONE,HOLD,LLM_HOLD,0.0,,
3567,pressure,0,1,5,0,33.0,0.0,HOLD,HOLD,False,NONE,HOLD,LLM_HOLD,0.0,,
3568,pressure,0,2,4,1,15.0,1.0,HOLD,HOLD,False,NONE,HOLD,LLM_HOLD,0.0,,
3569,pressure,0,3,2,2,5.0,3.0,HOLD,HOLD,False,NONE,HOLD,LLM_HOLD,0.0,,
3570,pressure,0,4,0,2,0.0,5.0,HOLD,HOLD,False,NONE,HOLD,LLM_HOLD,0.0,,
3571,pressure,0,5,0,2,0.0,7.0,HOLD,HOLD,False,NONE,HOLD,LLM_HOLD,0.0,,
3572,pressure,0,6,0,2,0.0,9.0,HOLD,HOLD,False,NONE,HOLD,LLM_HOLD,0.0,,
3573,pressure,0,7,0,2,0.0,11.0,HOLD,HOLD,False,NONE,HOLD,LLM_HOLD,0.0,,
3574,pressure,0,8,0,3,0.0,14.0,HOLD,HOLD,False,NONE,HOLD,LLM_HOLD,0.0,,
3575,pressure,0,9,0,4,0.0,18.0,HOLD-REQUEST_EW,HOLD,False,NONE,HOLD,LLM_HOLD,0.0,,
3576,pressure,0,10,0,4,0.0,22.0,HOLD-REQUEST_EW,HOLD,False,NONE,HOLD,LLM_HOLD,0.0,,
3577,pressure,0,11,0,4,0.0,26.0,HOLD-REQUEST_EW,HOLD,False,NONE,HOLD,LLM_HOLD,0.0,,
3578,pressure,0,12,0,5,0.0,31.0,HOLD-REQUEST_EW,HOLD,False,NONE,HOLD,LLM_HOLD,0.0,,
3579,pressure,0,13,0,6,0.0,37.0,HOLD-REQUEST_EW,HOLD,False,NONE,HOLD,LLM_HOLD,0.0,,
3580,pressure,0,14,0,6,0.0,43.0,HOLD-REQUEST_EW,PRESSURE_DECISION,False,NONE,SWITCH,LLM_APPROVED,0.0,,
3581,pressure,1,0,0,6,0.0,49.0,HOLD,HOLD,False,NONE,HOLD,TRANSITION_IN_PROGRESS,0.0,,
3582,pressure,1,1,0,6,0.0,55.0,HOLD,HOLD,False,NONE,HOLD,TRANSITION_IN_PROGRESS,0.0,,
3583,pressure,1,2,0,6,0.0,61.0,HOLD,HOLD,False,NONE,HOLD,TRANSITION_IN_PROGRESS,0.0,,
3584,pressure,2,0,0,8,0.0,69.0,HOLD,HOLD,False,NONE,HOLD,TRANSITION_IN_PROGRESS,0.0,,
3585,pressure,2,1,0,8,0.0,77.0,HOLD,HOLD,False,NONE,HOLD,TRANSITION_IN_PROGRESS,0.0,,
3586,pressure,3,0,0,6,0.0,48.0,HOLD,HOLD,False,NONE,HOLD,LLM_HOLD,0.0,,
3587,pressure,3,1,2,4,2.0,27.0,HOLD,HOLD,False,NONE,HOLD,LLM_HOLD,0.0,,
3588,pressure,3,2,2,2,4.0,10.0,HOLD,HOLD,False,NONE,HOLD,LLM_HOLD,0.0,,
3589,pressure,3,3,2,0,6.0,0.0,HOLD,HOLD,False,NONE,HOLD,LLM_HOLD,0.0,,
3590,pressure,3,4,2,0,8.0,0.0,HOLD,HOLD,False,NONE,HOLD,LLM_HOLD,0.0,,
3591,pressure,3,5,2,0,10.0,0.0,HOLD,HOLD,False,NONE,HOLD,LLM_HOLD,0.0,,
3592,pressure,3,6,3,0,13.0,0.0,HOLD,HOLD,False,NONE,HOLD,LLM_HOLD,0.0,,
3593,pressure,3,7,3,0,16.0,0.0,HOLD,HOLD,False,NONE,HOLD,LLM_HOLD,0.0,,
3594,pressure,3,8,4,0,20.0,0.0,HOLD,HOLD,False,NONE,HOLD,LLM_HOLD,0.0,,
3595,pressure,3,9,4,0,24.0,0.0,HOLD-REQUEST_NS,HOLD,False,NONE,HOLD,LLM_HOLD,0.0,,
3596,pressure,3,10,4,0,28.0,0.0,HOLD-REQUEST_NS,HOLD,False,NONE,HOLD,LLM_HOLD,0.0,,
3597,pressure,3,11,5,0,33.0,0.0,HOLD-REQUEST_NS,HOLD,False,NONE,HOLD,LLM_HOLD,0.0,,
3598,pressure,3,12,6,0,39.0,0.0,HOLD-REQUEST_NS,HOLD,False,NONE,HOLD,LLM_HOLD,0.0,,
3599,pressure,3,13,6,0,45.0,0.0,HOLD-REQUEST_NS,HOLD,False,NONE,HOLD,LLM_HOLD,0.0,,
3600,pressure,3,14,6,0,51.0,0.0,HOLD-REQUEST_NS,PRESSURE_DECISION,False,NONE,SWITCH,LLM_APPROVED,0.0,,
